sample_id,output_power_w,input_power_w,copper_loss_w,iron_loss_w,mechanical_loss_w,total_loss_w,thermal_resistance_k_per_w,thermal_time_constant_s,steady_state_temp_c,temperature_margin_c,is_overheated,mission_segment
1,3166.414,3583.394,7.952,33.514,222.023,347.909,0.130726,294.437,46.548,27.869,0,climb
2,4114.224,4637.064,22.247,33.143,210.378,407.157,0.134298,294.708,57.0,27.724,0,climb
3,3925.832,4474.959,21.282,36.288,210.41,422.611,0.134669,296.904,58.653,28.015,0,climb
4,4125.817,4739.837,5.953,38.062,210.476,452.232,0.134902,297.563,64.125,26.416,0,climb
5,4640.593,5205.628,17.27,42.389,221.383,437.238,0.131779,301.394,59.46,24.555,0,climb
6,4463.392,4958.571,15.979,39.858,219.53,396.263,0.132016,298.244,54.26,22.935,0,climb
7,4762.706,5407.034,7.8,45.407,211.595,473.542,0.135309,300.782,63.436,25.093,0,climb
8,5498.057,6290.083,24.93,49.966,219.038,567.885,0.133235,299.708,75.579,22.897,0,climb
9,4818.119,5421.687,32.011,49.412,215.141,465.416,0.1347,299.784,65.073,22.526,0,climb
10,5062.956,5723.319,34.682,44.053,208.462,492.438,0.136227,303.163,67.841,21.775,0,climb
11,4621.079,5316.787,7.565,40.516,213.624,500.407,0.134032,302.869,69.518,21.479,0,climb
12,5350.499,5865.494,35.743,49.234,220.048,420.508,0.132861,303.676,54.696,22.629,0,climb
13,4842.624,5377.254,7.818,44.059,209.292,411.572,0.135993,303.399,56.959,22.425,0,climb
14,4677.856,5292.873,17.791,40.303,213.149,460.319,0.134189,300.194,65.102,21.332,0,climb
15,4810.301,5523.986,8.182,42.084,213.011,511.002,0.134417,304.669,67.213,21.831,0,climb
16,4898.714,5458.123,19.488,40.776,215.091,431.585,0.133541,302.757,57.648,22.662,0,climb
17,5714.841,6260.152,24.973,50.167,219.36,432.446,0.133217,303.053,56.78,21.419,0,climb
18,5169.373,5742.24,34.955,45.467,213.073,447.15,0.134813,301.479,58.763,19.76,0,climb
19,4795.855,5472.813,19.252,45.368,220.517,500.638,0.132336,304.6,63.286,20.411,0,climb
20,5038.034,5683.168,20.777,43.925,219.057,482.515,0.132578,300.564,62.251,19.139,0,climb
21,4343.533,4879.494,24.833,41.129,214.807,421.125,0.133734,303.063,56.436,21.488,0,climb
22,5148.082,5702.158,35.845,44.884,214.682,437.677,0.134184,301.394,60.05,20.301,0,climb
23,3982.907,4306.479,5.046,37.709,209.591,291.521,0.135174,308.867,38.946,18.161,0,climb
24,5454.149,6003.06,38.574,51.018,208.968,436.253,0.136879,308.514,58.542,19.112,0,climb
25,4559.137,5078.218,28.159,43.477,201.456,408.386,0.138729,302.859,57.226,18.466,0,climb
26,3970.199,4536.733,13.19,37.579,203.031,425.804,0.137398,308.229,57.221,18.848,0,climb
27,3790.815,4172.149,11.275,36.285,198.208,320.33,0.139119,301.909,44.049,19.65,0,climb
28,4928.129,5558.425,19.845,39.926,214.7,470.175,0.133631,306.538,61.637,18.469,0,climb
29,4732.593,5254.484,7.484,46.699,205.843,404.052,0.137629,306.352,55.461,18.191,0,climb
30,2683.286,3016.54,5.953,24.768,205.489,289.584,0.135021,305.698,37.23,18.328,0,climb
31,3727.757,4222.558,19.667,36.531,198.259,386.646,0.139118,307.037,53.285,19.136,0,climb
32,3330.34,3716.755,3.713,32.764,209.612,323.268,0.134682,305.28,42.384,20.559,0,climb
33,3745.178,4276.601,19.921,36.83,198.89,407.321,0.138907,307.826,55.206,19.458,0,climb
34,3509.363,4004.662,10.377,36.006,207.553,386.686,0.135675,304.909,51.573,19.347,0,climb
35,3235.839,3706.7,14.939,33.844,210.374,375.595,0.134548,304.867,49.278,19.987,0,climb
36,3060.149,3577.832,8.187,28.992,211.41,396.591,0.133633,304.171,52.188,20.118,0,climb
37,3283.814,3761.853,15.561,31.364,209.362,378.251,0.134521,307.421,48.976,18.497,0,climb
38,2815.518,3354.915,3.03,26.137,214.241,406.202,0.132446,303.571,52.2,20.03,0,climb
39,3287.9,3771.459,3.899,33.22,209.524,376.947,0.134789,306.381,50.102,19.169,0,climb
40,3018.922,3392.83,7.394,28.022,202.123,312.542,0.13665,304.429,43.117,18.365,0,climb
41,3036.274,3593.008,8.513,32.624,213.61,420.84,0.133333,305.224,56.069,18.201,0,climb
42,2911.816,3340.285,3.06,25.57,209.671,342.894,0.133821,305.187,45.09,19.294,0,climb
43,2839.874,3204.221,2.811,29.352,208.452,308.668,0.134726,302.013,41.486,17.202,0,climb
44,2590.862,3072.363,6.22,25.265,199.43,368.737,0.13727,307.901,49.94,20.953,0,climb
45,2349.786,2600.84,4.342,22.891,213.153,246.254,0.132476,300.065,33.98,19.469,0,climb
46,2569.891,2948.431,5.627,26.85,194.75,310.449,0.139283,306.818,41.022,19.036,0,climb
47,2547.98,2961.57,2.369,25.929,205.319,332.602,0.135422,304.202,43.846,20.654,0,climb
48,2534.048,2877.985,5.183,23.675,216.84,299.729,0.131328,297.979,39.671,19.334,0,climb
49,3550.68,4054.709,17.904,31.73,208.267,393.271,0.134942,301.049,54.643,18.77,0,climb
50,3387.656,3770.56,3.871,32.218,214.551,323.385,0.132969,296.319,44.587,19.7,0,climb
51,2972.598,3351.324,3.069,27.811,214.143,318.56,0.132686,298.972,44.178,19.721,0,climb
52,3200.972,3673.768,14.845,31.82,210.669,375.838,0.13429,301.316,51.758,18.427,0,climb
53,3183.892,3593.242,8.316,30.21,219.563,341.282,0.131155,298.779,44.74,18.31,0,climb
54,2914.95,3291.912,7.031,28.777,202.001,314.343,0.136758,299.684,43.727,18.666,0,climb
55,3487.103,3990.449,10.21,30.234,215.548,392.037,0.132475,298.949,53.499,19.94,0,climb
56,2972.291,3414.158,7.509,30.079,210.398,354.621,0.134118,298.994,46.861,19.789,0,climb
57,3165.219,3574.03,14.015,32.465,220.166,344.837,0.131249,297.159,48.646,19.986,0,climb
58,3422.152,3852.694,15.612,31.355,211.942,353.308,0.13376,296.723,48.234,18.077,0,climb
59,3082.496,3432.989,7.777,29.546,217.742,307.551,0.131608,298.65,42.002,18.642,0,climb
60,3674.997,4031.58,4.425,35.418,215.621,311.08,0.132873,299.601,43.926,19.084,0,climb
61,3727.576,4265.333,11.817,34.823,222.33,416.803,0.130705,294.221,55.603,19.597,0,climb
62,3382.897,3847.175,15.482,35.044,211.703,373.356,0.13428,297.586,50.274,18.192,0,climb
63,3770.21,4342.33,12.258,35.862,205.026,428.582,0.136526,297.461,61.835,15.187,0,climb
64,4478.266,4954.711,6.739,38.692,218.697,380.903,0.132174,295.372,52.262,16.086,0,climb
65,3445.937,3915.881,16.603,31.837,214.539,376.81,0.132843,293.641,54.717,17.773,0,climb
66,4080.141,4634.96,23.185,36.425,220.373,431.142,0.131527,291.72,60.173,16.631,0,climb
67,4668.35,4999.979,6.837,42.232,217.322,302.273,0.133062,289.127,46.401,17.932,0,climb
68,4589.276,5150.508,17.401,39.285,221.423,433.827,0.131432,293.712,58.978,17.992,0,climb
69,4400.91,4842.843,6.333,41.983,224.047,365.627,0.130886,292.604,50.853,16.192,0,climb
70,4658.636,5251.132,30.553,42.916,213.728,455.112,0.134357,294.43,62.091,15.785,0,climb
71,5330.456,5908.019,38.447,45.241,222.302,455.355,0.131713,288.155,63.757,17.454,0,climb
72,4506.028,4926.718,16.048,41.017,212.34,352.612,0.13453,290.756,51.333,17.147,0,climb
73,4205.336,4714.353,24.552,38.761,225.023,409.711,0.130219,292.607,56.77,16.202,0,climb
74,4669.486,5130.189,28.221,41.976,221.956,384.855,0.131477,289.523,53.918,17.29,0,climb
75,5107.874,5694.116,21.17,47.49,224.071,454.163,0.131496,290.399,64.951,15.94,0,climb
76,5136.184,5678.277,35.561,46.655,222.412,435.234,0.131862,293.432,61.905,16.763,0,climb
77,4051.976,4546.936,13.136,37.274,217.666,392.862,0.132319,289.291,54.594,16.605,0,climb
78,5269.685,5937.369,38.42,48.409,219.328,504.997,0.133088,290.345,70.387,17.086,0,climb
79,5523.432,6197.028,10.725,46.547,231.425,500.391,0.129012,286.963,69.55,17.691,0,climb
80,5038.942,5580.657,8.632,43.885,221.029,421.039,0.131969,286.867,62.621,15.525,0,climb
81,5424.383,6111.79,41.003,47.47,223.532,518.476,0.131665,286.425,71.769,14.662,0,climb
82,3179.63,3641.961,3.646,32.393,229.048,373.572,0.128418,287.264,53.534,13.261,0,climb
83,5613.861,6349.839,43.668,50.432,227.641,549.572,0.130671,288.448,76.087,13.719,0,climb
84,4973.398,5626.243,20.766,45.233,233.574,493.873,0.12833,285.998,65.301,14.886,0,climb
85,4396.648,4907.56,26.573,39.611,224.77,411.931,0.130398,286.25,60.345,12.715,0,climb
86,3753.494,4202.474,11.577,40.163,231.221,374.272,0.128609,287.025,52.767,14.301,0,climb
87,4164.951,4686.432,24.864,36.958,214.973,411.372,0.133192,286.759,60.446,14.213,0,climb
88,3579.486,4073.158,10.897,33.327,221.021,390.88,0.131051,285.813,54.716,14.935,0,climb
89,3605.537,4030.778,10.678,32.817,223.214,353.901,0.130174,285.644,52.621,13.709,0,climb
90,3516.79,3854.383,9.738,34.929,214.783,302.428,0.133163,289.392,43.579,12.695,0,climb
91,3652.237,4220.54,4.956,35.189,220.066,429.662,0.131485,288.361,61.471,12.649,0,climb
92,2720.662,3141.17,6.523,29.423,225.614,348.981,0.129267,284.868,49.367,14.862,0,climb
93,4851.531,5475.161,19.257,45.594,224.653,473.273,0.131217,286.957,68.558,13.165,0,climb
94,3857.402,4581.76,5.818,34.059,222.72,516.566,0.130573,287.718,69.889,13.954,0,climb
95,3135.679,3708.258,3.833,28.618,217.483,427.389,0.131541,286.388,60.447,12.573,0,climb
96,3627.529,3986.653,4.417,34.775,227.862,317.692,0.129017,284.999,45.826,13.361,0,climb
97,3098.826,3513.467,3.435,30.483,212.39,338.891,0.133493,288.055,50.336,12.052,0,climb
98,2846.689,3318.592,7.247,25.972,219.798,373.404,0.130635,287.115,52.708,12.203,0,climb
99,3039.48,3336.709,7.445,30.874,219.064,279.298,0.131441,284.198,42.116,14.03,0,climb
100,2557.978,2831.185,5.273,24.233,214.836,260.217,0.131975,290.442,37.938,14.047,0,climb
101,2518.022,2905.313,5.599,25.935,224.154,328.07,0.129392,285.156,45.265,16.125,0,climb
102,3293.157,3527.676,3.434,33.006,220.129,244.441,0.131301,285.888,36.575,15.049,0,climb
103,2619.565,2849.351,2.231,23.95,215.728,235.242,0.131686,286.359,36.978,13.839,0,climb
104,2636.405,2970.003,9.745,26.641,217.568,297.758,0.13146,285.596,46.168,13.675,0,climb
105,3274.332,3739.53,9.389,31.261,222.949,374.479,0.130315,290.75,49.77,14.558,0,climb
106,2951.589,3373.636,12.609,31.706,232.151,356.536,0.127657,288.555,47.418,15.455,0,climb
107,2222.292,2459.412,4.004,22.206,211.961,237.594,0.132776,288.919,36.928,14.414,0,climb
108,3193.838,3666.817,8.768,30.147,215.972,374.838,0.132279,289.605,54.766,14.804,0,climb
109,3012.128,3344.439,7.261,30.366,215.799,296.813,0.132315,286.638,44.377,16.586,0,climb
110,3237.775,3607.772,3.604,35.971,221.613,321.033,0.131139,291.549,46.728,13.0,0,climb
111,2439.732,2762.826,8.524,25.761,214.225,289.531,0.132403,289.183,41.535,13.688,0,climb
112,3168.582,3553.863,8.214,29.277,213.881,325.022,0.132835,291.65,48.157,14.003,0,climb
113,3573.936,4051.839,10.977,34.329,214.53,379.773,0.133183,293.869,53.567,14.949,0,climb
114,3379.56,3823.658,15.856,32.225,220.021,364.899,0.131204,293.15,49.921,16.942,0,climb
115,3202.216,3616.536,3.611,30.989,200.581,333.707,0.137641,291.307,47.798,13.76,0,climb
116,2904.865,3278.807,11.804,26.713,211.531,318.19,0.133327,293.44,46.013,16.626,0,climb
117,3053.105,3337.416,12.298,31.528,223.82,276.811,0.129964,294.638,38.041,14.521,0,climb
118,3643.843,4036.036,10.783,35.714,220.488,335.849,0.131373,296.208,43.99,15.738,0,climb
119,4268.232,4875.705,15.8,37.556,219.536,456.912,0.131865,296.26,63.671,13.572,0,climb
120,3722.283,4330.722,12.17,33.343,215.021,451.882,0.132862,295.321,61.201,15.362,0,climb
121,6451.823,7015.865,29.666,51.08,172.754,424.298,0.151553,389.23,43.461,35.243,0,cruise_low
122,7244.924,8081.655,39.216,62.0,176.408,585.133,0.151837,387.286,67.777,37.532,0,cruise_low
123,6703.122,7451.506,33.902,57.307,181.671,534.407,0.14849,382.382,58.839,35.907,0,cruise_low
124,7261.665,7932.196,16.221,60.043,180.747,484.447,0.149342,391.725,51.892,33.657,0,cruise_low
125,7035.181,7754.943,36.654,59.879,179.58,520.12,0.149936,393.778,58.028,34.198,0,cruise_low
126,6610.376,7292.083,54.144,54.246,178.834,504.19,0.149293,389.518,55.704,33.308,0,cruise_low
127,6652.456,7241.963,53.971,55.568,183.224,455.972,0.147495,393.287,45.33,31.939,0,cruise_low
128,7707.522,8342.921,18.084,65.961,186.631,471.274,0.14767,399.507,48.834,32.477,0,cruise_low
129,6575.444,7159.818,31.486,57.308,174.302,439.799,0.152131,391.404,46.15,34.073,0,cruise_low
130,6514.99,7231.444,55.159,57.474,174.554,523.284,0.152123,394.998,56.817,33.635,0,cruise_low
131,6824.148,7555.773,14.75,56.611,180.042,515.525,0.149203,394.955,54.629,32.96,0,cruise_low
132,7240.923,7947.379,39.125,61.87,184.957,517.229,0.1478,395.749,53.957,33.455,0,cruise_low
133,5953.65,6593.022,44.424,54.761,167.301,471.573,0.155173,399.698,52.458,32.853,0,cruise_low
134,6437.796,7126.821,52.651,53.914,178.73,507.347,0.14932,394.537,56.409,34.471,0,cruise_low
135,6043.325,6590.065,45.48,49.95,174.267,422.071,0.150766,398.29,40.875,30.622,0,cruise_low
136,6105.808,6825.703,49.748,52.295,165.682,516.419,0.155526,396.406,59.543,30.647,0,cruise_low
137,5480.926,5974.258,22.029,46.474,167.349,377.465,0.15374,394.155,35.64,30.309,0,cruise_low
138,6210.937,6847.793,12.211,56.02,171.02,457.934,0.153465,400.044,47.322,32.246,0,cruise_low
139,6300.216,7084.232,30.799,56.218,187.183,554.599,0.146124,401.588,57.933,31.386,0,cruise_low
140,6535.683,7168.595,31.715,53.351,167.464,461.74,0.154632,405.081,46.058,30.845,0,cruise_low
141,6166.635,6892.939,29.261,51.885,164.802,510.143,0.155981,397.751,58.741,30.383,0,cruise_low
142,5611.563,6274.139,10.24,49.663,171.802,468.684,0.152114,395.887,50.171,30.239,0,cruise_low
143,6715.487,7393.255,33.998,55.984,175.983,492.456,0.15107,397.291,51.048,29.883,0,cruise_low
144,5608.687,6218.964,40.946,48.676,177.403,455.813,0.149303,404.14,44.551,29.403,0,cruise_low
145,4932.278,5550.815,18.925,43.134,165.66,442.669,0.154116,403.076,46.495,27.997,0,cruise_low
146,4813.729,5281.109,17.508,42.574,170.153,360.665,0.15171,400.182,32.822,31.093,0,cruise_low
147,4205.617,4699.441,23.258,38.976,164.876,373.803,0.153737,399.701,34.571,30.084,0,cruise_low
148,5145.827,5845.597,8.958,48.166,173.602,488.7,0.150986,400.877,52.51,29.145,0,cruise_low
149,5166.107,5721.952,8.56,45.632,164.397,404.08,0.155216,405.147,39.802,29.849,0,cruise_low
150,5613.618,6132.144,9.793,49.881,174.669,390.644,0.150767,400.71,36.562,31.456,0,cruise_low
151,4518.98,5058.86,15.99,41.957,158.708,394.429,0.157373,403.224,39.024,30.299,0,cruise_low
152,4671.574,5267.815,28.487,40.342,175.898,438.06,0.148607,398.216,43.086,29.557,0,cruise_low
153,4636.978,5075.562,6.69,43.403,175.144,342.577,0.149517,402.249,27.3,29.252,0,cruise_low
154,3859.089,4368.807,11.808,35.649,163.744,375.386,0.15375,398.628,35.517,28.785,0,cruise_low
155,4569.913,5098.272,16.031,41.668,177.548,396.458,0.148202,399.245,35.928,29.883,0,cruise_low
156,3867.96,4301.748,11.579,34.861,175.744,338.566,0.147974,401.969,27.276,31.559,0,cruise_low
157,4201.483,4650.346,5.681,37.801,169.502,342.718,0.151358,399.349,28.482,31.895,0,cruise_low
158,4174.274,4709.32,5.787,38.212,168.824,390.046,0.151869,409.616,33.512,30.929,0,cruise_low
159,4224.165,4882.675,25.146,41.05,166.353,466.828,0.153533,400.661,48.145,29.804,0,cruise_low
160,3654.174,4200.88,10.907,34.592,167.141,396.376,0.152075,399.126,36.764,28.145,0,cruise_low
161,4537.204,5141.561,16.394,43.937,164.307,433.483,0.155022,402.74,44.961,27.709,0,cruise_low
162,4326.14,4901.818,15.09,37.745,178.669,420.8,0.147072,392.57,40.58,30.186,0,cruise_low
163,5569.221,6287.676,41.304,47.501,169.25,511.275,0.15311,400.626,54.608,28.899,0,cruise_low
164,5510.958,6154.971,39.405,48.594,175.747,472.893,0.150047,396.525,48.759,30.04,0,cruise_low
165,4811.545,5577.292,19.383,42.962,165.513,523.697,0.154035,394.391,60.508,30.502,0,cruise_low
166,5455.58,6104.49,23.699,49.006,177.83,469.642,0.149057,396.247,48.338,29.944,0,cruise_low
167,4889.61,5595.602,8.283,45.423,173.311,490.454,0.150843,397.505,51.59,28.631,0,cruise_low
168,5863.492,6575.517,44.882,52.234,186.46,519.223,0.14584,389.118,56.366,27.52,0,cruise_low
169,5565.171,6212.994,39.942,49.859,163.3,470.198,0.156439,403.693,50.839,26.714,0,cruise_low
170,6589.912,7278.503,14.171,55.568,173.395,488.136,0.152263,396.069,52.846,28.255,0,cruise_low
171,6001.188,6473.243,11.054,53.411,172.154,366.109,0.152495,391.8,34.419,26.898,0,cruise_low
172,5167.423,5703.052,20.241,43.598,169.635,399.659,0.151983,395.443,35.428,29.331,0,cruise_low
173,5731.903,6368.554,43.275,49.043,166.418,466.59,0.154474,390.106,50.974,28.561,0,cruise_low
174,5447.246,6095.538,9.788,47.953,173.705,460.711,0.150859,397.788,47.323,27.858,0,cruise_low
175,5940.961,6404.207,25.985,49.267,178.281,368.875,0.148794,388.144,34.045,24.712,0,cruise_low
176,6507.906,7142.748,54.331,54.741,182.584,480.409,0.147765,391.76,52.362,26.539,0,cruise_low
177,6984.163,7784.668,38.142,61.093,181.109,566.433,0.149425,390.902,63.718,27.277,0,cruise_low
178,5747.218,6310.59,42.088,52.737,173.299,430.51,0.151753,389.828,43.699,28.357,0,cruise_low
179,5791.2,6373.784,42.81,53.717,176.655,443.353,0.150316,388.124,44.518,28.616,0,cruise_low
180,5698.755,6288.289,10.518,50.81,173.392,429.868,0.15149,388.191,45.419,26.889,0,cruise_low
181,7251.703,7849.293,38.906,60.975,192.488,460.24,0.14437,384.526,44.849,25.554,0,cruise_low
182,6071.929,6777.298,28.935,50.356,184.113,506.485,0.146253,386.434,53.404,24.516,0,cruise_low
183,6537.121,7030.702,13.125,50.95,179.788,381.209,0.148278,379.615,38.766,28.727,0,cruise_low
184,6473.991,7271.145,57.357,56.834,183.307,572.309,0.147744,388.673,62.774,25.318,0,cruise_low
185,6702.809,7425.352,34.853,59.204,167.495,515.097,0.155912,381.903,62.494,26.097,0,cruise_low
186,6545.233,7227.968,32.882,54.097,178.765,495.089,0.149298,383.282,53.898,26.094,0,cruise_low
187,7277.758,7975.691,40.179,59.599,168.352,504.522,0.155238,384.794,58.117,25.873,0,cruise_low
188,7314.003,8011.05,40.377,61.08,185.995,512.729,0.147101,383.072,56.57,25.124,0,cruise_low
189,7284.291,7927.745,40.82,59.726,180.741,480.479,0.149342,379.747,49.763,24.448,0,cruise_low
190,6646.023,7216.345,13.946,57.746,178.304,426.175,0.150165,380.982,44.59,22.765,0,cruise_low
191,6346.612,6787.043,12.254,53.524,176.265,351.157,0.150348,382.178,32.905,26.429,0,cruise_low
192,7322.406,7951.315,39.772,63.175,182.575,474.385,0.149044,378.369,53.651,24.45,0,cruise_low
193,7638.376,8336.271,73.896,66.159,183.631,529.501,0.149055,380.134,59.247,26.708,0,cruise_low
194,7231.996,8014.339,40.465,66.206,178.594,558.658,0.151446,381.037,64.841,24.91,0,cruise_low
195,5529.965,6146.834,10.148,50.308,181.062,447.961,0.147767,377.455,50.687,22.591,0,cruise_low
196,5117.365,5810.544,21.954,46.882,175.42,491.163,0.149826,381.586,52.969,23.443,0,cruise_low
197,6662.794,7278.727,33.539,58.397,190.065,465.663,0.145099,373.084,51.334,22.473,0,cruise_low
198,6333.629,6843.4,49.799,53.39,189.85,412.242,0.14447,379.445,41.942,25.042,0,cruise_low
199,5387.074,5961.636,9.382,47.437,181.402,423.209,0.147222,373.429,45.033,24.104,0,cruise_low
200,5090.958,5875.268,21.939,47.02,165.52,536.886,0.15477,374.984,64.466,23.686,0,cruise_low
201,6069.529,6775.46,47.696,54.312,187.805,518.678,0.145522,378.286,56.77,24.157,0,cruise_low
202,6036.044,6655.061,27.786,51.568,178.374,456.437,0.14924,375.223,48.781,23.561,0,cruise_low
203,5027.953,5616.436,20.144,40.439,181.34,432.531,0.14625,370.428,45.975,24.24,0,cruise_low
204,5370.044,5971.084,22.879,50.465,175.209,442.421,0.150663,370.558,51.095,24.758,0,cruise_low
205,5028.302,5644.441,20.521,45.699,172.621,446.355,0.151037,369.534,51.097,25.115,0,cruise_low
206,4049.267,4559.798,12.934,38.304,181.652,385.593,0.145895,371.244,40.115,21.352,0,cruise_low
207,5905.521,6455.261,11.248,50.073,182.084,411.89,0.147284,372.925,43.96,23.378,0,cruise_low
208,4541.698,5080.697,26.985,43.817,173.112,406.211,0.150662,372.382,44.313,23.441,0,cruise_low
209,4687.46,5207.754,7.289,44.422,179.564,390.236,0.147696,371.501,42.21,22.261,0,cruise_low
210,4802.48,5379.218,18.454,47.561,174.583,425.475,0.150597,372.325,47.171,22.877,0,cruise_low
211,4501.179,5157.663,7.102,39.829,174.22,460.584,0.14937,370.647,52.565,21.641,0,cruise_low
212,4264.848,4823.055,25.481,39.154,174.572,414.657,0.149294,372.643,45.703,23.631,0,cruise_low
213,4354.318,4822.483,6.222,39.953,179.829,359.193,0.146908,371.388,36.294,20.655,0,cruise_low
214,4337.607,4972.718,15.716,42.035,171.115,452.3,0.15131,377.196,48.029,23.597,0,cruise_low
215,5145.692,5699.152,20.819,43.738,183.479,416.02,0.145846,371.962,45.505,23.24,0,cruise_low
216,4709.573,5462.641,7.968,43.888,176.024,516.733,0.149171,374.799,60.223,22.116,0,cruise_low
217,4748.03,5274.408,30.257,41.272,177.629,401.629,0.148047,376.353,42.205,22.865,0,cruise_low
218,3875.581,4374.16,12.258,39.984,171.215,374.774,0.150971,373.142,39.767,22.807,0,cruise_low
219,4999.159,5692.935,20.503,40.739,178.678,489.541,0.14742,373.824,53.605,21.85,0,cruise_low
220,4188.781,4812.498,14.744,41.102,168.325,443.921,0.152493,372.943,51.08,22.521,0,cruise_low
221,4378.127,4921.45,6.471,44.215,181.932,403.506,0.146736,372.658,42.392,23.189,0,cruise_low
222,4655.053,5268.322,30.016,41.058,171.42,446.42,0.150965,377.121,51.488,22.841,0,cruise_low
223,4682.395,5364.432,30.596,42.198,173.713,486.049,0.150083,381.701,53.338,20.534,0,cruise_low
224,4505.374,5118.518,16.512,39.92,172.801,440.384,0.150035,375.22,47.193,21.615,0,cruise_low
225,5237.463,5895.858,22.56,48.465,182.478,476.194,0.147067,375.791,52.318,20.753,0,cruise_low
226,4837.695,5346.788,18.349,43.837,180.146,389.05,0.147356,375.371,39.899,20.304,0,cruise_low
227,4613.151,5309.296,7.628,41.592,170.875,481.922,0.151278,377.088,56.941,22.489,0,cruise_low
228,5059.758,5630.692,32.835,43.549,177.881,428.433,0.148121,381.605,44.089,22.109,0,cruise_low
229,4644.563,5142.819,17.021,42.985,188.258,385.76,0.143653,380.635,36.758,22.197,0,cruise_low
230,5631.153,6162.947,10.208,51.904,175.196,399.276,0.150816,380.156,42.539,21.472,0,cruise_low
231,6495.668,7155.79,56.209,58.395,178.682,495.046,0.150174,385.691,54.325,19.603,0,cruise_low
232,6348.693,7008.374,13.246,56.798,173.803,472.557,0.152351,385.681,52.596,23.006,0,cruise_low
233,5949.648,6549.006,27.366,52.719,178.77,446.132,0.149219,383.518,46.477,21.325,0,cruise_low
234,4928.309,5447.469,32.282,45.79,176.201,399.961,0.149249,381.919,42.888,22.115,0,cruise_low
235,5291.854,5795.887,8.94,44.183,175.506,380.101,0.149374,387.492,36.082,20.859,0,cruise_low
236,5831.959,6497.114,46.324,51.827,170.535,486.744,0.153062,388.647,54.342,21.2,0,cruise_low
237,6310.522,6982.888,31.463,55.475,184.937,492.144,0.146902,378.992,54.263,22.068,0,cruise_low
238,6430.56,6987.148,53.315,56.174,181.455,437.048,0.14842,381.217,46.025,20.249,0,cruise_low
239,5786.988,6321.861,25.817,54.481,179.991,411.31,0.148935,381.955,43.668,21.415,0,cruise_low
240,6530.765,7257.327,33.762,53.067,171.722,515.957,0.152553,387.584,58.573,20.792,0,cruise_low
241,9977.426,11253.521,33.469,80.147,149.18,820.11,0.170735,519.752,98.265,27.827,0,cruise_high
242,9578.329,10552.127,114.447,82.365,160.684,696.462,0.163963,514.271,74.269,26.962,0,cruise_high
243,8550.358,9420.773,93.514,72.538,157.501,624.327,0.163795,517.948,61.76,27.846,0,cruise_high
244,8052.081,8831.963,83.491,64.661,160.539,567.846,0.160295,531.497,50.704,27.838,0,cruise_high
245,9113.722,10068.375,26.97,72.085,152.618,638.312,0.166704,531.185,61.868,25.104,0,cruise_high
246,9626.232,10522.089,70.204,76.244,157.325,629.42,0.164748,525.63,61.137,26.882,0,cruise_high
247,8612.237,9498.607,56.126,74.289,150.247,613.801,0.168954,528.095,60.164,25.574,0,cruise_high
248,8701.354,9678.045,59.203,69.304,148.179,661.688,0.168978,535.318,67.18,24.634,0,cruise_high
249,9609.184,10669.576,70.685,74.898,155.757,718.818,0.165189,526.786,76.951,24.984,0,cruise_high
250,8909.888,9671.932,59.806,70.324,146.354,543.542,0.170464,533.776,50.137,22.688,0,cruise_high
251,8176.538,8796.675,48.41,66.415,145.972,458.434,0.169851,532.536,34.358,25.3,0,cruise_high
252,9129.809,9998.596,26.698,75.607,146.822,589.94,0.171464,532.855,60.186,24.836,0,cruise_high
253,7915.228,8723.975,48.641,63.276,151.831,563.498,0.165415,532.288,48.332,25.722,0,cruise_high
254,7065.118,8052.99,17.237,64.227,149.292,647.17,0.167439,534.41,63.262,25.029,0,cruise_high
255,6711.688,7270.804,33.401,59.573,144.859,414.539,0.169121,533.838,27.82,23.622,0,cruise_high
256,8379.634,9391.797,23.325,64.704,149.627,663.636,0.167086,533.43,69.492,23.9,0,cruise_high
257,8453.278,9434.97,23.483,71.731,152.012,651.182,0.167174,538.406,64.59,26.076,0,cruise_high
258,8070.641,8959.49,51.904,65.229,142.629,605.76,0.172095,538.115,61.113,23.209,0,cruise_high
259,5839.893,6506.914,45.624,51.895,144.99,475.991,0.167484,538.012,36.201,25.97,0,cruise_high
260,6251.113,6954.635,13.016,53.148,147.876,483.256,0.165869,536.426,36.099,23.155,0,cruise_high
261,6711.579,7309.709,34.354,55.206,156.96,439.905,0.160689,544.379,27.13,24.333,0,cruise_high
262,6528.184,7444.128,14.613,57.165,155.653,606.113,0.162102,549.451,54.24,22.767,0,cruise_high
263,5796.18,6396.727,26.316,51.596,150.009,432.866,0.164327,543.401,29.304,23.776,0,cruise_high
264,6158.045,6959.615,12.771,56.949,138.955,534.767,0.172879,557.233,46.446,24.508,0,cruise_high
265,6502.88,7211.646,54.791,55.899,144.055,504.456,0.16887,540.154,42.438,23.907,0,cruise_high
266,7151.799,7893.249,39.466,61.499,145.71,518.801,0.169215,545.068,42.846,24.687,0,cruise_high
267,6671.641,7287.747,33.502,58.247,148.738,447.077,0.166495,540.842,29.941,24.665,0,cruise_high
268,6620.599,7232.834,54.994,55.375,135.449,447.347,0.174822,545.62,35.113,23.36,0,cruise_high
269,6307.534,6993.265,30.996,56.482,147.915,483.079,0.166591,551.462,35.237,22.367,0,cruise_high
270,6462.785,7107.105,32.096,56.432,133.757,454.404,0.176375,547.872,33.966,24.54,0,cruise_high
271,7143.338,7899.998,68.425,59.163,151.316,541.67,0.16483,543.935,44.411,24.127,0,cruise_high
272,6202.979,6726.882,48.74,51.852,150.529,401.151,0.163814,544.751,20.796,24.385,0,cruise_high
273,8426.897,9226.783,54.52,70.786,138.283,558.552,0.176682,541.282,53.264,25.216,0,cruise_high
274,7335.141,8059.107,67.465,59.968,143.68,520.183,0.169928,543.426,44.421,23.223,0,cruise_high
275,6521.952,7376.166,14.572,56.308,141.869,565.555,0.170409,537.902,52.756,25.319,0,cruise_high
276,7472.708,8276.925,43.694,61.688,153.675,558.895,0.164024,546.32,45.339,25.155,0,cruise_high
277,7959.915,8684.342,48.408,67.387,138.384,512.816,0.175672,548.71,45.049,24.868,0,cruise_high
278,8293.013,9091.798,52.853,70.167,155.117,564.494,0.164917,535.134,50.099,24.554,0,cruise_high
279,6713.512,7331.59,34.286,59.593,145.416,447.625,0.168899,543.849,31.231,26.709,0,cruise_high
280,7847.604,8427.389,18.987,63.403,137.211,417.701,0.175488,544.007,27.149,25.495,0,cruise_high
281,8737.3,9696.23,59.506,68.458,155.244,654.855,0.164123,544.759,64.279,24.202,0,cruise_high
282,8198.699,9012.344,51.123,65.316,160.474,572.116,0.160705,545.308,43.891,23.68,0,cruise_high
283,9412.806,10309.492,111.264,77.482,151.491,646.285,0.168795,546.926,65.018,25.248,0,cruise_high
284,8576.669,9153.296,53.731,66.144,150.59,438.854,0.166579,544.219,27.907,23.638,0,cruise_high
285,8469.112,9194.531,90.389,66.384,154.804,539.191,0.164123,538.361,43.444,23.897,0,cruise_high
286,9185.012,10065.699,65.177,73.444,153.976,616.047,0.166173,545.07,57.184,22.114,0,cruise_high
287,9286.623,10115.778,108.929,71.318,151.536,605.338,0.167192,530.638,57.75,23.589,0,cruise_high
288,9063.528,9990.501,26.816,72.174,140.911,617.791,0.174757,542.545,63.825,22.543,0,cruise_high
289,8276.619,9038.306,21.868,68.216,145.655,525.01,0.170468,539.637,43.882,21.941,0,cruise_high
290,10403.046,11655.726,86.914,81.305,147.941,831.246,0.171955,536.596,100.354,23.048,0,cruise_high
291,9360.193,10145.49,65.894,75.478,157.865,566.57,0.164226,530.077,50.423,21.813,0,cruise_high
292,10712.407,11889.66,146.635,82.562,161.781,823.43,0.163138,535.073,89.356,24.781,0,cruise_high
293,10192.586,11197.2,33.546,79.632,155.388,673.393,0.166541,529.263,68.102,23.599,0,cruise_high
294,9902.714,10951.416,76.656,78.577,158.083,717.779,0.16458,534.968,75.792,22.126,0,cruise_high
295,7991.116,8550.928,19.335,68.465,148.558,414.258,0.168661,524.152,26.31,21.628,0,cruise_high
296,8274.454,9065.7,90.805,72.094,148.838,575.467,0.169409,531.521,54.417,20.552,0,cruise_high
297,11006.575,12170.165,40.41,88.051,151.984,766.175,0.170824,527.258,87.506,20.008,0,cruise_high
298,9838.332,10861.043,74.024,79.3,155.302,701.373,0.166526,528.154,74.247,21.564,0,cruise_high
299,10379.486,11506.904,141.899,79.92,149.9,787.353,0.170242,528.528,92.176,22.952,0,cruise_high
300,9466.915,10391.527,28.868,76.505,159.136,627.566,0.163622,528.165,58.766,21.079,0,cruise_high
301,8611.628,9559.057,58.195,73.838,148.061,647.128,0.170086,518.338,69.103,19.253,0,cruise_high
302,9347.328,10075.035,27.731,77.156,153.764,516.632,0.167025,513.716,44.001,17.877,0,cruise_high
303,9289.554,10348.073,69.332,75.06,158.755,718.602,0.16346,519.35,75.604,20.517,0,cruise_high
304,7485.418,8256.844,45.057,62.83,142.426,536.925,0.171379,522.392,51.175,19.587,0,cruise_high
305,9538.463,10248.638,28.197,75.323,151.381,505.302,0.168332,517.452,42.153,21.61,0,cruise_high
306,7907.907,8613.418,81.341,68.73,154.334,525.014,0.16499,515.864,46.006,18.554,0,cruise_high
307,7495.437,8351.924,44.983,60.461,146.882,584.615,0.1679,512.302,56.982,19.559,0,cruise_high
308,8932.198,9765.253,25.859,75.668,151.186,571.901,0.168689,509.626,54.183,18.149,0,cruise_high
309,8553.362,9336.202,57.305,69.233,149.508,554.783,0.168071,513.222,52.259,21.136,0,cruise_high
310,8340.703,9196.463,54.779,68.753,168.716,602.18,0.156545,515.831,51.557,19.958,0,cruise_high
311,8387.821,9203.953,89.867,68.701,158.79,591.683,0.162271,512.801,55.402,19.672,0,cruise_high
312,8719.234,9544.715,58.56,68.855,153.364,580.365,0.165578,514.458,54.773,19.503,0,cruise_high
313,8423.125,9357.446,23.659,67.631,153.176,623.886,0.165492,506.712,64.188,18.498,0,cruise_high
314,7345.788,8114.389,70.375,64.221,149.935,550.77,0.167047,517.094,51.023,19.251,0,cruise_high
315,7344.34,7945.386,41.071,61.259,151.801,444.934,0.165171,502.681,33.565,18.764,0,cruise_high
316,8171.058,8890.291,51.626,68.446,152.372,518.178,0.166288,510.574,47.432,17.731,0,cruise_high
317,7009.883,7725.257,38.486,62.09,162.737,511.947,0.158821,511.198,41.51,18.48,0,cruise_high
318,7323.896,7971.897,17.111,60.497,154.482,460.842,0.163214,501.883,37.204,19.657,0,cruise_high
319,7511.233,8288.394,44.289,61.03,157.497,545.706,0.16152,501.848,49.896,18.994,0,cruise_high
320,7094.742,8033.922,17.381,58.325,145.974,616.304,0.168252,506.755,63.285,21.663,0,cruise_high
321,7200.785,7724.761,16.201,60.796,150.915,390.747,0.165529,507.825,24.011,19.758,0,cruise_high
322,6127.998,6724.667,12.446,51.461,151.665,425.175,0.163081,507.364,28.591,18.411,0,cruise_high
323,6587.792,7213.218,56.1,60.899,153.641,465.773,0.164018,504.418,37.924,21.238,0,cruise_high
324,6400.785,7045.54,31.762,60.131,147.451,462.32,0.167665,509.137,37.587,19.081,0,cruise_high
325,6778.159,7554.579,63.077,59.856,155.544,552.346,0.162593,505.424,50.283,20.047,0,cruise_high
326,7181.038,7912.738,67.677,60.112,160.424,532.131,0.159732,503.843,48.224,18.797,0,cruise_high
327,6370.833,6987.835,31.724,49.145,151.436,443.889,0.162631,508.818,33.349,20.21,0,cruise_high
328,6678.107,7320.907,35.262,52.393,148.371,459.752,0.165216,503.443,36.37,19.248,0,cruise_high
329,7089.147,7996.901,17.457,59.934,154.064,603.419,0.163492,501.057,57.478,19.677,0,cruise_high
330,6209.587,6788.315,50.224,53.81,152.859,433.902,0.162991,497.019,31.222,20.119,0,cruise_high
331,6828.934,7589.408,15.867,54.541,159.408,521.678,0.159116,504.623,43.831,21.176,0,cruise_high
332,6906.139,7646.349,37.61,59.725,158.929,522.435,0.160654,503.008,44.741,18.923,0,cruise_high
333,7972.941,8688.105,49.701,64.158,151.676,512.831,0.165815,489.886,49.653,17.763,0,cruise_high
334,7111.443,7802.525,16.676,61.531,160.388,487.463,0.159908,504.879,35.875,21.197,0,cruise_high
335,8295.466,9170.175,54.111,67.273,166.128,610.47,0.157785,508.171,57.174,19.368,0,cruise_high
336,8561.193,9578.0,24.835,70.767,157.038,672.932,0.16384,504.171,72.358,20.022,0,cruise_high
337,7873.845,8604.112,79.001,65.089,161.807,539.301,0.159875,497.295,47.254,18.249,0,cruise_high
338,7314.173,8143.216,42.698,61.281,148.236,569.471,0.167157,495.805,56.568,20.519,0,cruise_high
339,7099.461,8074.073,41.198,61.084,150.869,649.954,0.165679,510.329,67.578,19.491,0,cruise_high
340,8277.901,9091.686,89.308,67.232,146.577,583.985,0.16961,504.885,58.777,19.224,0,cruise_high
341,8511.286,9166.299,54.944,70.329,148.424,483.421,0.169137,507.724,41.018,17.534,0,cruise_high
342,8416.959,9206.16,54.16,72.23,164.051,564.759,0.160184,501.5,52.319,18.249,0,cruise_high
343,9062.048,9950.446,63.52,73.563,153.076,619.191,0.166782,505.265,63.629,17.02,0,cruise_high
344,9111.565,10097.505,27.618,73.919,154.013,657.265,0.166365,502.46,70.238,18.008,0,cruise_high
345,8719.991,9578.221,101.723,74.209,155.769,621.291,0.165406,514.908,62.673,19.199,0,cruise_high
346,7208.429,7901.946,68.937,60.668,150.592,507.523,0.165576,505.97,44.699,18.53,0,cruise_high
347,9229.162,10127.79,109.883,72.308,161.55,648.929,0.16135,506.468,66.214,19.761,0,cruise_high
348,7853.624,8632.237,48.277,65.413,144.232,544.302,0.170718,516.083,52.596,16.666,0,cruise_high
349,8993.11,9865.25,62.161,70.179,156.261,609.548,0.163978,514.929,58.656,18.63,0,cruise_high
350,9379.666,10294.556,116.544,74.844,146.319,655.158,0.171582,509.306,70.938,18.065,0,cruise_high
351,9681.542,10702.78,31.562,76.13,158.543,681.487,0.163883,518.439,69.141,16.142,0,cruise_high
352,9032.732,10043.577,27.527,65.692,142.38,661.985,0.171963,519.436,70.456,16.504,0,cruise_high
353,8396.858,9427.287,57.71,71.821,156.612,695.5,0.164257,517.823,73.95,17.637,0,cruise_high
354,10371.53,11490.514,146.288,79.8,157.09,787.871,0.165516,514.186,89.924,19.785,0,cruise_high
355,9177.048,10063.689,27.528,71.457,154.196,601.584,0.165539,520.386,56.737,15.964,0,cruise_high
356,9352.168,10099.091,66.731,74.632,152.932,543.24,0.167132,522.369,48.838,15.722,0,cruise_high
357,9391.881,10384.196,69.914,76.722,145.023,677.02,0.172868,514.552,75.471,17.648,0,cruise_high
358,9534.435,10525.467,71.511,74.365,158.014,681.819,0.163779,520.687,71.021,17.335,0,cruise_high
359,9286.646,10206.795,114.591,74.888,152.929,660.165,0.167263,525.503,68.216,16.357,0,cruise_high
360,9474.05,10440.31,70.708,81.217,151.699,668.074,0.169443,516.9,71.149,16.335,0,cruise_high
361,10391.164,11498.118,133.194,86.508,138.311,769.93,0.18046,717.387,80.942,34.266,0,payload
362,10927.256,12150.437,148.588,86.831,146.866,844.778,0.174014,730.108,89.003,32.343,0,payload
363,11067.975,12149.452,38.155,86.939,149.976,718.594,0.171888,740.942,65.518,30.143,0,payload
364,11196.908,12531.12,159.811,90.733,149.951,914.04,0.172933,734.545,100.067,32.182,0,payload
365,9823.55,10864.764,121.044,72.84,130.708,718.734,0.182661,734.48,73.285,32.869,0,payload
366,9071.177,9999.878,62.275,75.432,130.295,631.386,0.184399,732.091,58.427,32.393,0,payload
367,8817.365,9594.374,57.278,70.694,132.395,544.52,0.181091,726.697,40.608,33.79,0,payload
368,11210.755,12573.288,164.565,89.644,140.0,926.787,0.180069,738.748,108.886,30.672,0,payload
369,8559.069,9359.617,92.803,71.538,137.776,576.254,0.177057,740.073,44.03,30.571,0,payload
370,9186.749,10249.917,64.366,72.535,131.454,705.502,0.182495,740.751,70.751,32.596,0,payload
371,8031.67,8826.876,49.001,66.639,136.472,550.813,0.176911,737.424,39.445,31.404,0,payload
372,8386.345,9097.162,51.442,68.786,137.653,506.996,0.17642,737.852,31.444,32.061,0,payload
373,8494.792,9163.457,52.114,70.154,134.308,483.225,0.179147,734.565,28.568,29.082,0,payload
374,8875.993,9767.449,59.874,75.331,129.138,609.255,0.185348,764.583,54.924,30.996,0,payload
375,8849.813,9843.495,59.929,76.001,129.018,665.752,0.185713,753.696,65.639,33.148,0,payload
376,9187.391,10080.31,62.403,73.394,131.188,611.249,0.182831,751.836,53.755,32.284,0,payload
377,8721.735,9526.588,55.476,68.193,146.598,564.29,0.169722,763.081,37.772,31.221,0,payload
378,7829.376,8563.769,77.238,67.839,143.768,533.896,0.171751,753.247,33.697,32.619,0,payload
379,7717.431,8615.764,45.238,63.715,136.177,604.392,0.176147,750.364,48.462,31.367,0,payload
380,8409.941,9339.35,22.629,69.415,131.707,611.863,0.181139,755.85,52.832,31.603,0,payload
381,8898.493,9867.242,59.568,73.615,138.112,654.895,0.177565,749.452,58.286,29.418,0,payload
382,9043.695,9906.127,103.006,72.473,127.188,610.538,0.186101,764.038,55.622,29.444,0,payload
383,9688.687,10802.895,30.457,79.897,132.959,722.305,0.18324,760.083,74.355,32.232,0,payload
384,9835.155,10921.821,74.272,82.541,140.743,731.567,0.177828,755.052,72.093,27.77,0,payload
385,9745.713,10686.056,72.022,77.676,122.179,639.533,0.192243,762.701,64.946,29.241,0,payload
386,8366.198,9160.472,52.29,68.899,123.381,546.907,0.188629,764.33,45.163,32.228,0,payload
387,8602.039,9508.357,95.39,68.895,122.912,627.714,0.188768,757.754,60.492,28.59,0,payload
388,9507.689,10486.942,68.762,75.533,133.722,663.697,0.181289,766.368,62.321,26.584,0,payload
389,9728.45,10634.57,30.091,80.52,135.544,609.135,0.181297,753.182,52.434,29.936,0,payload
390,10528.015,11778.133,86.978,86.205,136.926,827.114,0.181688,772.66,92.276,27.084,0,payload
391,10119.562,11444.976,82.141,78.066,127.22,858.321,0.187436,757.13,102.88,29.299,0,payload
392,10185.951,11086.052,32.298,82.016,134.192,606.883,0.182823,761.891,52.952,26.659,0,payload
393,10335.684,11532.84,142.313,84.461,134.059,820.811,0.183635,766.319,92.729,28.402,0,payload
394,11143.864,12381.205,96.517,90.881,134.284,825.294,0.185416,762.313,95.023,26.174,0,payload
395,11066.062,12490.583,169.052,87.852,141.308,962.682,0.178493,764.17,113.832,26.414,0,payload
396,10890.367,12111.986,39.258,85.13,143.245,792.325,0.176252,763.857,81.649,26.724,0,payload
397,12638.819,14322.331,129.361,98.618,143.181,1092.954,0.180009,758.301,138.741,27.188,0,payload
398,11899.921,13179.155,45.784,96.178,150.399,835.141,0.173824,758.267,87.167,24.669,0,payload
399,12315.581,13981.481,207.63,98.385,137.061,1115.629,0.185313,757.534,148.741,25.426,0,payload
400,11450.778,12922.134,105.841,87.539,139.328,958.964,0.179719,753.413,114.344,24.558,0,payload
401,11155.038,12644.374,42.829,86.649,139.043,939.97,0.179786,758.324,110.994,24.255,0,payload
402,12188.647,13927.673,52.088,92.223,142.556,1085.555,0.178431,749.869,135.697,23.974,0,payload
403,12820.419,14305.443,54.046,97.642,140.177,948.103,0.181938,760.074,114.496,24.684,0,payload
404,12853.682,14663.756,137.67,99.798,140.185,1165.485,0.18263,746.511,154.853,21.892,0,payload
405,13625.798,15478.189,260.102,100.269,140.327,1244.129,0.182664,756.474,169.258,21.401,0,payload
406,12680.296,14371.062,132.415,89.632,137.31,1091.632,0.181836,752.014,140.498,19.803,0,payload
407,12156.644,13706.327,50.892,95.476,139.737,981.072,0.181608,752.539,120.171,20.833,0,payload
408,11552.489,12957.758,108.54,86.78,145.442,926.241,0.174795,749.742,103.903,19.777,0,payload
409,12078.703,13763.183,122.567,95.306,146.242,1090.316,0.176539,750.647,134.483,19.153,0,payload
410,12342.608,14108.488,215.842,96.558,140.803,1175.175,0.181117,741.61,154.845,19.078,0,payload
411,10833.112,12159.31,96.053,84.671,140.663,874.033,0.177962,736.484,97.545,19.669,0,payload
412,12367.371,14173.895,54.901,95.275,137.429,1123.01,0.183687,746.958,148.283,17.915,0,payload
413,12718.124,14440.83,56.948,98.514,145.819,1083.065,0.177757,730.178,134.523,16.123,0,payload
414,12423.787,14066.956,126.403,97.797,147.761,1071.125,0.176039,747.189,130.56,15.656,0,payload
415,12318.7,13933.45,52.855,93.482,135.547,1014.96,0.184553,733.712,129.314,17.025,0,payload
416,9616.319,10812.192,128.159,76.353,138.554,812.11,0.177416,734.821,86.081,14.322,0,payload
417,12204.064,13846.477,218.765,92.483,143.893,1108.141,0.177676,748.116,138.89,14.681,0,payload
418,11266.07,12753.845,105.724,90.253,140.871,969.858,0.179597,722.394,116.183,14.94,0,payload
419,10278.38,11442.59,36.532,81.36,129.047,751.438,0.187094,729.726,82.59,14.403,0,payload
420,12148.115,13614.35,210.594,93.975,143.174,1007.914,0.178676,728.954,122.09,12.836,0,payload
421,10186.368,11301.014,85.432,83.104,148.122,755.551,0.172308,725.524,72.188,15.575,0,payload
422,11637.102,13174.262,113.479,89.339,147.659,1003.153,0.17398,722.543,116.529,11.698,0,payload
423,9199.966,10111.179,117.581,77.421,135.794,650.026,0.180304,721.322,59.202,13.31,0,payload
424,10686.163,12032.189,39.64,79.856,129.418,852.325,0.186009,730.115,100.54,14.393,0,payload
425,9627.691,10648.662,75.541,81.273,138.506,694.427,0.179041,715.543,66.331,14.211,0,payload
426,9817.805,10860.226,32.918,80.174,133.977,684.513,0.182581,725.266,66.979,14.035,0,payload
427,9965.234,11134.84,137.828,78.566,150.641,808.449,0.169416,715.985,78.965,11.03,0,payload
428,10583.547,11780.09,90.382,84.783,138.504,799.25,0.180105,718.185,85.949,11.496,0,payload
429,10501.868,11749.24,90.783,85.602,140.216,828.525,0.178894,727.718,90.218,13.621,0,payload
430,9668.256,10709.777,32.157,76.465,134.898,682.421,0.180698,708.571,65.312,10.646,0,payload
431,8024.149,8819.118,52.243,64.435,129.81,548.153,0.181521,718.232,41.501,13.282,0,payload
432,8680.541,9491.108,59.886,69.338,131.009,562.916,0.181557,710.617,44.201,11.611,0,payload
433,10189.401,11184.29,82.562,81.859,133.71,681.348,0.1833,708.119,66.891,10.333,0,payload
434,7785.412,8482.099,19.911,64.196,140.96,484.458,0.172783,708.231,25.706,10.474,0,payload
435,8759.484,9793.88,62.571,71.122,137.859,691.116,0.176786,705.258,64.18,11.667,0,payload
436,8859.68,9756.117,63.555,71.502,134.16,614.188,0.179773,707.113,52.415,13.817,0,payload
437,9331.665,10185.197,116.995,75.61,133.397,616.144,0.181618,708.71,53.903,12.232,0,payload
438,7887.263,8728.092,50.355,62.893,135.404,574.349,0.176543,702.202,43.397,12.395,0,payload
439,7792.511,8415.823,77.075,64.903,139.362,469.425,0.174271,705.965,23.807,12.439,0,payload
440,9749.57,10785.141,128.301,81.872,140.353,727.301,0.17788,684.162,71.372,11.477,0,payload
441,8873.754,9782.912,106.382,69.531,138.43,641.492,0.176067,703.153,54.945,12.791,0,payload
442,9682.939,10830.612,77.814,78.346,137.549,763.389,0.178946,693.615,78.605,11.614,0,payload
443,9028.023,9862.595,107.918,74.728,133.111,601.105,0.181701,695.218,51.222,11.941,0,payload
444,9079.914,9925.222,66.366,73.712,138.498,590.278,0.176985,688.473,46.47,12.865,0,payload
445,8591.416,9440.548,58.996,72.134,130.792,584.888,0.18284,695.931,48.941,8.633,0,payload
446,8813.257,9750.637,63.449,73.262,133.215,637.026,0.180996,694.248,57.299,13.274,0,payload
447,8396.426,9390.357,24.886,68.105,141.862,652.347,0.172998,684.808,54.855,11.991,0,payload
448,10507.826,11816.312,160.165,82.664,143.323,893.436,0.17572,691.586,98.995,11.912,0,payload
449,10292.796,11401.233,145.145,83.184,147.965,778.972,0.172477,692.814,76.355,12.549,0,payload
450,8965.305,10010.933,114.079,70.611,134.377,718.675,0.179169,695.875,70.764,12.786,0,payload
451,9938.103,11007.483,133.083,79.35,145.388,749.179,0.173299,695.269,71.832,10.241,0,payload
452,9082.738,10136.253,68.528,70.687,123.21,697.524,0.18876,696.974,73.665,9.576,0,payload
453,10662.614,12002.932,160.262,85.831,137.35,909.723,0.181164,695.066,106.809,9.553,0,payload
454,10954.013,12267.107,42.541,89.513,143.147,846.042,0.177506,699.062,92.178,10.499,0,payload
455,10010.416,11178.785,84.409,79.795,139.566,779.3,0.177765,702.298,80.532,10.29,0,payload
456,11533.305,12800.379,46.16,91.658,142.102,822.855,0.178833,691.242,89.153,9.726,0,payload
457,10279.329,11486.885,37.008,85.192,125.462,775.603,0.191789,696.083,90.752,9.337,0,payload
458,11684.593,13167.508,48.463,90.436,143.518,942.691,0.177238,697.763,109.081,8.869,0,payload
459,12451.365,14151.972,132.917,95.827,150.493,1105.99,0.173616,706.69,134.017,9.309,0,payload
460,11461.204,12932.298,46.706,87.086,142.942,933.632,0.176858,691.496,107.121,8.057,0,payload
461,11669.801,13090.683,191.13,89.327,138.196,969.879,0.181405,704.167,117.941,7.276,0,payload
462,12157.82,13812.158,212.141,91.963,145.841,1112.361,0.175717,698.364,137.461,5.508,0,payload
463,12113.555,13901.4,215.129,88.363,138.524,1182.222,0.180478,713.58,155.366,7.622,0,payload
464,12317.764,14014.724,135.239,97.946,136.806,1099.824,0.184957,706.611,145.42,5.476,0,payload
465,12151.939,13678.661,53.488,91.151,136.468,966.195,0.183282,702.488,119.086,5.09,0,payload
466,11686.209,13418.833,202.061,89.64,141.301,1147.794,0.17852,713.429,146.905,4.671,0,payload
467,12105.358,13830.483,128.48,93.284,141.93,1112.481,0.179308,706.594,141.476,2.577,0,payload
468,12241.339,13799.527,217.874,93.317,147.627,1063.472,0.175069,705.184,128.181,4.484,0,payload
469,12745.181,14665.151,248.825,99.056,142.571,1276.687,0.180416,715.582,172.335,2.375,0,payload
470,12512.634,14145.57,137.913,95.107,139.915,1065.935,0.181635,718.043,135.611,2.036,0,payload
471,13075.338,14641.877,61.427,98.311,147.099,999.673,0.176758,717.976,118.7,3.155,0,payload
472,11754.402,13282.531,204.01,97.558,145.923,1041.842,0.177561,722.744,126.991,1.654,0,payload
473,12101.457,13715.722,54.638,94.333,140.192,1017.969,0.181101,699.766,126.355,2.531,0,payload
474,11456.237,13023.738,48.792,89.945,140.644,987.847,0.179422,726.992,119.241,2.064,0,payload
475,11017.542,12309.07,103.127,86.119,142.187,859.485,0.177202,727.257,94.303,-0.04,1,payload
476,12350.201,14250.708,139.003,96.674,137.255,1213.098,0.184274,719.788,165.542,0.482,0,payload
477,9435.584,10547.324,31.839,78.534,134.691,721.736,0.181207,709.677,72.783,-1.36,1,payload
478,11708.784,13222.946,120.687,89.02,135.231,988.011,0.183873,729.257,123.669,-1.784,1,payload
479,11005.684,12502.587,45.743,85.288,137.726,944.238,0.180391,727.623,112.332,-1.266,1,payload
480,11503.879,12953.546,49.166,91.092,149.072,927.515,0.173382,729.986,102.815,-1.057,1,payload
481,5916.774,6713.356,11.906,54.705,108.097,516.739,0.199492,1029.972,45.085,27.883,0,descent
482,6122.613,6729.892,12.025,49.198,110.934,411.475,0.194175,1021.485,21.898,27.765,0,descent
483,5815.153,6468.347,43.302,48.137,118.125,453.561,0.18698,1041.783,26.807,27.402,0,descent
484,5096.803,5741.278,20.615,42.838,112.139,433.478,0.191138,1039.343,24.854,26.103,0,descent
485,4359.489,4886.522,24.718,39.24,112.86,369.436,0.189282,1032.528,11.928,27.111,0,descent
486,6164.225,6846.274,49.228,51.893,122.149,475.598,0.184559,1045.583,29.776,28.47,0,descent
487,6429.754,7074.833,12.903,55.94,109.069,434.853,0.199006,1041.5,28.539,29.98,0,descent
488,5669.069,6375.205,25.825,50.099,118.74,475.974,0.187312,1058.251,31.156,28.716,0,descent
489,5773.409,6517.377,26.137,50.191,106.377,491.399,0.19989,1058.518,40.226,26.403,0,descent
490,4343.252,4896.643,6.32,37.953,99.469,369.049,0.202723,1078.483,16.815,29.54,0,descent
491,5639.047,6238.327,24.587,50.27,130.076,421.824,0.177796,1071.205,16.998,28.456,0,descent
492,4689.396,5350.218,29.863,45.488,103.343,443.864,0.201448,1052.042,31.416,28.955,0,descent
493,5512.837,6370.101,43.283,49.004,111.94,563.398,0.193386,1046.337,50.953,26.339,0,descent
494,5266.242,5953.692,9.411,47.669,97.555,447.683,0.209154,1059.194,35.635,27.275,0,descent
495,7188.911,8001.584,40.232,58.748,110.601,541.281,0.197886,1072.154,49.112,27.449,0,descent
496,5320.834,6008.575,9.473,47.381,103.436,450.388,0.202206,1062.994,33.071,30.073,0,descent
497,6895.711,7707.484,62.444,60.944,113.645,553.14,0.195744,1077.731,50.274,26.864,0,descent
498,6530.632,7248.351,54.46,56.224,109.131,493.662,0.198615,1081.898,40.049,27.97,0,descent
499,6449.825,7030.669,30.997,55.292,110.244,407.904,0.19726,1087.904,22.463,29.838,0,descent
500,5710.185,6404.92,42.271,48.202,106.792,470.874,0.198418,1068.34,35.43,26.98,0,descent
501,6502.498,7308.42,56.922,57.976,108.531,543.8,0.200263,1074.774,50.903,27.123,0,descent
502,6379.432,6985.31,12.724,51.739,117.731,415.22,0.188372,1058.399,20.216,26.882,0,descent
503,6205.907,6921.618,29.829,55.872,126.848,489.287,0.181889,1067.337,30.996,30.127,0,descent
504,7031.151,7752.697,36.934,55.252,119.652,492.177,0.187646,1062.3,34.355,29.431,0,descent
505,7565.067,8318.976,43.405,61.496,106.545,509.801,0.20322,1081.879,45.602,27.328,0,descent
506,7187.058,8185.427,17.732,61.832,117.059,637.583,0.19243,1086.827,64.69,29.023,0,descent
507,7983.866,8818.849,20.616,65.81,111.722,548.408,0.199149,1077.879,51.215,28.67,0,descent
508,8579.495,9456.848,96.159,72.686,126.968,615.66,0.186652,1076.338,56.914,26.45,0,descent
509,8730.171,9484.292,56.656,70.848,114.334,523.594,0.198481,1086.492,45.924,28.16,0,descent
510,7733.322,8423.096,72.341,68.684,119.035,496.403,0.192573,1080.655,37.594,26.834,0,descent
511,7347.265,7951.712,39.245,64.231,114.567,430.565,0.195726,1083.159,26.273,30.43,0,descent
512,7246.294,7884.449,65.456,58.571,117.387,459.621,0.190683,1079.079,29.642,29.141,0,descent
513,8416.876,9303.172,91.489,72.167,117.099,613.803,0.195716,1073.222,62.131,28.983,0,descent
514,7565.642,8161.555,17.53,65.962,116.147,417.59,0.194681,1081.716,23.297,28.317,0,descent
515,9280.374,10196.235,27.845,74.889,122.319,604.998,0.191294,1085.358,57.732,27.157,0,descent
516,8578.803,9419.041,93.357,69.815,114.597,587.127,0.197429,1084.277,57.916,27.922,0,descent
517,7710.632,8585.515,19.264,62.469,104.166,564.84,0.206424,1085.381,58.597,27.35,0,descent
518,8897.14,9766.57,25.47,72.006,125.937,578.722,0.186964,1094.519,50.2,27.969,0,descent
519,8491.843,9430.592,93.473,69.372,122.077,644.527,0.189933,1073.635,64.417,27.471,0,descent
520,8367.464,9292.543,52.372,70.63,118.964,617.678,0.193501,1091.024,61.521,28.362,0,descent
521,9793.747,10619.012,71.406,76.403,128.405,578.192,0.186102,1066.075,49.603,25.39,0,descent
522,8252.674,9096.668,51.518,66.453,112.33,567.832,0.198666,1083.674,54.809,26.106,0,descent
523,7477.871,8257.297,42.156,64.375,110.274,526.246,0.200313,1092.943,47.414,28.077,0,descent
524,8676.809,9741.839,101.036,67.287,112.484,712.13,0.198662,1055.316,83.473,27.037,0,descent
525,7784.401,8587.314,77.498,68.325,110.878,557.118,0.201171,1058.649,54.076,27.101,0,descent
526,8494.791,9431.042,23.608,70.178,116.497,609.565,0.195885,1068.165,61.405,28.906,0,descent
527,6122.519,6753.899,28.676,55.934,109.837,434.76,0.197785,1059.252,27.989,27.693,0,descent
528,6934.266,7686.572,62.825,51.817,112.968,516.193,0.192715,1052.21,41.478,26.55,0,descent
529,7159.234,7867.43,39.176,57.741,117.641,486.059,0.190367,1063.738,34.53,26.431,0,descent
530,6350.716,7062.312,30.95,50.266,118.866,481.415,0.186743,1062.737,31.901,27.238,0,descent
531,8251.772,8984.695,83.871,68.806,119.077,525.397,0.192594,1060.487,43.188,28.05,0,descent
532,6859.826,7624.73,36.467,54.995,116.645,514.345,0.190481,1053.785,39.973,26.523,0,descent
533,7309.73,8122.536,41.867,61.121,108.718,542.311,0.201066,1050.898,51.04,26.089,0,descent
534,7389.367,8027.422,69.492,65.218,114.662,463.148,0.196251,1042.705,32.893,25.764,0,descent
535,5854.051,6653.154,27.697,52.645,127.558,533.062,0.180524,1050.705,38.23,27.349,0,descent
536,6434.448,7059.426,52.931,57.958,118.686,447.047,0.189807,1044.623,26.853,25.83,0,descent
537,6315.514,6979.541,12.755,54.78,103.042,441.974,0.205078,1058.902,32.639,27.192,0,descent
538,5704.616,6340.381,25.396,48.508,113.195,433.865,0.191771,1037.622,25.203,26.339,0,descent
539,6211.06,6876.06,50.341,50.364,112.68,461.773,0.192744,1032.467,31.004,27.078,0,descent
540,6424.658,7088.454,53.602,56.705,106.891,462.827,0.201488,1043.124,35.254,25.41,0,descent
541,6028.05,6590.996,11.467,52.312,111.716,388.593,0.195013,1022.724,17.78,27.135,0,descent
542,7488.79,8413.749,44.516,59.123,119.854,609.299,0.188948,1040.811,57.126,28.378,0,descent
543,5765.087,6475.194,26.37,54.23,113.253,477.793,0.194067,1028.279,34.724,26.255,0,descent
544,5885.517,6653.845,28.339,50.954,115.612,510.288,0.190573,1040.47,39.247,26.203,0,descent
545,4807.25,5418.329,18.707,43.298,108.415,412.782,0.195115,1015.735,22.54,25.563,0,descent
546,5605.374,6314.614,41.911,53.053,122.687,488.025,0.185021,1026.586,32.295,27.295,0,descent
547,5262.117,5937.116,9.162,48.04,111.013,446.946,0.194171,1013.73,28.784,27.754,0,descent
548,5295.194,5950.79,22.245,45.523,107.649,439.515,0.196649,1016.849,28.43,26.822,0,descent
549,5768.592,6499.243,26.386,48.189,116.267,487.737,0.189048,997.378,34.206,28.75,0,descent
550,5529.624,6286.442,25.45,42.983,116.889,499.645,0.186496,1013.298,35.182,28.397,0,descent
551,5233.685,6091.257,9.752,47.116,115.072,549.038,0.189879,1000.688,46.251,26.673,0,descent
552,6441.96,7197.924,56.371,54.705,108.068,514.395,0.199458,996.649,44.6,26.392,0,descent
553,6312.981,7000.385,50.934,51.931,121.484,479.029,0.18529,998.431,30.759,27.504,0,descent
554,6614.61,7261.135,13.839,53.448,122.497,440.992,0.184701,997.083,23.452,26.4,0,descent
555,5795.502,6539.679,11.373,50.356,124.554,493.124,0.182228,1007.757,31.861,26.804,0,descent
556,6240.871,6914.671,12.65,53.809,131.073,459.479,0.177658,982.586,23.63,28.328,0,descent
557,6218.75,6984.913,12.884,53.137,124.877,507.294,0.182487,997.011,34.574,27.587,0,descent
558,7113.163,7902.653,67.706,61.339,124.181,548.171,0.185685,1011.649,43.787,30.127,0,descent
559,6919.01,7636.165,15.326,54.53,118.377,479.14,0.188726,986.951,32.426,27.988,0,descent
560,6818.68,7721.05,62.987,57.339,118.146,603.616,0.189853,986.572,56.599,26.774,0,descent
561,6919.078,7620.718,61.09,57.61,114.362,490.78,0.193947,1005.205,37.185,24.654,0,descent
562,6855.429,7496.4,60.088,59.642,119.55,460.211,0.189501,986.599,29.21,27.169,0,descent
563,7354.931,8033.881,16.867,62.727,116.806,461.803,0.193061,982.175,31.156,28.108,0,descent
564,7773.253,8640.779,77.587,63.396,124.277,596.507,0.186052,978.724,52.981,27.298,0,descent
565,6742.396,7528.948,59.672,55.322,111.768,534.646,0.19547,989.508,46.507,28.499,0,descent
566,7580.95,8243.874,72.993,65.363,131.239,485.926,0.180749,988.847,29.831,27.297,0,descent
567,7116.887,7846.085,16.313,56.249,118.639,487.099,0.189134,981.911,34.127,27.577,0,descent
568,6803.941,7453.899,35.076,58.807,123.953,455.503,0.185072,987.795,26.301,25.615,0,descent
569,7775.075,8385.03,18.497,66.242,120.241,427.716,0.190695,988.732,23.563,28.024,0,descent
570,8359.971,9120.875,51.628,67.677,129.285,530.362,0.182796,984.181,38.948,27.257,0,descent
571,7932.975,8445.464,18.902,64.428,124.488,375.387,0.185974,994.034,11.812,27.305,0,descent
572,7959.718,8687.508,49.29,68.682,112.323,503.917,0.199787,978.413,42.676,26.998,0,descent
573,7191.807,8013.606,40.597,59.99,117.159,549.975,0.191381,990.747,47.255,27.805,0,descent
574,8081.992,8877.681,82.329,65.437,117.332,556.923,0.193066,983.944,49.523,26.313,0,descent
575,8863.274,9751.107,99.776,71.642,129.376,623.665,0.184049,978.864,56.785,27.045,0,descent
576,8101.672,8977.742,50.973,66.239,109.47,583.845,0.201796,997.821,59.817,27.819,0,descent
577,7850.415,8604.449,47.227,65.757,131.573,524.77,0.180412,983.786,36.675,28.072,0,descent
578,8239.721,9080.248,86.86,68.301,125.177,588.442,0.186593,980.23,51.799,28.522,0,descent
579,9196.458,10173.826,110.967,71.71,121.256,674.322,0.191246,976.781,70.961,24.757,0,descent
580,7092.348,7898.751,38.962,56.666,118.429,539.847,0.189079,976.4,44.074,27.917,0,descent
581,7410.034,8141.771,41.96,63.216,118.836,503.26,0.190987,988.732,38.116,26.626,0,descent
582,7803.488,8618.507,76.836,68.663,118.963,567.268,0.192579,965.811,51.244,25.073,0,descent
583,7882.908,8778.124,83.013,66.394,119.946,613.578,0.190847,992.49,59.099,25.002,0,descent
584,8745.92,9686.655,59.14,69.413,120.818,629.622,0.191267,995.022,62.426,27.454,0,descent
585,7518.292,8281.441,43.302,60.226,117.023,518.98,0.191789,1003.182,41.535,26.826,0,descent
586,8330.122,9188.241,22.065,71.952,123.349,569.78,0.189699,997.363,50.086,25.704,0,descent
587,7956.465,8859.067,83.364,67.727,117.857,617.458,0.19392,1015.02,61.737,27.295,0,descent
588,7005.444,7597.355,36.947,58.187,119.741,422.245,0.188439,1006.931,21.567,26.859,0,descent
589,6789.822,7493.374,58.075,58.391,111.226,489.414,0.197228,1006.374,38.526,27.892,0,descent
590,7645.723,8530.617,78.239,63.564,124.085,606.341,0.186437,1009.827,55.044,26.577,0,descent
591,7788.05,8685.153,47.549,63.08,117.992,596.287,0.192057,997.623,56.521,26.909,0,descent
592,7255.158,7824.892,16.346,59.442,127.707,404.926,0.182147,1003.248,15.756,26.896,0,descent
593,6261.122,7005.198,31.775,56.786,117.198,501.834,0.190843,1009.762,37.772,28.225,0,descent
594,6292.017,6941.553,49.612,51.148,115.313,454.478,0.190319,1025.809,28.496,28.677,0,descent
595,7614.982,8299.785,72.911,64.62,126.299,495.365,0.184818,1029.104,33.552,26.937,0,descent
596,6158.687,6809.683,48.968,52.249,123.096,458.989,0.183778,1026.184,26.352,25.618,0,descent
597,6807.859,7628.087,15.493,53.84,112.022,532.736,0.194639,1018.786,45.691,27.128,0,descent
598,6348.661,7090.997,13.216,53.659,113.104,489.275,0.193928,1039.635,36.884,29.864,0,descent
599,6994.734,7690.113,15.782,60.839,119.249,470.6,0.190164,1037.818,31.491,28.182,0,descent
600,6159.133,6870.804,12.719,50.142,110.379,469.377,0.195301,1032.546,33.67,26.248,0,descent
601,3420.026,4056.936,10.385,33.617,106.013,417.808,0.194495,1480.6,23.261,33.707,0,loiter
602,4119.944,4694.191,5.687,39.27,94.013,378.373,0.210532,1485.222,21.659,32.955,0,loiter
603,3997.503,4351.393,11.693,38.375,117.632,270.105,0.185214,1482.769,-7.973,31.723,0,loiter
604,4178.511,4900.442,6.165,37.885,91.334,457.985,0.21333,1509.05,39.702,32.219,0,loiter
605,4462.83,5077.788,25.919,41.159,105.422,415.852,0.197701,1485.232,24.214,35.126,0,loiter
606,3844.793,4350.826,19.075,37.408,96.335,347.086,0.206762,1502.462,13.764,33.393,0,loiter
607,4266.285,4829.638,24.362,39.673,106.89,386.761,0.195649,1513.943,17.669,34.181,0,loiter
608,3792.351,4376.781,11.886,34.381,103.064,388.635,0.197487,1517.126,18.75,32.454,0,loiter
609,4497.347,5188.088,16.793,39.989,103.719,452.133,0.199131,1500.496,32.034,33.919,0,loiter
610,4620.111,5287.649,17.027,46.092,103.725,442.226,0.201961,1539.264,31.312,34.554,0,loiter
611,5126.61,5677.89,33.459,44.524,107.248,386.558,0.19673,1513.495,18.048,32.221,0,loiter
612,5092.422,5733.164,20.374,45.833,97.435,426.047,0.208439,1553.092,30.805,36.169,0,loiter
613,4601.366,5250.334,28.537,41.421,105.239,435.771,0.19793,1523.04,28.252,33.727,0,loiter
614,5609.295,6444.748,10.678,47.628,103.17,532.163,0.202242,1513.054,49.626,33.039,0,loiter
615,4614.009,5106.895,6.61,43.824,101.096,339.276,0.203527,1525.928,11.052,32.472,0,loiter
616,5768.773,6596.436,11.287,53.136,106.135,531.966,0.201531,1533.544,49.207,32.861,0,loiter
617,5918.577,6645.233,27.336,50.689,109.904,484.229,0.196091,1548.606,36.953,33.905,0,loiter
618,5660.706,6318.928,40.681,47.5,107.475,450.067,0.197486,1562.431,30.882,34.055,0,loiter
619,5890.734,6468.13,25.531,49.324,107.779,399.753,0.197701,1536.58,21.032,34.23,0,loiter
620,5969.612,6738.434,11.722,54.784,107.409,501.114,0.200462,1539.089,42.454,36.366,0,loiter
621,5458.592,6190.166,23.503,47.471,112.152,484.772,0.19266,1533.574,35.396,32.981,0,loiter
622,6116.247,6840.606,28.849,53.106,96.512,478.708,0.212977,1555.95,43.954,34.289,0,loiter
623,6552.811,7291.176,54.605,54.667,106.623,503.254,0.201017,1545.145,43.162,32.922,0,loiter
624,6666.679,7463.894,58.761,56.818,109.19,539.614,0.19907,1577.148,49.421,35.213,0,loiter
625,6545.037,7284.032,54.011,58.478,114.016,508.374,0.194551,1535.362,40.905,33.249,0,loiter
626,6047.211,6607.766,26.412,51.786,110.621,393.274,0.195493,1523.282,18.882,33.012,0,loiter
627,7808.843,8591.681,78.346,66.454,117.819,548.739,0.193371,1568.044,48.11,33.419,0,loiter
628,5511.543,6119.718,22.631,49.05,98.294,410.985,0.208684,1536.315,27.766,32.046,0,loiter
629,5706.441,6292.164,24.179,51.165,101.762,401.846,0.205308,1570.495,24.502,34.191,0,loiter
630,5474.709,6187.365,39.117,47.06,114.375,482.209,0.190305,1567.07,33.767,33.486,0,loiter
631,6110.299,6761.343,46.574,52.13,101.818,448.308,0.205555,1590.069,34.152,32.786,0,loiter
632,5831.729,6524.926,44.275,51.938,115.311,476.444,0.191155,1574.73,33.074,35.302,0,loiter
633,5657.539,6286.924,24.269,47.822,97.805,422.615,0.208709,1535.972,30.203,35.457,0,loiter
634,5690.684,6454.926,10.803,47.642,104.884,493.832,0.199946,1542.485,40.739,33.737,0,loiter
635,5749.36,6495.2,26.21,50.185,116.782,497.141,0.188992,1570.146,35.956,32.805,0,loiter
636,5228.845,5813.532,20.92,45.667,96.024,394.753,0.20986,1568.778,24.843,32.835,0,loiter
637,5173.084,5732.267,8.52,46.44,100.569,377.538,0.204762,1596.16,19.305,31.878,0,loiter
638,5652.3,6308.079,40.761,49.406,98.927,445.77,0.208116,1558.441,34.772,33.575,0,loiter
639,5420.043,5955.839,35.323,47.862,91.876,373.465,0.216812,1560.594,22.972,35.522,0,loiter
640,5063.286,5743.669,33.247,43.778,114.251,460.284,0.189502,1544.254,29.225,33.439,0,loiter
641,5314.461,5866.169,21.216,46.303,103.127,380.23,0.202108,1546.804,18.848,33.271,0,loiter
642,4753.86,5206.728,6.977,44.291,104.931,319.367,0.199621,1534.313,5.752,34.201,0,loiter
643,4631.687,5370.56,17.899,42.057,96.579,476.821,0.208195,1526.261,41.272,33.423,0,loiter
644,4790.411,5519.569,31.987,42.946,108.402,483.538,0.195262,1544.483,36.416,35.098,0,loiter
645,5419.627,6079.205,38.907,46.619,104.116,448.107,0.200962,1542.899,32.052,34.811,0,loiter
646,4248.276,4728.161,5.732,39.868,97.539,328.349,0.206081,1554.53,9.666,32.725,0,loiter
647,3633.896,4089.697,17.659,34.193,98.344,318.279,0.20279,1502.568,6.544,34.294,0,loiter
648,3304.612,3967.724,3.985,29.573,90.472,420.526,0.210322,1557.686,30.446,32.664,0,loiter
649,5294.254,5991.764,22.413,47.024,101.688,460.637,0.203828,1515.496,35.891,33.253,0,loiter
650,3893.811,4357.631,11.264,37.284,104.495,323.97,0.197324,1523.688,5.927,34.119,0,loiter
651,4411.587,5087.626,15.82,40.785,112.461,447.901,0.190811,1500.462,27.465,31.121,0,loiter
652,4622.492,5328.349,29.884,42.343,99.779,465.624,0.204846,1520.315,37.381,31.555,0,loiter
653,3674.692,4207.987,10.828,36.125,93.475,356.504,0.209404,1532.286,16.653,34.09,0,loiter
654,4524.162,5018.282,6.475,39.498,107.38,340.775,0.195073,1499.744,8.476,34.763,0,loiter
655,3579.915,4015.879,16.44,36.527,108.388,312.39,0.193209,1507.257,2.357,33.431,0,loiter
656,3967.828,4525.33,12.5,33.907,95.705,370.577,0.206035,1517.764,18.352,33.339,0,loiter
657,3476.759,3992.23,16.422,30.178,93.094,346.372,0.207773,1492.337,13.967,33.632,0,loiter
658,3658.1,4165.658,18.48,29.158,92.915,342.406,0.20733,1512.363,12.991,34.253,0,loiter
659,3971.412,4626.528,13.298,31.568,94.242,422.913,0.206662,1482.74,29.4,34.751,0,loiter
660,4008.813,4552.901,5.338,35.141,91.978,358.854,0.211333,1461.135,17.838,35.606,0,loiter
661,4368.291,4857.225,6.047,39.64,101.691,335.234,0.201385,1486.627,9.511,34.129,0,loiter
662,4163.066,4715.667,13.383,36.372,98.253,370.534,0.204112,1479.897,17.63,36.662,0,loiter
663,3874.654,4429.564,12.057,33.606,98.822,370.219,0.20236,1490.122,16.917,34.57,0,loiter
664,4307.872,4997.027,15.176,40.766,113.038,455.077,0.189933,1471.665,28.434,34.082,0,loiter
665,3269.264,3858.393,9.211,29.421,103.943,388.179,0.195235,1465.976,17.786,36.197,0,loiter
666,3837.508,4385.091,11.96,32.21,89.091,361.138,0.213571,1482.505,19.129,35.493,0,loiter
667,4552.274,5239.248,16.945,39.441,99.743,448.094,0.203378,1468.344,33.133,34.139,0,loiter
668,3687.609,4245.2,10.929,38.949,94.79,371.776,0.20965,1450.62,19.943,34.456,0,loiter
669,4167.155,4851.607,6.069,43.838,103.496,445.48,0.200925,1453.647,31.508,37.658,0,loiter
670,4312.891,4871.859,24.648,37.019,107.106,383.38,0.194012,1466.392,16.38,33.339,0,loiter
671,4698.871,5382.649,7.394,40.151,102.515,443.605,0.200258,1419.897,30.836,36.132,0,loiter
672,5399.365,5963.475,9.221,46.691,102.009,381.325,0.20317,1436.924,19.474,35.684,0,loiter
673,5667.734,6461.282,25.908,48.584,103.42,516.511,0.202524,1441.116,46.606,35.118,0,loiter
674,5408.585,6050.677,37.571,47.692,97.222,435.269,0.209357,1449.696,33.126,34.595,0,loiter
675,5458.334,6152.916,37.915,52.814,106.967,470.984,0.200567,1430.672,36.464,31.633,0,loiter
676,5911.462,6592.138,44.891,52.301,104.891,465.309,0.202248,1432.566,36.108,34.301,0,loiter
677,5486.789,6162.278,23.277,47.481,94.014,445.667,0.213518,1445.334,37.158,32.273,0,loiter
678,5703.489,6323.829,24.323,50.143,100.25,419.809,0.206817,1423.346,28.824,35.057,0,loiter
679,5730.242,6422.52,10.54,51.301,106.26,456.399,0.200248,1439.713,33.393,35.316,0,loiter
680,5560.175,6275.58,10.058,47.498,108.015,467.979,0.197065,1421.997,34.222,35.48,0,loiter
681,5162.304,5805.032,20.67,50.211,112.998,436.246,0.193001,1438.513,26.196,34.216,0,loiter
682,6069.144,6817.133,11.988,52.532,106.991,488.574,0.199577,1422.385,39.508,34.563,0,loiter
683,7140.929,7931.09,62.828,56.963,113.108,539.393,0.194592,1436.012,46.962,34.093,0,loiter
684,6109.364,6880.496,12.122,53.82,103.155,500.216,0.204786,1416.854,44.437,32.934,0,loiter
685,5862.522,6533.23,44.198,52.102,100.069,457.255,0.207881,1420.017,37.055,34.744,0,loiter
686,6397.26,7128.895,30.95,54.551,97.305,484.662,0.212343,1418.56,44.915,35.123,0,loiter
687,5387.924,5964.542,21.737,44.289,93.603,388.973,0.212235,1398.818,24.554,34.844,0,loiter
688,5832.521,6525.957,10.9,53.156,106.364,458.079,0.200883,1404.291,34.02,34.397,0,loiter
689,6392.267,7164.104,31.069,58.341,102.587,510.909,0.207371,1406.695,47.947,34.07,0,loiter
690,6224.349,6848.191,28.855,53.931,111.9,430.722,0.195123,1388.468,26.044,35.146,0,loiter
691,6465.507,7240.851,54.184,58.667,101.113,522.722,0.209364,1391.362,51.439,35.179,0,loiter
692,6083.483,6691.331,45.783,52.724,108.327,427.392,0.198343,1438.573,26.77,32.958,0,loiter
693,6388.372,7002.117,50.337,54.396,103.279,431.165,0.20461,1404.483,30.221,33.844,0,loiter
694,5371.683,6141.765,9.676,46.323,104.067,495.574,0.200717,1442.212,41.47,33.468,0,loiter
695,5981.756,6661.248,46.312,56.816,106.931,468.247,0.201707,1417.064,36.448,34.402,0,loiter
696,4817.047,5370.916,29.881,42.224,102.304,383.112,0.201246,1432.66,19.1,35.09,0,loiter
697,5274.019,5854.48,20.713,48.251,104.245,397.197,0.201373,1416.865,21.985,34.685,0,loiter
698,5607.911,6340.549,10.345,49.372,110.055,479.348,0.19569,1424.131,35.803,35.373,0,loiter
699,5615.585,6304.512,24.584,47.265,90.447,451.944,0.218623,1418.443,40.805,35.454,0,loiter
700,5293.819,6001.241,37.048,47.375,105.613,474.598,0.199691,1433.023,36.773,33.361,0,loiter
701,5510.358,6145.42,38.431,51.306,103.323,436.161,0.203846,1434.328,30.91,32.811,0,loiter
702,4253.185,4890.988,24.374,37.339,98.995,423.111,0.203226,1420.691,27.987,32.901,0,loiter
703,4729.91,5424.391,7.542,44.685,114.732,457.096,0.189669,1419.647,28.697,34.449,0,loiter
704,3994.618,4481.586,12.108,39.215,101.567,336.633,0.201208,1430.328,9.733,34.63,0,loiter
705,4655.18,5325.135,7.268,39.743,105.05,436.903,0.197384,1454.205,28.238,34.622,0,loiter
706,4263.096,4928.458,14.668,44.133,100.088,437.449,0.205281,1437.111,31.8,33.786,0,loiter
707,4047.073,4578.224,5.45,38.346,109.211,360.986,0.192663,1422.341,11.549,34.796,0,loiter
708,4007.26,4538.944,12.394,36.659,94.147,356.867,0.209083,1476.122,16.615,33.368,0,loiter
709,5294.405,5796.689,20.556,44.04,95.538,348.317,0.210088,1455.318,15.177,35.591,0,loiter
710,3945.227,4587.412,12.867,40.189,107.572,425.484,0.1953,1427.414,25.097,33.326,0,loiter
711,3939.016,4462.708,20.368,37.982,95.14,357.102,0.208694,1445.918,16.525,35.755,0,loiter
712,3895.725,4241.647,4.706,36.389,98.514,253.081,0.203874,1440.694,-6.403,35.922,0,loiter
713,3772.918,4323.477,11.469,34.853,109.042,372.721,0.191917,1457.313,13.531,34.695,0,loiter
714,4116.429,4839.946,5.99,37.922,103.861,464.432,0.198468,1465.109,34.175,34.685,0,loiter
715,3171.248,3609.32,13.39,31.299,106.401,308.93,0.19351,1477.675,1.781,35.199,0,loiter
716,3531.843,3891.676,3.88,31.573,98.825,258.333,0.201392,1501.673,-5.974,35.177,0,loiter
717,4925.052,5647.894,33.163,41.871,110.316,480.971,0.192904,1467.59,34.781,35.252,0,loiter
718,3420.547,3901.962,15.377,34.041,106.388,334.891,0.194563,1455.71,7.157,34.149,0,loiter
719,3655.877,4286.22,11.309,35.728,108.033,416.47,0.193486,1445.247,22.581,34.359,0,loiter
720,3843.733,4311.052,18.996,34.33,97.037,324.689,0.204587,1496.912,8.427,34.978,0,loiter
