sample_id,profile_id,voltage_kv,frequency_hz,phase_mean_deg,phase_std_deg,pulse_count,mean_charge_pc,max_charge_pc,charge_iqr_pc,repetition_rate_hz,positive_negative_ratio,waveform_rise_ns,waveform_width_ns,prpd_entropy,defect_class,defect_code,has_partial_discharge,risk_score,high_risk,phase_cluster_low_deg,phase_cluster_high_deg,noise_floor_pc
1,3,20.397,50.0,273.133,36.876,28,124.745,279.785,38.652,13.613,1.2114,45.129,215.033,0.62652,internal,3,1,1.0,1,236.258,310.009,3.869
2,5,12.175,50.0,160.832,94.291,7,4.531,8.809,1.324,2.486,1.2702,21.661,115.778,0.26483,no_pd,0,0,0.0,0,66.541,255.124,3.805
3,8,6.13,50.0,150.155,65.063,38,48.47,99.122,25.782,19.986,1.4766,42.277,152.701,0.5498,surface,2,1,0.71934,1,85.092,215.218,3.863
4,8,11.073,60.0,244.695,107.603,4,10.541,13.516,4.433,1.685,1.3276,19.782,89.182,0.27084,no_pd,0,0,0.06433,0,137.092,352.298,3.979
5,6,19.976,50.0,63.716,34.493,35,217.788,373.173,112.81,18.231,0.8527,54.238,191.714,0.76306,internal,3,1,1.0,1,29.223,98.21,0.676
6,3,13.645,50.0,52.667,37.34,56,150.296,309.765,69.183,25.956,0.7905,54.09,199.942,0.72946,internal,3,1,1.0,1,15.327,90.007,1.659
7,2,10.699,50.0,202.409,81.301,10,12.161,29.351,5.019,4.486,1.0277,23.611,92.993,0.147,no_pd,0,0,0.12978,0,121.108,283.71,1.892
8,4,16.996,50.0,221.937,35.501,48,133.89,312.49,52.185,25.182,0.9762,43.699,176.217,0.7494,internal,3,1,1.0,1,186.436,257.438,3.245
9,4,15.185,50.0,152.352,99.329,10,5.26,12.413,1.223,4.88,0.6458,22.154,102.518,0.18238,no_pd,0,0,0.03911,0,53.023,251.68,3.208
10,8,16.628,50.0,255.397,33.033,43,29.565,44.994,12.772,21.63,0.9205,51.256,164.961,0.79116,internal,3,1,0.96236,1,222.363,288.43,3.814
11,4,11.644,50.0,108.652,63.866,24,0.5,1.285,0.23,12.19,1.451,31.536,124.087,0.67457,surface,2,1,0.6119,0,44.786,172.518,4.272
12,1,20.99,60.0,141.615,45.696,28,125.966,240.331,41.907,16.488,1.1527,34.158,151.895,0.56435,surface,2,1,0.82704,1,95.919,187.311,1.663
13,6,6.682,60.0,99.438,19.504,15,59.965,80.602,12.224,9.725,1.7648,35.561,153.645,0.40074,corona,1,1,0.44661,0,79.934,118.942,2.511
14,4,18.772,50.0,225.847,34.389,41,123.42,281.54,43.554,20.923,0.6304,42.395,200.996,0.78952,internal,3,1,1.0,1,191.458,260.236,1.651
15,7,14.357,50.0,164.22,96.913,8,16.543,22.685,4.735,4.088,0.8144,21.339,77.331,0.14008,no_pd,0,0,0.0547,0,67.307,261.133,0.507
16,3,13.734,50.0,153.746,53.893,26,87.065,122.38,34.845,13.295,1.1622,41.89,165.162,0.64065,surface,2,1,0.81529,1,99.854,207.639,4.342
17,3,15.719,50.0,176.396,103.376,15,7.901,19.258,3.587,8.401,0.8007,21.675,106.39,0.23769,no_pd,0,0,0.13266,0,73.02,279.771,0.61
18,8,20.756,50.0,96.733,20.98,25,0.5,0.765,0.198,10.84,1.4426,33.163,99.687,0.39986,corona,1,1,0.33716,0,75.753,117.713,2.448
19,5,21.583,50.0,79.828,25.148,20,61.133,141.575,28.09,10.88,1.9727,30.799,119.836,0.4232,corona,1,1,0.50646,0,54.68,104.977,0.935
20,6,17.025,50.0,234.467,102.35,14,3.118,7.639,0.802,6.112,0.7637,21.714,69.374,0.28774,no_pd,0,0,0.14854,0,132.117,336.817,2.423
21,1,10.51,50.0,137.197,69.53,28,106.31,221.778,40.714,15.478,0.8739,42.664,133.545,0.52698,surface,2,1,0.78086,1,67.666,206.727,2.743
22,1,11.322,60.0,145.501,51.434,35,101.436,208.189,31.09,23.082,1.0626,36.78,144.096,0.62241,surface,2,1,0.78904,1,94.067,196.936,2.256
23,3,12.296,50.0,226.439,83.099,7,10.635,15.067,3.696,3.776,1.3259,22.819,114.356,0.21578,no_pd,0,0,0.08182,0,143.34,309.538,2.628
24,6,6.927,50.0,105.832,47.477,32,169.947,417.858,87.253,16.92,1.3844,42.627,152.08,0.60402,surface,2,1,0.97459,1,58.355,153.309,2.205
25,6,10.079,50.0,100.261,18.478,26,30.69,41.765,9.891,11.35,1.3919,25.592,138.537,0.4928,corona,1,1,0.40382,0,81.783,118.739,3.015
26,1,21.049,50.0,63.498,28.594,54,93.263,177.313,36.912,26.547,1.0321,60.12,193.069,0.85691,internal,3,1,1.0,1,34.904,92.091,0.943
27,4,16.3,50.0,108.733,24.067,16,28.552,64.358,11.409,8.137,1.6014,29.794,127.319,0.41229,corona,1,1,0.35613,0,84.665,132.8,2.95
28,6,6.735,50.0,94.112,28.219,10,75.747,106.528,33.7,3.234,1.8261,37.589,117.975,0.39064,corona,1,1,0.46904,0,65.893,122.331,3.319
29,3,8.718,50.0,158.169,93.025,15,9.874,12.374,4.196,8.479,0.9415,24.833,81.635,0.27935,no_pd,0,0,0.11312,0,65.144,251.194,0.469
30,6,9.882,50.0,83.921,21.803,18,80.687,118.291,43.75,10.242,1.7398,24.984,125.29,0.26542,corona,1,1,0.48817,0,62.118,105.724,1.102
31,7,21.865,50.0,84.106,25.097,19,54.331,139.363,26.411,11.182,2.1273,33.426,111.213,0.38585,corona,1,1,0.38927,0,59.009,109.203,0.573
32,7,8.169,50.0,80.304,27.452,21,23.004,54.033,10.469,9.944,1.9468,31.273,135.416,0.53221,corona,1,1,0.3671,0,52.852,107.757,1.252
33,4,6.744,50.0,81.696,23.644,16,72.737,174.395,20.241,7.163,1.8585,33.799,123.631,0.38675,corona,1,1,0.48568,0,58.052,105.341,2.978
34,6,23.8,60.0,153.016,44.389,31,85.06,151.756,19.124,20.454,1.6464,38.649,172.435,0.7318,surface,2,1,0.75399,1,108.627,197.405,2.358
35,6,15.164,50.0,184.84,108.569,5,5.631,12.875,1.685,3.883,0.9714,23.007,88.732,0.13028,no_pd,0,0,0.01906,0,76.271,293.409,3.377
36,1,18.298,50.0,235.431,28.003,56,14.849,33.613,7.949,27.756,0.5468,48.084,200.976,0.72721,internal,3,1,0.89129,1,207.427,263.434,3.172
37,4,17.016,50.0,112.388,53.579,41,51.905,130.86,13.095,19.587,0.8735,42.621,158.164,0.58439,surface,2,1,0.70143,1,58.809,165.966,0.655
38,3,10.134,50.0,177.468,106.443,8,4.684,8.757,1.151,3.526,0.7733,24.34,114.64,0.198,no_pd,0,0,0.05131,0,71.024,283.911,1.715
39,2,21.889,50.0,90.079,19.594,26,25.67,59.493,13.761,13.285,1.3519,32.803,113.858,0.5183,corona,1,1,0.34131,0,70.485,109.673,0.473
40,8,8.858,60.0,103.271,20.264,28,13.476,19.064,5.509,16.963,1.7206,20.591,97.512,0.45182,corona,1,1,0.34762,0,83.007,123.535,2.465
41,5,18.593,50.0,140.968,55.779,35,86.248,199.241,24.942,16.988,0.9612,38.458,112.85,0.60821,surface,2,1,0.83619,1,85.19,196.747,2.328
42,8,9.454,60.0,245.475,37.974,55,3.28,5.939,1.48,31.459,1.0363,54.05,187.44,0.79988,internal,3,1,0.85433,1,207.501,283.449,2.382
43,6,6.742,50.0,152.037,63.95,23,142.17,355.267,26.776,13.717,0.9629,40.819,172.882,0.60691,surface,2,1,0.81366,1,88.087,215.988,3.203
44,3,11.317,50.0,55.119,40.488,39,209.637,329.992,81.914,20.563,0.9704,43.202,206.207,0.78284,internal,3,1,1.0,1,14.631,95.606,2.966
45,1,23.979,50.0,92.812,21.745,27,50.24,101.818,27.267,14.365,1.488,42.449,140.785,0.3497,corona,1,1,0.45737,0,71.067,114.557,2.024
46,4,7.735,50.0,215.815,93.628,14,10.496,26.066,4.085,6.462,1.2523,14.718,66.365,0.18651,no_pd,0,0,0.08725,0,122.187,309.444,3.461
47,8,21.971,50.0,148.056,50.36,24,111.847,287.397,30.911,11.314,1.4507,45.853,166.282,0.589,surface,2,1,0.80341,1,97.697,198.416,3.116
48,2,21.876,50.0,170.811,101.638,13,13.829,20.925,3.088,9.503,1.4856,20.062,75.209,0.18581,no_pd,0,0,0.12208,0,69.173,272.449,2.769
49,7,18.704,50.0,172.248,102.325,12,4.616,10.92,1.505,7.593,0.7161,26.581,106.167,0.37971,no_pd,0,0,0.07515,0,69.924,274.573,4.466
50,3,15.351,50.0,97.712,29.217,24,10.866,27.386,5.686,13.741,1.7273,26.142,86.073,0.44206,corona,1,1,0.3215,0,68.495,126.928,3.853
51,1,21.564,50.0,140.867,54.892,33,77.208,114.941,39.056,14.867,1.3158,35.098,170.252,0.53786,surface,2,1,0.71623,1,85.975,195.759,1.266
52,4,20.693,60.0,50.597,31.446,43,126.398,290.476,29.75,26.209,1.1515,50.645,176.762,0.7834,internal,3,1,1.0,1,19.151,82.043,2.858
53,8,10.937,60.0,154.852,50.891,24,71.398,167.428,33.675,17.231,1.2293,48.902,152.788,0.63562,surface,2,1,0.75374,1,103.961,205.743,1.35
54,1,23.009,50.0,67.931,35.568,33,176.385,269.257,83.181,14.635,0.7228,49.506,173.67,0.83662,internal,3,1,1.0,1,32.363,103.499,1.677
55,4,10.436,50.0,149.119,58.734,38,171.159,400.885,72.133,22.385,0.8425,40.715,163.129,0.49872,surface,2,1,1.0,1,90.385,207.853,3.944
56,8,22.894,50.0,172.029,83.751,8,0.5,0.838,0.209,4.89,0.9619,20.291,99.359,0.20199,no_pd,0,0,0.03797,0,88.278,255.78,3.019
57,3,17.536,50.0,86.326,19.617,19,73.974,97.625,31.769,10.019,1.8689,35.909,166.94,0.31684,corona,1,1,0.54079,0,66.709,105.942,3.391
58,3,20.446,60.0,100.052,19.355,27,68.469,173.591,36.525,15.833,1.7744,34.052,110.342,0.38237,corona,1,1,0.43734,0,80.697,119.407,1.819
59,2,13.094,50.0,141.733,59.584,27,61.748,130.957,30.46,14.868,1.358,39.57,155.719,0.61556,surface,2,1,0.67764,1,82.149,201.316,2.889
60,8,15.133,50.0,160.998,60.961,9,14.197,24.074,5.233,3.311,1.0512,19.757,113.814,0.26463,no_pd,0,0,0.07765,0,100.038,221.959,0.448
61,1,16.18,50.0,165.172,115.0,19,7.097,14.576,3.518,8.959,0.8724,19.848,98.677,0.2918,no_pd,0,0,0.05933,0,50.172,280.172,1.768
62,3,9.218,60.0,138.263,53.351,25,131.409,171.489,69.394,15.01,1.328,39.703,196.265,0.68623,surface,2,1,0.91659,1,84.912,191.614,1.039
63,7,21.292,50.0,100.265,20.54,16,39.024,93.858,15.787,7.591,2.0141,46.105,107.482,0.43888,corona,1,1,0.37035,0,79.725,120.804,1.259
64,7,13.429,50.0,60.035,23.944,56,81.779,176.79,43.01,27.108,0.5971,44.098,192.878,0.74964,internal,3,1,1.0,1,36.092,83.979,3.936
65,7,14.386,50.0,158.458,93.429,5,8.313,18.699,2.876,3.357,0.7421,24.075,82.636,0.13567,no_pd,0,0,0.06521,0,65.029,251.887,3.244
66,2,7.148,50.0,211.511,85.062,12,2.948,3.989,1.081,7.84,1.4244,23.214,109.214,0.23958,no_pd,0,0,0.03073,0,126.448,296.573,1.636
67,3,7.652,50.0,161.373,68.273,18,101.88,149.185,52.195,9.652,1.2668,41.706,161.549,0.66725,surface,2,1,0.78574,1,93.099,229.646,2.178
68,2,22.059,50.0,95.855,21.508,21,0.5,0.852,0.254,7.293,1.8868,23.352,113.672,0.42226,corona,1,1,0.31366,0,74.346,117.363,3.87
69,4,8.181,60.0,99.411,17.335,33,44.647,94.865,17.119,18.546,1.5406,25.229,142.267,0.44821,corona,1,1,0.48234,0,82.076,116.747,2.841
70,1,12.593,50.0,159.186,80.429,21,22.823,53.765,4.977,9.764,0.8565,5.958,113.287,0.2234,no_pd,0,0,0.1248,0,78.756,239.615,1.215
71,7,10.555,50.0,80.578,21.285,25,57.387,104.191,20.527,11.167,1.7391,33.098,122.975,0.4068,corona,1,1,0.51486,0,59.293,101.863,1.369
72,3,22.529,50.0,61.614,29.944,26,195.64,254.87,105.449,13.361,1.0432,61.074,190.677,0.70241,internal,3,1,1.0,1,31.67,91.558,4.337
73,2,14.217,50.0,179.713,110.657,12,8.419,16.658,3.888,6.098,0.9935,22.893,90.382,0.2702,no_pd,0,0,0.07925,0,69.056,290.371,0.55
74,5,15.964,50.0,50.476,28.746,56,131.744,236.547,38.97,26.51,0.9032,52.729,187.68,0.78305,internal,3,1,1.0,1,21.73,79.223,2.623
75,2,10.505,50.0,146.667,103.95,12,8.284,16.337,4.176,5.991,0.864,24.2,114.782,0.19748,no_pd,0,0,0.1231,0,42.717,250.616,4.307
76,1,7.36,60.0,72.28,20.299,13,55.82,127.359,23.248,9.533,1.9779,28.063,110.546,0.45341,corona,1,1,0.45565,0,51.981,92.579,1.003
77,8,16.504,50.0,265.524,52.2,11,16.85,30.646,4.325,5.745,0.6475,16.2,72.472,0.23685,no_pd,0,0,0.10686,0,213.324,317.723,1.463
78,2,9.467,50.0,195.353,66.38,11,17.508,43.684,4.439,6.083,1.0449,14.529,89.123,0.21175,no_pd,0,0,0.0798,0,128.973,261.733,1.649
79,6,20.257,50.0,80.724,21.711,18,34.775,81.087,6.899,7.274,2.0425,26.943,131.758,0.47601,corona,1,1,0.396,0,59.012,102.435,2.035
80,7,11.198,60.0,153.841,48.812,29,93.212,143.69,31.542,17.073,1.4095,35.931,158.381,0.55471,surface,2,1,0.84205,1,105.029,202.653,2.232
81,6,17.392,50.0,85.155,24.13,17,42.64,80.36,20.673,9.1,1.8511,28.745,147.147,0.42981,corona,1,1,0.45298,0,61.025,109.285,3.77
82,7,12.524,50.0,240.624,115.0,11,0.755,1.946,0.268,3.22,1.4491,23.737,72.247,0.19531,no_pd,0,0,0.00859,0,125.624,355.624,1.652
83,8,15.395,50.0,141.147,98.951,12,11.139,27.872,4.95,4.036,0.6375,20.241,98.732,0.25109,no_pd,0,0,0.08192,0,42.196,240.097,0.981
84,4,14.828,50.0,218.831,98.733,12,12.349,26.367,5.166,5.081,0.7711,19.239,106.352,0.24331,no_pd,0,0,0.12573,0,120.098,317.564,2.076
85,8,19.309,50.0,54.529,37.537,45,0.5,1.037,0.113,20.413,1.0025,46.535,170.719,0.72067,internal,3,1,0.81515,1,16.992,92.066,4.371
86,4,18.786,60.0,241.98,30.254,40,154.501,219.089,60.955,23.506,1.27,44.928,176.333,0.81179,internal,3,1,1.0,1,211.726,272.234,1.843
87,5,9.033,50.0,57.121,37.397,36,95.919,149.656,27.949,16.604,0.9238,57.906,154.404,0.69288,internal,3,1,0.97873,1,19.724,94.518,1.825
88,2,18.117,50.0,79.56,23.759,24,70.554,131.442,32.04,12.636,1.4839,36.004,148.419,0.44505,corona,1,1,0.45946,0,55.801,103.319,3.246
89,2,22.004,50.0,152.692,76.061,34,86.987,147.931,47.712,18.389,1.3806,32.301,145.206,0.63292,surface,2,1,0.77105,1,76.631,228.753,1.505
90,1,22.945,50.0,279.96,36.581,59,208.532,501.793,63.357,28.768,0.873,57.323,181.189,0.75541,internal,3,1,1.0,1,243.379,316.542,0.93
91,5,23.454,50.0,234.261,40.752,45,216.797,445.832,54.102,22.148,0.9331,51.437,214.031,0.72641,internal,3,1,1.0,1,193.509,275.014,2.805
92,1,7.648,50.0,191.406,78.246,7,0.5,0.798,0.134,2.772,1.0285,17.81,82.269,0.19348,no_pd,0,0,0.0413,0,113.16,269.653,1.435
93,2,19.526,50.0,128.13,99.558,10,5.214,13.501,2.087,7.199,1.0887,21.175,78.866,0.27738,no_pd,0,0,0.09808,0,28.572,227.687,2.047
94,2,8.935,50.0,84.517,24.486,25,43.725,56.361,21.149,11.777,1.6712,26.398,135.056,0.35977,corona,1,1,0.39606,0,60.031,109.003,3.542
95,8,12.675,50.0,87.828,25.116,20,67.69,131.799,27.631,11.95,1.8177,33.48,127.011,0.38618,corona,1,1,0.50902,0,62.711,112.944,1.222
96,8,18.616,50.0,96.588,29.753,52,128.219,281.875,50.055,24.702,0.8196,48.604,176.465,0.85104,internal,3,1,1.0,1,66.835,126.341,2.179
97,4,22.471,50.0,84.007,20.344,22,38.691,70.998,13.561,9.216,2.1458,26.001,104.275,0.38288,corona,1,1,0.39819,0,63.663,104.351,3.016
98,7,18.564,50.0,116.935,62.806,34,73.434,124.296,36.678,17.251,1.2117,38.824,139.887,0.55527,surface,2,1,0.78554,1,54.129,179.741,4.043
99,6,14.994,50.0,94.856,24.028,19,72.031,140.567,22.383,8.05,1.6429,20.962,135.242,0.47701,corona,1,1,0.46047,0,70.828,118.884,3.936
100,2,6.667,50.0,91.206,19.102,18,13.216,21.545,4.902,11.411,1.9856,35.608,121.617,0.41492,corona,1,1,0.3185,0,72.103,110.308,3.058
101,2,12.135,50.0,172.678,113.932,11,14.539,35.492,7.434,7.055,0.8052,28.124,86.56,0.34097,no_pd,0,0,0.11601,0,58.746,286.61,1.28
102,5,12.331,50.0,249.569,25.609,31,173.683,290.109,64.961,15.333,0.9681,49.502,187.665,0.76778,internal,3,1,1.0,1,223.96,275.178,3.03
103,1,6.723,50.0,166.081,77.816,7,8.523,14.323,1.646,5.143,0.7225,18.529,103.692,0.20366,no_pd,0,0,0.06428,0,88.265,243.897,3.89
104,2,13.002,60.0,64.029,28.447,42,272.518,463.745,64.713,23.978,0.9072,35.857,176.848,0.75709,internal,3,1,1.0,1,35.582,92.476,0.48
105,5,21.532,50.0,58.871,32.376,33,122.672,245.721,40.56,16.951,0.8632,43.017,187.936,0.83731,internal,3,1,1.0,1,26.495,91.247,0.838
106,5,11.326,50.0,178.061,98.683,12,2.211,2.902,0.722,6.306,0.7612,27.811,93.44,0.30694,no_pd,0,0,0.08664,0,79.378,276.744,4.391
107,6,19.4,50.0,86.036,26.389,26,25.855,43.43,10.375,11.557,1.8587,28.263,136.008,0.38409,corona,1,1,0.42671,0,59.647,112.425,4.023
108,7,12.901,50.0,71.087,29.709,51,133.152,336.715,67.346,26.733,0.6348,50.974,178.485,0.85262,internal,3,1,1.0,1,41.378,100.796,3.386
109,3,16.801,60.0,98.449,23.154,17,23.273,31.097,12.438,10.857,2.0208,29.515,99.243,0.33742,corona,1,1,0.28541,0,75.295,121.603,2.532
110,1,12.532,50.0,174.884,94.44,9,3.185,4.019,1.33,5.96,1.0144,20.722,62.754,0.31241,no_pd,0,0,0.04725,0,80.445,269.324,1.232
111,8,13.514,60.0,139.951,61.295,25,40.412,53.566,21.414,13.5,1.4537,40.608,162.666,0.4622,surface,2,1,0.6687,1,78.656,201.247,1.941
112,8,10.307,50.0,150.022,57.113,28,8.898,15.337,4.317,13.3,1.097,38.991,146.815,0.61025,surface,2,1,0.59673,0,92.909,207.136,0.801
113,5,17.755,50.0,63.868,27.776,41,216.338,358.622,79.073,22.572,0.7743,40.69,198.751,0.86606,internal,3,1,1.0,1,36.093,91.644,3.155
114,2,14.388,50.0,141.386,115.0,13,5.961,7.935,2.823,4.565,1.1427,24.143,84.405,0.16922,no_pd,0,0,0.03299,0,26.386,256.386,3.985
115,2,11.685,50.0,50.693,40.07,33,98.152,153.288,21.932,16.078,1.1019,51.548,173.896,0.81826,internal,3,1,1.0,1,10.622,90.763,1.691
116,2,8.989,60.0,78.626,31.982,31,160.316,284.352,58.717,20.133,0.8696,46.994,190.594,0.81707,internal,3,1,1.0,1,46.644,110.608,2.224
117,6,12.554,50.0,262.13,20.901,34,80.924,201.855,39.662,17.934,0.7999,48.822,183.704,0.80739,internal,3,1,0.95878,1,241.228,283.031,3.878
118,8,14.256,50.0,238.849,32.454,47,258.77,394.201,62.509,23.413,1.281,47.06,191.667,0.7639,internal,3,1,1.0,1,206.394,271.303,1.81
119,2,22.914,50.0,102.898,22.934,27,0.5,0.991,0.107,11.867,1.8466,31.907,121.972,0.35079,corona,1,1,0.29571,0,79.964,125.832,0.499
120,2,7.352,50.0,156.788,107.954,12,6.946,15.555,1.286,4.383,1.2221,31.876,93.39,0.2041,no_pd,0,0,0.06874,0,48.834,264.742,3.698
121,3,22.276,50.0,100.148,51.05,27,115.265,192.094,21.766,13.701,1.5691,33.729,139.998,0.6066,surface,2,1,0.79072,1,49.098,151.198,1.82
122,3,18.685,50.0,114.695,51.45,30,37.495,67.156,15.222,15.19,1.4187,49.451,167.495,0.51929,surface,2,1,0.66387,1,63.246,166.145,0.906
123,7,23.222,50.0,61.115,33.586,59,68.833,153.36,37.325,28.636,1.3118,53.572,195.886,0.79234,internal,3,1,1.0,1,27.529,94.701,1.104
124,2,8.008,60.0,204.913,84.554,6,5.587,13.754,2.588,1.271,0.955,21.293,105.283,0.31999,no_pd,0,0,0.0,0,120.359,289.467,2.066
125,1,18.668,50.0,95.01,26.164,24,9.589,12.952,5.162,13.157,1.6555,27.355,109.79,0.33702,corona,1,1,0.33092,0,68.846,121.174,2.252
126,7,9.509,50.0,233.907,30.428,39,207.679,363.13,67.359,19.156,0.5906,36.714,195.893,0.76215,internal,3,1,1.0,1,203.478,264.335,1.576
127,7,22.05,50.0,93.136,18.891,23,111.988,282.712,55.179,11.049,1.7929,29.288,132.124,0.43812,corona,1,1,0.61432,0,74.245,112.026,3.276
128,3,15.599,50.0,97.487,21.121,25,25.885,38.071,7.523,12.273,1.481,30.814,113.829,0.35322,corona,1,1,0.39981,0,76.366,118.607,3.747
129,5,12.219,60.0,168.387,105.351,8,6.022,14.538,2.32,4.21,1.2316,31.095,91.862,0.26721,no_pd,0,0,0.0235,0,63.035,273.738,2.628
130,3,17.87,50.0,85.177,18.181,24,48.48,111.019,25.795,10.794,1.6256,29.349,126.042,0.48012,corona,1,1,0.46175,0,66.996,103.358,3.338
131,1,7.42,50.0,156.128,57.029,33,21.215,30.721,9.226,16.418,1.3502,39.658,154.37,0.59456,surface,2,1,0.64485,1,99.099,213.158,0.542
132,1,21.38,50.0,244.429,17.609,40,73.042,175.052,23.002,20.336,1.3316,47.141,176.614,0.65509,internal,3,1,1.0,1,226.82,262.038,3.358
133,2,21.769,50.0,119.636,61.153,36,144.447,363.707,48.993,16.799,1.447,43.644,168.704,0.6162,surface,2,1,1.0,1,58.483,180.789,4.317
134,6,19.656,50.0,67.482,22.676,48,76.934,159.288,24.013,24.199,0.7815,50.581,213.581,0.74877,internal,3,1,1.0,1,44.806,90.158,3.607
135,4,13.792,50.0,110.312,27.516,23,57.887,105.2,27.86,12.271,1.5015,34.851,128.838,0.34674,corona,1,1,0.4595,0,82.796,137.827,3.502
136,2,7.988,50.0,49.842,23.853,39,223.155,365.073,55.389,18.161,0.9295,48.09,195.62,0.7891,internal,3,1,1.0,1,25.99,73.695,3.578
137,7,6.796,50.0,148.423,50.026,32,0.5,1.217,0.212,15.761,0.5595,43.074,168.889,0.49269,surface,2,1,0.62168,1,98.398,198.449,3.402
138,8,17.261,50.0,153.572,60.651,28,74.061,181.913,36.713,12.839,1.2784,35.046,161.854,0.65563,surface,2,1,0.7978,1,92.921,214.223,0.469
139,4,15.389,50.0,95.731,30.197,32,33.479,73.719,6.031,13.771,1.5182,37.306,114.217,0.35611,corona,1,1,0.41992,0,65.535,125.928,3.497
140,6,20.501,50.0,217.588,101.747,13,3.776,7.145,0.936,6.887,0.7148,14.625,101.15,0.21121,no_pd,0,0,0.00768,0,115.841,319.335,2.029
141,6,12.516,50.0,92.315,23.696,29,74.45,133.443,36.609,15.937,1.9037,30.229,102.657,0.45204,corona,1,1,0.45572,0,68.619,116.01,3.344
142,7,18.18,60.0,63.962,34.367,34,196.587,350.208,94.419,19.186,0.9315,43.236,229.682,0.81132,internal,3,1,1.0,1,29.595,98.33,0.944
143,7,15.271,50.0,161.355,83.357,10,0.5,0.644,0.142,5.333,0.8032,20.216,76.462,0.27498,no_pd,0,0,0.11953,0,77.998,244.712,0.403
144,5,15.434,50.0,138.375,67.231,30,139.78,299.091,52.535,14.689,0.8351,32.745,150.829,0.62361,surface,2,1,0.82453,1,71.144,205.606,3.362
145,3,14.47,50.0,57.027,36.743,43,155.272,258.882,32.738,20.268,0.6709,43.373,197.471,0.73839,internal,3,1,1.0,1,20.285,93.77,1.016
146,6,21.303,50.0,261.51,41.625,41,27.32,45.949,11.061,23.201,0.756,45.637,189.353,0.77498,internal,3,1,0.8749,1,219.885,303.135,2.414
147,2,19.827,50.0,119.774,55.543,39,62.783,141.588,19.9,18.54,1.313,30.062,153.098,0.53644,surface,2,1,0.73749,1,64.231,175.317,1.402
148,5,22.668,50.0,91.484,19.598,22,37.042,85.911,19.329,9.907,1.9002,27.525,131.088,0.37907,corona,1,1,0.40138,0,71.886,111.081,3.204
149,8,16.909,50.0,87.577,20.359,11,15.416,22.666,5.334,6.228,2.0992,42.523,148.694,0.56027,corona,1,1,0.38936,0,67.218,107.935,2.188
150,4,23.96,50.0,57.601,29.592,43,190.974,450.502,85.576,21.343,1.1825,47.164,180.385,0.73184,internal,3,1,1.0,1,28.008,87.193,0.579
151,1,14.418,50.0,261.472,26.723,34,212.501,432.876,111.301,18.615,1.0798,44.823,205.033,0.79832,internal,3,1,1.0,1,234.748,288.195,0.463
152,7,19.559,60.0,130.478,64.677,37,10.398,13.796,3.763,21.273,1.4282,48.937,185.683,0.49521,surface,2,1,0.65063,1,65.801,195.155,3.571
153,2,17.199,50.0,166.372,90.318,15,12.428,27.702,4.353,6.391,1.1705,21.278,71.667,0.23305,no_pd,0,0,0.10318,0,76.054,256.69,0.966
154,5,21.511,50.0,159.13,104.369,9,4.335,5.796,1.638,3.228,0.4636,15.899,120.456,0.24402,no_pd,0,0,0.0,0,54.761,263.499,2.108
155,1,6.832,50.0,122.941,39.073,32,11.729,17.864,5.005,17.313,0.9938,33.975,183.367,0.56847,surface,2,1,0.53638,0,83.868,162.014,3.585
156,1,13.484,60.0,128.68,62.88,37,43.389,87.635,20.854,22.589,1.2864,33.385,173.623,0.60614,surface,2,1,0.69328,1,65.8,191.56,1.638
157,7,9.933,50.0,60.709,35.68,45,129.625,312.574,37.289,21.76,1.0135,50.887,197.625,0.74529,internal,3,1,1.0,1,25.028,96.389,1.752
158,8,19.657,50.0,177.743,103.505,12,8.703,19.443,1.825,5.0,1.2347,31.358,74.365,0.19246,no_pd,0,0,0.061,0,74.238,281.248,3.342
159,5,10.677,50.0,103.916,25.567,25,0.5,1.28,0.1,12.343,2.0521,31.392,98.786,0.53956,corona,1,1,0.35361,0,78.349,129.483,3.675
160,1,11.512,50.0,200.386,72.054,15,3.791,7.76,0.696,7.359,1.151,25.358,108.32,0.31669,no_pd,0,0,0.13933,0,128.332,272.441,3.007
161,1,11.017,50.0,92.663,20.412,19,0.548,1.291,0.219,9.182,1.793,32.635,99.568,0.40966,corona,1,1,0.24025,0,72.251,113.076,2.206
162,5,18.155,50.0,91.99,61.238,15,3.096,6.801,1.243,8.325,0.9581,14.582,92.328,0.17959,no_pd,0,0,0.13943,0,30.753,153.228,2.303
163,5,23.239,50.0,97.325,20.946,19,1.444,2.112,0.663,9.645,2.2131,40.702,130.049,0.38737,corona,1,1,0.27233,0,76.379,118.272,2.741
164,8,20.147,50.0,243.337,28.007,51,47.437,72.339,17.51,26.691,1.1633,50.784,175.917,0.8111,internal,3,1,0.96723,1,215.33,271.344,1.669
165,7,16.728,50.0,187.91,104.978,14,2.633,5.718,0.737,6.748,1.0843,16.68,137.721,0.19064,no_pd,0,0,0.0136,0,82.933,292.888,0.984
166,4,14.843,50.0,44.258,38.61,38,317.223,697.264,96.818,19.159,0.6702,56.714,215.395,0.71392,internal,3,1,1.0,1,5.648,82.868,2.119
167,8,13.369,50.0,122.833,49.429,45,30.988,58.373,16.571,22.994,1.0531,35.916,146.369,0.5796,surface,2,1,0.70998,1,73.404,172.263,0.528
168,8,14.408,50.0,80.676,19.024,29,36.732,47.914,19.72,15.05,1.479,22.822,140.986,0.46401,corona,1,1,0.44541,0,61.651,99.7,1.892
169,1,17.918,50.0,190.167,93.795,17,0.5,0.686,0.203,8.742,1.0852,12.535,81.698,0.29201,no_pd,0,0,0.10038,0,96.372,283.961,4.267
170,8,14.379,60.0,172.44,61.195,24,136.993,202.604,28.371,14.57,1.2396,49.804,166.389,0.59738,surface,2,1,0.84817,1,111.245,233.635,4.479
171,3,6.831,50.0,146.879,62.245,26,82.99,159.986,23.744,11.899,1.0562,42.193,152.514,0.53589,surface,2,1,0.74286,1,84.634,209.123,2.143
172,4,11.708,60.0,142.06,47.869,21,75.206,184.667,30.397,13.516,0.9176,44.261,178.536,0.76755,surface,2,1,0.69883,1,94.191,189.93,3.488
173,5,21.949,50.0,94.768,22.155,24,2.384,4.833,0.708,10.936,1.9873,32.624,115.342,0.34587,corona,1,1,0.39353,0,72.613,116.924,2.967
174,5,18.905,50.0,157.848,50.829,30,82.862,194.142,27.05,14.769,1.2373,36.177,174.239,0.68679,surface,2,1,0.74429,1,107.019,208.676,2.159
175,4,18.857,60.0,146.553,62.584,30,172.936,250.308,51.111,17.992,1.0303,39.3,173.14,0.51229,surface,2,1,0.91579,1,83.97,209.137,0.692
176,5,20.685,50.0,172.071,84.69,9,1.534,2.256,0.282,3.804,1.1002,20.284,102.553,0.28058,no_pd,0,0,0.0,0,87.381,256.761,0.706
177,6,16.305,50.0,192.392,74.33,8,0.5,0.997,0.268,4.488,1.0108,24.843,82.876,0.32413,no_pd,0,0,0.0,0,118.062,266.722,2.596
178,1,15.97,50.0,94.887,23.386,20,61.855,80.155,11.36,10.448,1.7985,28.272,156.048,0.47964,corona,1,1,0.44321,0,71.502,118.273,3.801
179,6,16.572,50.0,125.936,63.8,30,58.386,83.21,31.798,16.209,1.0899,38.17,163.399,0.4755,surface,2,1,0.68966,1,62.136,189.736,1.929
180,1,9.839,60.0,65.844,37.852,42,153.887,268.458,54.344,21.771,0.8483,57.035,185.46,0.72665,internal,3,1,1.0,1,27.992,103.696,2.629
181,8,22.695,50.0,59.985,21.083,41,110.721,258.6,33.861,19.69,0.6014,43.708,171.583,0.82438,internal,3,1,1.0,1,38.902,81.069,4.07
182,4,12.897,60.0,92.557,22.022,21,73.192,123.912,18.375,13.422,2.157,28.15,139.83,0.42638,corona,1,1,0.53466,0,70.535,114.579,2.56
183,6,12.257,50.0,94.396,20.073,28,43.048,103.478,12.829,11.723,1.7154,30.977,102.539,0.37805,corona,1,1,0.42709,0,74.324,114.469,2.063
184,4,17.419,50.0,100.697,24.212,18,25.656,49.681,10.844,8.167,1.91,23.956,109.345,0.34639,corona,1,1,0.37152,0,76.485,124.91,1.975
185,8,20.576,50.0,225.223,115.0,9,10.827,26.105,3.403,4.277,1.1518,19.105,78.062,0.36447,no_pd,0,0,0.12631,0,110.223,340.223,1.656
186,1,23.154,60.0,118.267,47.146,38,79.701,188.69,24.89,23.778,0.9731,33.957,186.95,0.62689,surface,2,1,0.86452,1,71.121,165.412,4.234
187,4,17.852,60.0,93.624,18.407,14,34.732,64.597,14.819,8.319,1.7797,28.19,142.267,0.39937,corona,1,1,0.31802,0,75.218,112.031,1.239
188,1,19.214,50.0,278.688,38.647,40,27.513,67.949,11.507,19.884,0.7341,54.747,186.117,0.71088,internal,3,1,0.84309,1,240.041,317.335,2.793
189,1,23.116,50.0,143.887,57.985,27,88.412,204.097,28.546,10.696,1.6423,40.405,119.799,0.58262,surface,2,1,0.75297,1,85.902,201.872,1.378
190,1,20.656,50.0,182.553,94.218,14,13.019,28.209,5.195,7.393,1.0045,27.218,73.552,0.24892,no_pd,0,0,0.07769,0,88.335,276.771,0.842
191,3,15.47,50.0,77.186,28.067,42,86.443,184.501,29.763,22.739,0.8583,48.912,174.578,0.81268,internal,3,1,1.0,1,49.119,105.253,1.783
192,8,19.229,50.0,146.807,45.196,30,113.772,215.464,33.01,16.255,1.1149,43.64,189.799,0.63822,surface,2,1,0.83349,1,101.612,192.003,4.305
193,1,20.178,60.0,97.132,31.366,14,42.49,82.677,15.504,7.71,2.0981,26.551,150.408,0.4106,corona,1,1,0.39241,0,65.766,128.498,0.757
194,4,22.018,50.0,70.73,27.488,47,17.672,33.786,8.296,26.564,1.1182,45.382,219.395,0.6136,internal,3,1,0.9265,1,43.242,98.218,2.031
195,2,23.137,50.0,48.637,25.402,33,238.885,499.925,100.932,16.974,0.9787,41.451,237.972,0.63204,internal,3,1,1.0,1,23.234,74.039,2.303
196,6,7.909,60.0,217.872,93.179,13,8.286,10.365,4.402,7.77,0.8987,23.284,85.085,0.29877,no_pd,0,0,0.13398,0,124.693,311.05,3.497
197,2,12.902,50.0,86.491,23.608,27,18.905,46.854,9.436,12.117,1.461,34.586,111.781,0.41873,corona,1,1,0.38907,0,62.884,110.099,4.074
198,2,20.988,50.0,228.35,30.444,53,201.189,272.163,44.616,26.482,1.1394,40.773,181.192,0.67024,internal,3,1,1.0,1,197.906,258.794,3.312
199,8,13.399,50.0,158.741,73.318,31,76.328,148.986,19.626,15.927,0.9137,43.971,177.404,0.66344,surface,2,1,0.83204,1,85.423,232.059,1.341
200,7,11.23,50.0,156.043,97.452,10,7.657,17.094,1.582,6.497,0.5879,20.753,69.432,0.31314,no_pd,0,0,0.08166,0,58.59,253.495,3.53
201,8,10.645,50.0,131.923,56.225,30,97.248,199.294,23.166,15.39,1.1796,37.977,151.975,0.58593,surface,2,1,0.83482,1,75.698,188.149,0.701
202,7,6.742,60.0,199.347,94.482,14,9.787,21.487,2.138,10.01,0.9038,25.408,86.543,0.27937,no_pd,0,0,0.09129,0,104.865,293.829,1.591
203,6,23.296,50.0,227.53,33.949,54,186.849,280.813,74.107,27.71,1.1856,53.164,196.304,0.8279,internal,3,1,1.0,1,193.581,261.478,1.867
204,6,20.376,50.0,253.01,109.871,16,13.947,34.293,4.298,8.254,0.3119,21.43,95.042,0.20497,no_pd,0,0,0.09972,0,143.139,2.88,3.618
205,3,20.258,50.0,167.676,115.0,10,16.008,21.475,6.135,4.042,1.078,17.889,66.174,0.24981,no_pd,0,0,0.07032,0,52.676,282.676,4.282
206,4,21.611,60.0,82.753,25.323,19,37.745,95.291,11.821,12.741,1.6121,31.945,128.746,0.40671,corona,1,1,0.41652,0,57.43,108.075,0.76
207,4,23.596,50.0,124.477,45.33,26,83.951,163.221,45.778,13.388,1.1063,34.172,159.467,0.62845,surface,2,1,0.72051,1,79.146,169.807,0.774
208,1,19.709,60.0,118.076,94.31,10,6.447,10.827,3.34,5.316,1.0131,20.55,105.275,0.25988,no_pd,0,0,0.16535,0,23.766,212.386,1.774
209,2,20.842,50.0,232.626,34.363,33,90.033,147.726,34.907,16.292,1.418,52.564,184.346,0.87801,internal,3,1,0.97863,1,198.262,266.989,3.981
210,2,9.661,60.0,179.99,108.003,13,1.028,1.964,0.363,8.422,1.0255,22.225,98.042,0.13271,no_pd,0,0,0.03183,0,71.987,287.994,2.822
211,8,8.513,50.0,87.788,17.132,25,0.5,0.909,0.196,11.796,1.8053,29.303,127.342,0.44136,corona,1,1,0.3316,0,70.655,104.92,4.219
212,7,8.617,50.0,107.6,22.649,20,57.669,143.658,26.519,9.101,1.6673,27.884,112.349,0.53369,corona,1,1,0.49663,0,84.952,130.249,4.217
213,6,15.791,50.0,84.012,22.734,22,38.196,85.196,7.501,12.206,1.8665,35.824,131.454,0.3905,corona,1,1,0.41736,0,61.277,106.746,2.369
214,6,10.219,50.0,118.509,67.642,34,132.689,175.351,46.579,17.256,1.3906,43.86,139.993,0.42968,surface,2,1,0.88299,1,50.867,186.151,3.153
215,3,14.003,50.0,194.535,87.28,10,17.526,25.37,5.132,5.138,0.9629,17.026,49.478,0.43477,no_pd,0,0,0.02746,0,107.255,281.815,2.045
216,5,11.048,50.0,90.894,22.952,20,74.81,144.012,22.504,10.106,2.1658,30.571,122.067,0.49341,corona,1,1,0.53183,0,67.942,113.846,1.47
217,3,22.147,50.0,119.463,53.421,17,80.398,184.436,22.278,6.515,1.4646,48.486,145.666,0.63635,surface,2,1,0.7338,1,66.043,172.884,0.466
218,5,21.591,50.0,194.104,96.141,11,7.502,16.312,2.74,4.637,0.7851,16.568,76.603,0.18039,no_pd,0,0,0.15092,0,97.963,290.246,3.112
219,8,15.221,60.0,89.938,21.926,24,41.482,85.676,17.249,16.378,1.9974,26.722,115.372,0.44299,corona,1,1,0.38406,0,68.012,111.864,1.509
220,5,23.511,50.0,138.727,69.898,34,73.19,150.687,32.027,16.888,1.0042,51.62,146.06,0.60119,surface,2,1,0.71784,1,68.829,208.625,2.016
221,6,6.744,60.0,83.791,24.081,23,86.245,203.27,30.953,13.232,1.7076,32.795,119.805,0.42146,corona,1,1,0.48322,0,59.71,107.872,4.126
222,7,7.476,60.0,87.632,22.685,19,37.386,50.719,12.868,10.502,1.5358,32.788,121.742,0.31009,corona,1,1,0.37286,0,64.948,110.317,2.904
223,8,14.604,60.0,62.385,30.053,42,242.671,387.595,43.958,23.825,0.9173,48.868,180.391,0.74118,internal,3,1,1.0,1,32.332,92.438,3.993
224,2,13.136,50.0,165.824,92.346,14,7.099,14.946,1.649,8.528,0.9018,24.763,107.415,0.23014,no_pd,0,0,0.04706,0,73.478,258.17,0.872
225,5,17.973,50.0,177.904,106.521,17,4.923,7.374,1.64,8.584,0.9469,18.505,113.556,0.14261,no_pd,0,0,0.029,0,71.383,284.424,1.723
226,3,18.25,50.0,86.827,20.884,27,68.983,169.631,21.349,14.921,2.2425,30.628,125.947,0.38541,corona,1,1,0.42405,0,65.942,107.711,0.503
227,5,20.679,50.0,165.114,63.417,38,161.113,248.243,79.309,19.539,1.5775,40.034,154.495,0.55321,surface,2,1,0.99413,1,101.697,228.531,3.381
228,7,16.406,50.0,86.692,25.216,15,42.167,101.074,16.909,8.527,1.8985,24.693,102.58,0.40847,corona,1,1,0.40318,0,61.476,111.908,1.198
229,3,7.507,50.0,206.724,108.346,5,8.778,12.937,4.446,1.04,0.9814,32.312,106.84,0.22194,no_pd,0,0,0.02687,0,98.378,315.071,0.552
230,4,8.986,50.0,203.016,103.804,18,4.427,7.821,2.006,9.261,0.8009,17.756,92.339,0.28976,no_pd,0,0,0.0918,0,99.212,306.819,3.296
231,4,12.492,50.0,154.669,45.569,34,0.5,1.286,0.259,16.731,1.0969,42.953,172.842,0.60451,surface,2,1,0.55304,0,109.1,200.238,0.694
232,3,13.057,50.0,91.466,18.272,16,40.625,68.709,7.942,6.867,1.6835,31.891,123.805,0.49422,corona,1,1,0.38577,0,73.193,109.738,3.961
233,3,10.125,60.0,101.194,65.02,32,54.402,134.159,22.848,21.635,0.996,32.154,180.955,0.80232,surface,2,1,0.72758,1,36.173,166.214,2.078
234,5,15.169,50.0,133.627,55.747,26,33.295,50.99,16.345,13.722,1.0315,46.984,125.626,0.54373,surface,2,1,0.66734,1,77.88,189.374,4.341
235,5,14.581,60.0,242.068,33.316,33,22.4,53.508,10.324,18.743,0.6805,45.848,209.951,0.81424,internal,3,1,0.84966,1,208.752,275.384,3.966
236,2,14.641,50.0,245.414,29.784,21,51.586,67.923,11.881,12.859,0.8493,46.164,194.805,0.81493,internal,3,1,0.83457,1,215.629,275.198,1.691
237,2,11.211,50.0,50.618,37.372,40,95.918,127.725,26.269,21.072,0.8891,47.609,174.643,0.82368,internal,3,1,1.0,1,13.246,87.991,1.243
238,2,20.176,50.0,120.113,57.141,28,97.243,162.576,50.941,13.939,1.202,44.647,151.382,0.49912,surface,2,1,0.75911,1,62.971,177.254,3.467
239,8,6.946,50.0,40.906,27.082,34,19.355,30.178,5.846,17.951,1.0087,62.994,222.831,0.77152,internal,3,1,0.80803,1,13.824,67.989,4.389
240,5,12.049,50.0,221.068,31.098,46,101.993,260.502,26.653,22.733,1.3023,38.297,162.743,0.76246,internal,3,1,1.0,1,189.971,252.166,3.202
241,7,18.175,50.0,160.581,56.859,39,63.078,158.309,31.13,21.603,0.9355,34.148,164.162,0.57823,surface,2,1,0.7305,1,103.722,217.44,1.559
242,2,21.505,50.0,143.114,54.136,15,128.829,328.424,37.091,6.43,1.295,44.724,186.77,0.51935,surface,2,1,0.92075,1,88.978,197.25,4.269
243,7,9.466,50.0,178.721,109.907,10,7.92,19.893,2.262,5.52,1.1209,18.262,98.727,0.18309,no_pd,0,0,0.08821,0,68.814,288.627,1.984
244,6,7.414,50.0,247.961,34.408,49,183.383,281.028,76.017,24.135,1.0952,49.009,215.685,0.74799,internal,3,1,1.0,1,213.553,282.369,3.359
245,1,23.582,50.0,191.887,82.014,10,5.469,9.258,2.09,4.449,0.7628,19.891,119.101,0.24372,no_pd,0,0,0.0709,0,109.873,273.901,4.291
246,7,16.365,60.0,157.0,85.812,7,0.5,1.264,0.261,5.394,1.3339,20.345,75.751,0.25555,no_pd,0,0,0.0,0,71.187,242.812,4.084
247,2,15.982,50.0,182.369,97.128,15,0.5,1.29,0.269,5.402,0.564,17.208,92.078,0.29786,no_pd,0,0,0.0933,0,85.241,279.497,1.898
248,7,17.497,60.0,194.745,102.654,12,0.595,1.017,0.296,8.977,0.9589,28.801,81.389,0.31525,no_pd,0,0,0.07216,0,92.091,297.398,3.388
249,7,6.662,60.0,78.148,56.657,12,16.732,34.733,8.67,4.46,0.8056,20.365,85.359,0.2487,no_pd,0,0,0.07274,0,21.491,134.806,3.745
250,6,12.946,50.0,141.584,64.724,5,9.03,19.262,3.246,1.5,0.8199,17.228,63.507,0.2426,no_pd,0,0,0.0,0,76.86,206.309,4.439
251,6,20.906,50.0,124.741,58.138,23,82.016,187.372,25.795,12.562,1.4924,34.4,150.335,0.63583,surface,2,1,0.75366,1,66.604,182.879,2.272
252,4,7.311,50.0,55.993,31.787,48,89.072,147.372,42.025,23.582,0.818,52.635,197.644,0.69611,internal,3,1,1.0,1,24.206,87.781,1.343
253,5,15.63,50.0,49.555,32.322,50,121.309,167.956,22.519,25.343,1.0081,49.748,154.228,0.79466,internal,3,1,1.0,1,17.233,81.877,3.453
254,1,16.391,60.0,115.986,49.198,32,118.926,183.112,49.325,20.636,1.6797,35.858,155.922,0.58352,surface,2,1,0.90907,1,66.788,165.185,0.897
255,1,16.085,50.0,164.514,57.174,46,122.04,181.567,43.91,24.892,1.29,43.326,135.963,0.61094,surface,2,1,0.96534,1,107.34,221.688,1.046
256,5,13.988,50.0,119.761,91.749,11,17.327,38.296,4.521,3.356,1.2422,15.127,94.461,0.34307,no_pd,0,0,0.06942,0,28.012,211.51,1.074
257,5,18.645,60.0,208.145,98.999,9,8.269,13.037,3.494,5.471,0.8547,21.822,91.756,0.17029,no_pd,0,0,0.04915,0,109.146,307.144,2.094
258,8,9.018,50.0,168.813,61.274,35,170.142,333.632,75.796,18.121,1.2536,30.759,154.854,0.5796,surface,2,1,0.98168,1,107.539,230.087,1.956
259,8,12.97,50.0,51.644,31.184,44,67.98,132.806,31.27,21.69,1.1922,51.986,172.786,0.77875,internal,3,1,0.99072,1,20.459,82.828,1.674
260,3,17.023,50.0,231.502,97.682,3,17.136,32.144,5.479,2.091,0.6962,14.165,92.08,0.16038,no_pd,0,0,0.07628,0,133.819,329.184,2.822
261,6,9.845,50.0,153.252,58.91,23,85.47,126.659,22.813,12.291,0.9913,36.247,154.337,0.67712,surface,2,1,0.76126,1,94.342,212.162,4.184
262,8,12.777,50.0,52.13,20.447,42,111.639,231.496,51.544,20.319,0.8087,48.603,205.021,0.79981,internal,3,1,1.0,1,31.683,72.577,2.01
263,4,12.758,50.0,72.032,26.344,31,116.46,146.856,55.913,14.78,0.5338,51.719,179.802,0.66615,internal,3,1,1.0,1,45.688,98.377,4.104
264,1,19.008,50.0,159.679,87.253,36,126.959,294.799,56.074,19.266,1.2667,44.55,165.802,0.48088,surface,2,1,0.8994,1,72.427,246.932,2.861
265,5,23.338,60.0,54.683,28.822,45,160.475,399.595,79.237,26.911,0.8878,50.457,201.221,0.78177,internal,3,1,1.0,1,25.861,83.505,1.761
266,4,9.322,50.0,157.165,86.964,7,6.061,12.619,2.345,4.467,1.169,30.583,90.824,0.26394,no_pd,0,0,0.0827,0,70.201,244.129,1.959
267,8,23.996,50.0,50.733,36.47,52,184.568,332.64,100.111,25.901,0.4608,51.425,196.266,0.71354,internal,3,1,1.0,1,14.263,87.204,3.119
268,4,18.709,60.0,94.123,22.539,36,12.118,20.133,6.568,23.411,1.5329,27.132,121.848,0.45816,corona,1,1,0.35437,0,71.584,116.662,3.675
269,8,9.499,60.0,180.235,93.118,10,12.792,27.022,3.55,3.58,1.5327,24.555,52.309,0.21419,no_pd,0,0,0.06136,0,87.117,273.352,3.34
270,1,17.218,50.0,211.614,25.817,46,205.987,389.451,43.98,22.999,0.8677,58.22,191.519,0.73129,internal,3,1,1.0,1,185.798,237.431,4.252
271,3,8.936,60.0,241.662,42.969,21,10.149,18.59,4.016,11.538,0.8597,46.322,197.081,0.74926,internal,3,1,0.76482,1,198.694,284.631,2.823
272,1,20.985,50.0,77.204,24.4,20,23.93,30.702,5.217,10.917,1.8478,30.187,116.985,0.50528,corona,1,1,0.3203,0,52.804,101.604,3.694
273,6,8.673,60.0,172.427,77.737,12,13.835,25.233,4.014,7.113,1.3349,13.977,56.325,0.26406,no_pd,0,0,0.02726,0,94.69,250.165,3.585
274,4,17.882,50.0,117.13,45.367,29,84.359,198.242,20.381,14.038,1.5015,27.799,163.212,0.54767,surface,2,1,0.69272,1,71.763,162.498,4.458
275,4,16.325,50.0,130.536,58.781,42,65.1,99.036,33.568,20.667,1.0901,47.218,182.492,0.6222,surface,2,1,0.76735,1,71.755,189.316,2.549
276,6,12.753,50.0,205.299,103.659,16,5.259,12.771,2.517,8.277,1.2273,16.141,52.313,0.33613,no_pd,0,0,0.09963,0,101.64,308.958,2.885
277,4,14.737,50.0,160.843,96.857,8,0.827,1.629,0.317,3.643,1.3632,18.047,77.728,0.20443,no_pd,0,0,0.0,0,63.986,257.701,3.431
278,3,23.011,50.0,72.614,38.851,40,245.79,463.539,103.282,20.064,1.1772,53.363,198.093,0.74079,internal,3,1,1.0,1,33.764,111.465,3.214
279,5,17.747,50.0,169.784,45.966,32,130.388,292.8,53.626,14.476,1.5164,38.646,140.467,0.56851,surface,2,1,0.87823,1,123.818,215.75,3.6
280,6,8.837,50.0,107.146,20.607,22,0.5,0.891,0.184,11.568,1.6051,27.69,129.263,0.46872,corona,1,1,0.35459,0,86.539,127.753,2.777
281,6,17.323,50.0,67.671,26.038,55,160.048,291.861,50.654,28.823,0.8679,50.8,170.964,0.79738,internal,3,1,1.0,1,41.633,93.709,3.912
282,5,9.367,50.0,140.129,56.883,37,37.076,65.053,6.792,17.659,1.1565,43.46,175.699,0.57258,surface,2,1,0.72045,1,83.245,197.012,3.815
283,1,20.518,50.0,125.85,57.029,29,82.572,159.003,19.909,14.953,1.5419,40.376,133.119,0.56259,surface,2,1,0.71556,1,68.821,182.879,4.16
284,1,9.119,50.0,159.73,105.088,12,2.297,4.786,1.14,7.625,1.0432,30.753,103.169,0.30099,no_pd,0,0,0.04222,0,54.643,264.818,2.348
285,5,19.858,50.0,107.478,21.226,24,71.838,135.023,13.056,12.444,1.5237,32.978,136.244,0.37063,corona,1,1,0.48564,0,86.252,128.704,0.548
286,5,22.986,50.0,98.939,28.041,23,58.497,75.473,15.564,11.657,2.1588,35.804,96.886,0.32425,corona,1,1,0.46021,0,70.898,126.979,4.19
287,7,8.751,60.0,133.398,59.845,38,76.868,159.4,27.507,21.271,1.1892,29.981,175.854,0.69953,surface,2,1,0.75878,1,73.553,193.242,2.144
288,4,17.197,60.0,91.892,25.586,15,33.107,44.675,12.83,8.222,1.5602,38.045,89.46,0.48916,corona,1,1,0.38291,0,66.307,117.478,3.506
289,1,9.862,50.0,154.964,105.558,13,5.039,9.573,0.911,4.983,1.5299,24.916,109.862,0.27513,no_pd,0,0,0.02716,0,49.406,260.522,1.314
290,2,6.026,50.0,164.047,89.875,6,0.5,1.076,0.155,3.696,1.2619,21.52,102.626,0.22539,no_pd,0,0,0.09418,0,74.172,253.922,4.271
291,2,21.767,60.0,181.039,73.138,15,17.304,26.529,5.139,10.017,0.8493,24.052,95.441,0.23657,no_pd,0,0,0.07674,0,107.901,254.177,3.964
292,2,21.69,50.0,105.693,25.347,27,31.485,57.538,10.373,12.052,1.9681,25.552,97.023,0.50956,corona,1,1,0.40628,0,80.345,131.04,4.15
293,5,15.827,50.0,140.165,47.887,32,227.223,571.783,105.24,15.77,1.636,34.425,135.327,0.53483,surface,2,1,1.0,1,92.277,188.052,3.448
294,3,13.337,50.0,136.252,53.321,29,98.694,168.554,46.584,14.741,1.2383,31.033,107.851,0.48817,surface,2,1,0.81064,1,82.931,189.572,2.903
295,3,13.435,60.0,98.074,29.944,18,36.594,83.659,13.177,9.177,1.4433,40.186,96.038,0.50291,corona,1,1,0.46663,0,68.131,128.018,1.505
296,3,22.972,50.0,93.307,30.037,21,36.546,94.168,16.7,8.61,1.6482,39.657,96.759,0.48983,corona,1,1,0.40135,0,63.271,123.344,3.021
297,7,22.005,60.0,236.106,44.283,47,67.495,155.365,31.78,27.148,1.0121,44.695,242.541,0.86205,internal,3,1,0.96775,1,191.823,280.389,0.658
298,2,17.076,50.0,247.645,31.324,36,34.181,48.173,7.301,18.977,1.4238,43.966,179.163,0.84666,internal,3,1,0.83498,1,216.322,278.969,2.392
299,6,22.712,50.0,135.995,64.063,27,65.828,115.937,32.155,11.862,1.2146,50.212,154.378,0.64129,surface,2,1,0.7373,1,71.932,200.058,1.16
300,2,17.095,50.0,150.062,58.531,36,52.057,120.976,23.938,18.549,1.1771,46.551,157.978,0.58425,surface,2,1,0.67335,1,91.531,208.593,2.351
301,7,22.908,50.0,89.934,23.025,29,23.618,40.677,11.456,15.091,1.7636,31.982,125.575,0.40973,corona,1,1,0.40571,0,66.909,112.959,0.481
302,8,14.713,50.0,89.293,29.908,17,0.5,0.716,0.24,8.844,1.8654,37.106,136.738,0.4133,corona,1,1,0.27707,0,59.384,119.201,1.977
303,5,14.524,50.0,163.202,58.137,14,11.054,27.776,5.83,5.566,0.9795,14.658,51.949,0.22459,no_pd,0,0,0.06466,0,105.065,221.339,2.739
304,6,16.629,50.0,132.046,71.058,24,83.761,193.184,31.42,12.912,1.0005,38.758,183.69,0.59685,surface,2,1,0.75199,1,60.988,203.104,0.515
305,2,12.085,50.0,122.58,58.984,33,56.761,95.432,15.084,17.387,1.5242,30.291,165.622,0.48352,surface,2,1,0.76041,1,63.595,181.564,3.409
306,3,16.749,50.0,151.836,50.134,30,136.372,297.59,37.265,14.418,0.8724,39.765,171.749,0.55694,surface,2,1,0.9286,1,101.701,201.97,0.564
307,6,13.351,50.0,90.788,30.021,18,56.53,92.223,15.735,8.9,2.0525,32.341,152.399,0.39044,corona,1,1,0.38968,0,60.767,120.809,3.601
308,3,16.295,60.0,83.6,23.787,13,34.803,82.813,13.188,8.564,1.6589,38.193,84.271,0.36328,corona,1,1,0.38167,0,59.813,107.387,2.144
309,6,22.207,50.0,233.523,27.48,34,109.166,170.603,37.791,16.846,1.261,59.71,200.886,0.74656,internal,3,1,1.0,1,206.042,261.003,3.79
310,1,15.882,50.0,84.59,25.611,22,0.5,0.905,0.252,10.995,1.5792,29.055,139.192,0.38373,corona,1,1,0.41949,0,58.979,110.201,1.463
311,6,8.948,60.0,89.229,18.924,20,60.472,140.143,31.589,11.62,2.0345,31.003,141.751,0.40509,corona,1,1,0.41,0,70.304,108.153,1.584
312,3,19.44,50.0,107.303,27.667,16,23.51,36.104,9.76,8.076,1.9808,26.503,114.777,0.33202,corona,1,1,0.34841,0,79.636,134.97,0.905
313,1,7.056,50.0,89.488,23.114,21,4.479,7.575,2.225,10.228,1.642,42.603,93.054,0.35008,corona,1,1,0.29499,0,66.374,112.601,1.19
314,5,20.326,50.0,123.939,45.961,41,69.763,137.456,26.063,21.475,1.2336,33.371,220.79,0.55133,surface,2,1,0.79266,1,77.978,169.9,1.096
315,8,8.829,60.0,82.527,34.267,21,37.817,51.926,14.273,12.843,1.5077,32.815,120.319,0.53369,corona,1,1,0.37069,0,48.261,116.794,1.678
316,4,18.313,50.0,95.352,28.063,18,53.704,76.097,29.429,9.366,1.6776,33.478,153.779,0.30483,corona,1,1,0.43508,0,67.29,123.415,4.43
317,8,15.733,60.0,221.387,32.781,39,134.551,305.011,34.351,23.032,1.2226,35.247,179.575,0.74213,internal,3,1,1.0,1,188.606,254.168,2.392
318,8,8.781,50.0,38.727,30.787,47,247.671,556.224,121.467,22.086,0.8668,54.02,190.329,0.82176,internal,3,1,1.0,1,7.94,69.514,2.735
319,4,22.147,50.0,200.204,114.863,12,0.5,0.747,0.125,5.393,1.1842,20.722,105.404,0.31662,no_pd,0,0,0.08681,0,85.341,315.067,0.579
320,3,6.861,50.0,136.531,69.006,27,69.25,170.088,14.066,12.113,1.0815,41.818,139.282,0.49212,surface,2,1,0.68203,1,67.525,205.538,3.193
321,2,18.672,50.0,91.626,20.686,30,73.196,160.749,18.108,14.029,1.5384,36.641,131.176,0.43796,corona,1,1,0.53031,0,70.94,112.312,1.013
322,3,10.963,50.0,161.138,90.64,13,8.017,18.395,3.821,5.8,1.2332,22.722,90.271,0.35165,no_pd,0,0,0.11229,0,70.498,251.778,0.594
323,3,17.929,50.0,171.944,57.032,27,145.646,332.254,51.32,12.113,1.1212,43.002,152.487,0.64389,surface,2,1,0.92745,1,114.912,228.976,0.815
324,5,22.44,50.0,101.083,23.18,16,8.425,17.478,2.915,8.508,1.7428,31.352,143.397,0.38508,corona,1,1,0.29409,0,77.903,124.263,0.885
325,8,19.818,50.0,99.89,17.619,21,37.667,84.282,8.367,12.379,1.6968,31.707,127.325,0.44705,corona,1,1,0.42663,0,82.271,117.508,0.697
326,8,10.654,50.0,266.53,27.601,38,161.758,311.961,36.767,18.66,0.9276,45.757,181.484,0.72023,internal,3,1,1.0,1,238.929,294.131,2.089
327,1,8.696,50.0,82.668,24.735,22,79.298,184.508,15.697,8.843,1.5966,34.075,137.578,0.34521,corona,1,1,0.47012,0,57.933,107.403,1.939
328,1,15.793,50.0,240.239,26.446,40,174.915,440.262,43.99,20.731,1.1572,47.378,174.967,0.75397,internal,3,1,1.0,1,213.793,266.686,1.331
329,5,7.367,50.0,196.801,50.714,28,92.344,174.736,34.99,14.142,1.6914,42.082,166.728,0.59596,surface,2,1,0.78058,1,146.086,247.515,1.295
330,6,23.5,60.0,240.922,32.154,37,176.094,394.16,74.612,23.179,1.3802,42.766,210.292,0.69267,internal,3,1,1.0,1,208.768,273.076,1.294
331,1,10.319,60.0,126.123,49.609,35,75.518,130.41,25.839,18.598,1.1057,51.517,135.48,0.58633,surface,2,1,0.74599,1,76.515,175.732,0.786
332,7,21.954,50.0,92.581,23.545,22,31.786,60.465,8.405,9.15,2.1759,28.787,137.11,0.50369,corona,1,1,0.32654,0,69.036,116.126,2.696
333,3,9.113,50.0,171.842,56.917,39,83.45,130.014,32.172,18.616,1.266,49.207,146.178,0.5462,surface,2,1,0.74078,1,114.926,228.759,0.432
334,1,9.838,50.0,90.749,28.863,20,44.842,95.121,21.059,10.101,1.6394,34.953,144.703,0.44309,corona,1,1,0.42161,0,61.887,119.612,3.966
335,4,7.066,60.0,75.809,22.305,20,53.629,73.681,24.177,12.254,1.8904,41.131,152.751,0.44442,corona,1,1,0.41141,0,53.504,98.114,2.475
336,1,16.551,60.0,86.124,26.699,54,96.931,125.323,37.869,31.991,0.9663,39.807,204.557,0.86583,internal,3,1,1.0,1,59.425,112.823,0.982
337,3,9.12,50.0,93.322,21.408,26,56.93,85.316,14.819,14.077,1.9819,30.139,116.569,0.43795,corona,1,1,0.43038,0,71.915,114.73,0.938
338,8,18.612,50.0,198.78,115.0,10,18.515,26.943,7.301,5.311,1.2516,6.295,91.3,0.22372,no_pd,0,0,0.0701,0,83.78,313.78,3.625
339,1,20.922,50.0,131.615,82.109,6,8.919,14.681,4.056,4.015,1.368,27.206,115.656,0.07983,no_pd,0,0,0.06422,0,49.506,213.724,1.89
340,3,9.591,50.0,61.802,31.713,35,119.833,231.938,32.182,17.157,1.2505,50.519,197.737,0.82063,internal,3,1,1.0,1,30.089,93.516,2.025
341,8,14.197,50.0,130.542,61.302,31,48.102,80.005,11.974,16.105,1.1985,38.013,133.603,0.62659,surface,2,1,0.67573,1,69.24,191.844,1.318
342,2,11.621,50.0,108.513,27.884,18,42.993,62.789,22.245,9.376,1.7446,26.593,91.833,0.44818,corona,1,1,0.43015,0,80.628,136.397,2.02
343,3,15.551,50.0,94.443,22.365,24,0.5,0.978,0.226,10.485,1.9276,32.348,144.216,0.32712,corona,1,1,0.42763,0,72.079,116.808,3.418
344,7,13.613,50.0,84.358,19.16,24,13.896,26.321,4.279,12.409,2.3628,27.998,96.743,0.46432,corona,1,1,0.36637,0,65.198,103.518,0.534
345,8,23.399,50.0,53.937,29.182,44,39.535,53.558,14.55,21.041,1.0602,57.798,194.24,0.71936,internal,3,1,0.95215,1,24.754,83.119,0.912
346,7,16.328,50.0,139.195,48.876,35,54.999,99.744,13.084,18.55,0.9021,42.114,185.989,0.54285,surface,2,1,0.72626,1,90.32,188.071,2.593
347,1,9.744,50.0,75.202,29.697,43,157.32,298.942,63.909,19.72,1.3311,51.108,192.494,0.73864,internal,3,1,1.0,1,45.504,104.899,1.932
348,5,16.432,50.0,155.288,83.752,10,22.165,54.52,11.114,5.983,1.3111,33.669,122.849,0.20122,no_pd,0,0,0.11916,0,71.535,239.04,1.999
349,1,20.864,50.0,100.407,22.046,18,111.513,157.573,37.484,9.402,1.355,40.798,131.657,0.46967,corona,1,1,0.5526,0,78.361,122.453,2.805
350,2,15.649,50.0,156.422,91.33,8,5.269,11.244,1.136,3.446,1.1003,19.337,81.136,0.16178,no_pd,0,0,0.03384,0,65.093,247.752,1.057
351,4,15.416,60.0,154.273,57.188,35,23.185,31.132,7.707,21.209,1.1999,34.96,169.112,0.68396,surface,2,1,0.64003,1,97.085,211.46,4.443
352,5,23.149,50.0,262.092,29.949,38,273.894,546.604,58.153,18.727,0.9054,52.548,195.865,0.73595,internal,3,1,1.0,1,232.143,292.042,3.669
353,2,19.215,50.0,264.61,32.435,50,80.541,208.204,42.104,26.04,0.8915,50.53,195.614,0.73447,internal,3,1,1.0,1,232.175,297.045,1.416
354,1,14.432,50.0,143.794,48.583,21,134.423,241.909,49.932,12.127,1.2826,46.681,162.129,0.61425,surface,2,1,0.8732,1,95.212,192.377,3.024
355,7,18.104,50.0,54.788,37.466,47,282.723,589.801,70.726,21.649,0.7255,40.248,180.724,0.8065,internal,3,1,1.0,1,17.323,92.254,3.362
356,8,14.654,50.0,74.798,31.396,49,158.914,271.177,67.327,26.14,0.6887,59.206,173.114,0.78535,internal,3,1,1.0,1,43.402,106.195,0.843
357,8,8.254,60.0,55.128,29.805,52,142.385,184.229,70.485,29.565,0.5861,55.574,197.883,0.77424,internal,3,1,1.0,1,25.323,84.933,3.158
358,5,21.317,50.0,161.147,42.956,22,111.978,261.859,55.388,12.482,1.4126,43.348,197.719,0.63839,surface,2,1,0.82725,1,118.191,204.103,1.088
359,8,23.395,60.0,233.96,30.811,36,130.38,271.113,40.483,21.146,1.018,55.06,189.531,0.81354,internal,3,1,1.0,1,203.149,264.77,4.041
360,4,13.804,50.0,113.1,45.373,30,70.628,91.319,35.942,13.567,1.5343,41.296,167.741,0.6472,surface,2,1,0.74662,1,67.727,158.473,3.807
361,7,6.824,50.0,175.806,104.696,12,4.081,8.037,1.703,7.534,1.2527,16.825,76.472,0.25911,no_pd,0,0,0.05268,0,71.11,280.502,4.142
362,1,6.173,50.0,244.969,41.01,35,179.489,346.858,78.188,17.886,1.0256,56.264,169.264,0.79649,internal,3,1,1.0,1,203.959,285.979,2.848
363,2,20.52,60.0,180.896,94.042,10,11.079,18.543,3.775,5.133,1.0563,25.432,81.082,0.1801,no_pd,0,0,0.0487,0,86.854,274.938,2.794
364,6,7.754,60.0,99.273,20.355,19,61.822,112.729,27.504,12.379,1.4648,36.42,127.745,0.39242,corona,1,1,0.49445,0,78.917,119.628,1.01
365,8,18.423,50.0,163.474,54.163,40,66.87,145.76,12.788,19.227,1.2923,51.532,147.257,0.50121,surface,2,1,0.80932,1,109.311,217.636,1.183
366,8,10.488,50.0,185.314,95.232,9,5.49,14.218,3.019,3.201,0.9633,22.238,100.031,0.279,no_pd,0,0,0.01159,0,90.082,280.547,1.288
367,5,8.892,50.0,52.93,25.196,37,83.825,155.146,45.501,19.4,0.9373,50.994,202.477,0.69095,internal,3,1,0.971,1,27.734,78.127,0.607
368,7,16.674,50.0,77.488,25.795,11,40.988,91.955,11.322,4.065,2.0725,29.524,138.5,0.38227,corona,1,1,0.41773,0,51.693,103.283,2.321
369,8,13.231,60.0,212.921,34.053,35,168.192,288.713,34.391,21.182,1.04,51.89,172.286,0.80293,internal,3,1,1.0,1,178.868,246.974,1.584
370,6,6.464,60.0,96.246,26.241,23,29.75,57.257,11.806,13.854,1.7565,41.111,109.073,0.43581,corona,1,1,0.30196,0,70.005,122.487,0.763
371,7,11.439,50.0,95.955,24.399,18,74.006,114.368,32.178,7.122,2.0498,37.47,156.552,0.43406,corona,1,1,0.50679,0,71.556,120.354,1.262
372,6,15.875,50.0,159.18,48.985,29,43.93,75.473,9.688,14.409,0.9022,40.758,169.423,0.61097,surface,2,1,0.69738,1,110.195,208.165,0.71
373,7,10.12,50.0,213.503,99.346,11,3.665,7.934,1.492,6.275,0.9576,27.435,76.578,0.21863,no_pd,0,0,0.02974,0,114.157,312.849,2.256
374,2,16.256,50.0,123.789,49.146,34,122.977,187.329,40.152,14.78,0.9057,39.446,179.28,0.60617,surface,2,1,0.86339,1,74.643,172.935,3.526
375,3,12.609,50.0,142.709,60.303,22,94.266,234.903,51.793,10.555,1.2347,44.682,163.685,0.64419,surface,2,1,0.83547,1,82.406,203.011,2.958
376,7,13.939,50.0,144.822,90.846,13,8.26,17.393,1.773,4.827,0.8453,15.016,88.942,0.15791,no_pd,0,0,0.05532,0,53.976,235.668,3.098
377,2,18.289,50.0,173.454,39.701,31,65.987,143.246,23.846,13.696,1.7118,38.516,151.4,0.59418,surface,2,1,0.74675,1,133.753,213.156,1.205
378,4,8.657,60.0,85.562,23.951,21,54.767,141.544,14.421,12.301,1.4514,28.704,115.169,0.40089,corona,1,1,0.47188,0,61.61,109.513,4.133
379,5,7.999,50.0,86.316,23.568,19,35.878,91.182,8.088,6.649,1.6695,27.781,89.808,0.32088,corona,1,1,0.39352,0,62.748,109.884,3.186
380,2,22.886,60.0,164.652,64.561,28,139.699,340.653,63.008,16.546,1.1,34.053,143.225,0.63299,surface,2,1,0.9245,1,100.091,229.214,0.462
381,1,6.596,50.0,95.398,22.406,20,58.556,85.875,14.356,8.881,1.9945,38.264,123.535,0.4067,corona,1,1,0.45527,0,72.992,117.803,2.772
382,2,18.823,60.0,94.057,19.781,13,38.217,67.854,20.644,7.755,1.9552,28.693,108.333,0.41434,corona,1,1,0.31046,0,74.277,113.838,1.766
383,4,15.469,50.0,155.923,74.247,5,7.209,18.48,2.574,3.463,1.0797,23.878,80.203,0.28255,no_pd,0,0,0.0,0,81.676,230.17,3.184
384,5,15.949,50.0,90.248,24.486,25,84.512,172.455,17.366,12.445,2.0103,27.803,125.411,0.52184,corona,1,1,0.53773,0,65.762,114.735,1.766
385,2,13.693,60.0,96.355,25.186,26,60.976,80.851,17.148,15.269,1.8482,29.515,108.624,0.38448,corona,1,1,0.53735,0,71.169,121.54,0.463
386,5,23.681,50.0,230.991,31.383,40,132.39,292.105,52.998,20.372,0.5882,47.262,194.845,0.86674,internal,3,1,1.0,1,199.609,262.374,1.444
387,5,10.721,50.0,174.369,93.959,13,33.91,88.094,6.594,8.791,0.9162,22.266,77.305,0.28165,no_pd,0,0,0.12093,0,80.41,268.327,3.68
388,6,10.85,50.0,159.513,56.085,6,14.927,38.301,7.686,4.002,0.6351,12.049,72.082,0.27145,no_pd,0,0,0.11211,0,103.429,215.598,3.22
389,1,10.095,50.0,155.635,51.08,32,36.733,85.084,15.727,16.161,0.8694,41.732,197.195,0.69307,surface,2,1,0.64715,1,104.555,206.715,2.505
390,5,6.381,60.0,97.502,30.278,22,69.32,106.412,23.964,12.341,1.7158,26.699,132.533,0.44529,corona,1,1,0.44873,0,67.225,127.78,3.943
391,6,18.236,50.0,171.556,73.466,6,20.397,31.245,3.885,4.353,1.5083,20.551,122.954,0.25484,no_pd,0,0,0.06372,0,98.09,245.022,0.633
392,6,17.113,60.0,160.362,55.833,40,136.199,284.878,42.099,22.69,1.2029,40.92,171.463,0.59292,surface,2,1,1.0,1,104.53,216.195,4.147
393,2,14.43,50.0,91.465,17.921,13,42.892,109.541,10.103,7.067,1.8981,34.693,129.497,0.36193,corona,1,1,0.39645,0,73.543,109.386,1.544
394,5,18.823,50.0,87.67,22.843,22,24.969,58.049,8.231,10.52,1.6937,39.156,137.402,0.51446,corona,1,1,0.39065,0,64.827,110.514,0.909
395,1,15.891,60.0,124.279,56.605,35,82.071,179.996,30.946,20.01,1.0892,34.656,147.651,0.62472,surface,2,1,0.77397,1,67.674,180.884,3.479
396,6,15.425,50.0,66.195,33.191,35,8.121,11.561,4.407,16.854,1.0059,48.202,195.431,0.71407,internal,3,1,0.77517,1,33.003,99.386,2.8
397,6,18.371,50.0,94.751,19.886,20,59.862,118.856,30.872,8.889,2.0492,27.268,121.426,0.43814,corona,1,1,0.50809,0,74.864,114.637,2.293
398,8,19.005,50.0,143.134,65.231,36,23.626,38.252,8.842,18.557,1.2508,32.376,163.677,0.59943,surface,2,1,0.67149,1,77.903,208.364,4.241
399,6,23.152,50.0,165.577,100.722,11,8.201,14.911,4.292,5.336,1.1874,12.733,75.822,0.25273,no_pd,0,0,0.08585,0,64.855,266.3,3.697
400,4,18.914,50.0,104.047,20.703,21,26.204,62.274,10.623,9.52,1.7952,29.317,134.926,0.45678,corona,1,1,0.33206,0,83.344,124.75,3.945
401,1,18.499,50.0,94.581,24.722,27,86.685,119.936,26.788,13.105,1.9368,34.549,145.439,0.37029,corona,1,1,0.47922,0,69.859,119.303,3.668
402,2,11.839,60.0,143.371,52.616,29,80.936,164.973,15.889,15.012,1.5595,39.574,144.827,0.6008,surface,2,1,0.77103,1,90.755,195.986,1.19
403,4,10.584,50.0,175.253,89.149,10,8.35,21.393,3.997,4.325,1.0555,17.158,93.413,0.12556,no_pd,0,0,0.05444,0,86.104,264.402,3.351
404,7,22.245,60.0,98.047,22.408,19,4.491,8.947,1.621,11.161,1.6881,34.859,86.855,0.42438,corona,1,1,0.33061,0,75.639,120.455,0.449
405,7,21.598,50.0,129.808,90.454,10,5.009,6.978,2.389,6.099,0.9956,28.302,93.697,0.22797,no_pd,0,0,0.03659,0,39.354,220.262,4.373
406,2,19.658,60.0,65.022,35.022,35,118.816,288.079,50.674,20.478,1.0091,48.74,199.388,0.74606,internal,3,1,1.0,1,30.0,100.044,3.194
407,4,12.77,50.0,85.063,21.217,30,46.689,100.51,24.326,16.243,1.7555,38.309,165.961,0.53246,corona,1,1,0.42695,0,63.846,106.281,1.668
408,5,6.961,50.0,237.672,23.772,44,269.552,381.077,96.932,24.236,0.8915,54.563,190.496,0.75603,internal,3,1,1.0,1,213.9,261.445,1.526
409,6,22.691,50.0,84.942,32.842,50,187.822,281.323,69.407,26.821,0.7797,38.597,170.46,0.62107,internal,3,1,1.0,1,52.1,117.784,1.209
410,3,18.24,50.0,186.994,102.306,14,8.983,15.165,4.014,5.492,1.0553,21.202,125.772,0.20725,no_pd,0,0,0.06444,0,84.688,289.3,1.236
411,4,19.971,50.0,142.833,98.936,11,13.758,34.764,6.616,5.382,1.1745,25.435,70.352,0.33204,no_pd,0,0,0.05217,0,43.897,241.769,1.51
412,3,16.487,60.0,160.406,80.918,9,9.755,21.909,3.543,7.408,0.9033,24.546,93.413,0.24582,no_pd,0,0,0.05359,0,79.488,241.324,4.199
413,4,23.045,50.0,183.881,115.0,11,0.5,1.296,0.202,3.891,1.1128,15.182,117.367,0.29044,no_pd,0,0,0.02667,0,68.881,298.881,1.289
414,2,16.572,60.0,112.941,59.67,28,66.119,134.707,21.947,14.979,1.1647,36.296,176.317,0.62226,surface,2,1,0.71303,1,53.271,172.61,3.438
415,8,11.076,60.0,62.646,34.674,40,132.306,178.241,54.312,24.914,1.2479,59.1,211.6,0.84261,internal,3,1,1.0,1,27.971,97.32,1.52
416,2,16.367,60.0,196.998,80.61,14,4.247,9.13,1.462,8.894,0.8362,19.929,107.34,0.25934,no_pd,0,0,0.08791,0,116.388,277.608,2.886
417,2,12.236,50.0,237.347,34.007,37,233.451,335.473,58.691,18.76,0.9511,50.298,162.687,0.72171,internal,3,1,1.0,1,203.34,271.355,2.605
418,6,6.573,50.0,90.09,24.077,14,44.769,74.755,16.668,7.936,2.0552,32.764,129.791,0.41637,corona,1,1,0.40426,0,66.013,114.167,3.676
419,3,20.311,50.0,144.83,41.788,26,82.513,167.314,30.676,12.292,1.0466,45.01,164.53,0.56898,surface,2,1,0.79455,1,103.042,186.619,3.75
420,7,7.891,50.0,93.312,19.961,14,50.987,90.91,18.94,5.546,2.201,33.837,133.411,0.40749,corona,1,1,0.42027,0,73.351,113.274,3.723
421,5,15.721,50.0,174.283,53.349,35,105.067,212.949,39.177,18.1,1.7,39.854,147.074,0.54814,surface,2,1,0.92362,1,120.934,227.632,3.662
422,2,23.686,60.0,130.321,94.301,14,14.555,33.872,7.3,6.925,1.276,5.525,121.157,0.25229,no_pd,0,0,0.13663,0,36.02,224.623,3.612
423,7,14.056,60.0,121.265,58.49,21,171.189,253.002,33.383,12.043,0.8223,39.381,161.482,0.55777,surface,2,1,0.92044,1,62.775,179.755,1.688
424,4,20.922,50.0,72.195,42.783,53,124.629,195.418,44.34,27.451,0.5783,44.562,203.274,0.69445,internal,3,1,1.0,1,29.412,114.977,4.103
425,8,18.241,50.0,133.949,47.884,34,103.952,145.945,37.741,17.952,0.9813,37.308,131.165,0.61162,surface,2,1,0.80639,1,86.066,181.833,0.721
426,3,18.65,50.0,121.667,43.241,23,36.112,49.141,19.694,10.819,1.2335,44.14,173.31,0.50287,surface,2,1,0.60876,0,78.426,164.908,4.297
427,1,11.928,50.0,118.956,61.75,29,107.663,169.245,42.887,13.21,1.1584,45.159,153.807,0.55264,surface,2,1,0.82331,1,57.206,180.707,1.66
428,7,16.536,50.0,211.946,112.743,11,5.437,6.808,1.745,6.479,0.8636,31.676,73.253,0.14854,no_pd,0,0,0.0251,0,99.203,324.689,0.63
429,5,21.947,50.0,168.245,77.687,7,10.589,18.529,5.288,4.125,1.5103,15.342,66.547,0.22295,no_pd,0,0,0.03939,0,90.559,245.932,4.281
430,1,10.226,50.0,164.336,96.186,3,5.526,10.705,2.274,4.276,1.0024,21.451,82.304,0.35914,no_pd,0,0,0.04437,0,68.15,260.521,2.512
431,2,9.512,50.0,88.02,21.23,16,82.451,120.775,33.669,6.657,2.0256,36.032,159.313,0.48536,corona,1,1,0.44532,0,66.79,109.249,3.535
432,3,19.795,50.0,145.815,91.592,17,19.168,40.78,4.705,7.806,0.9032,18.715,95.733,0.12977,no_pd,0,0,0.1528,0,54.223,237.407,3.917
433,3,19.507,50.0,255.049,82.795,1,27.309,56.167,7.665,0.0,0.9666,25.253,113.068,0.19478,no_pd,0,0,0.13239,0,172.254,337.844,1.653
434,7,18.818,50.0,152.378,50.334,34,134.745,250.879,34.265,15.393,1.4824,34.483,184.928,0.5287,surface,2,1,0.92185,1,102.044,202.712,4.082
435,3,14.638,50.0,71.709,20.587,26,39.989,58.873,8.648,12.441,1.7224,27.845,149.409,0.49681,corona,1,1,0.46303,0,51.122,92.296,4.114
436,6,10.294,50.0,221.933,32.416,42,80.302,142.131,21.666,20.457,0.5718,44.982,174.247,0.73058,internal,3,1,1.0,1,189.517,254.349,2.935
437,3,9.339,60.0,61.706,34.108,31,96.639,171.667,21.613,17.329,1.3109,51.816,218.893,0.7227,internal,3,1,1.0,1,27.598,95.814,1.469
438,3,16.035,50.0,137.164,65.672,30,127.553,194.529,52.235,13.579,1.1733,46.919,171.103,0.62712,surface,2,1,0.91542,1,71.491,202.836,1.624
439,6,23.432,60.0,91.21,22.973,30,39.438,85.793,16.654,20.482,1.8966,25.903,131.853,0.45435,corona,1,1,0.44523,0,68.237,114.183,4.254
440,4,15.514,50.0,218.132,36.031,37,237.948,513.934,104.178,21.044,0.8731,43.119,172.669,0.68721,internal,3,1,1.0,1,182.101,254.164,3.803
441,1,14.326,50.0,225.465,25.871,36,75.55,166.839,15.035,16.372,0.8711,50.065,227.179,0.72501,internal,3,1,1.0,1,199.593,251.336,0.949
442,2,8.291,50.0,197.394,85.252,12,11.626,29.921,2.151,4.401,1.1325,22.417,116.62,0.34423,no_pd,0,0,0.08523,0,112.142,282.645,0.789
443,1,11.705,50.0,236.673,30.706,59,79.93,137.332,23.757,30.249,1.4496,45.27,204.649,0.71199,internal,3,1,1.0,1,205.967,267.379,0.828
444,7,18.909,50.0,123.717,54.682,30,108.637,243.48,56.84,13.51,1.237,39.634,140.923,0.72299,surface,2,1,0.80345,1,69.034,178.399,2.814
445,5,13.842,60.0,96.058,20.283,18,22.267,52.794,6.494,12.397,1.8593,35.274,139.713,0.352,corona,1,1,0.29011,0,75.774,116.341,3.591
446,6,19.406,60.0,234.577,109.902,8,4.603,11.032,1.298,5.473,0.7339,17.872,63.112,0.15255,no_pd,0,0,0.04287,0,124.675,344.479,2.658
447,2,8.883,50.0,166.726,77.337,13,9.395,18.463,4.347,4.994,0.9142,30.975,91.95,0.24096,no_pd,0,0,0.03346,0,89.388,244.063,2.834
448,4,18.426,50.0,125.408,48.662,24,100.113,232.484,47.039,10.026,1.4703,34.862,200.869,0.57753,surface,2,1,0.83448,1,76.746,174.07,3.665
449,5,16.32,60.0,87.064,26.643,31,44.401,84.784,16.547,18.694,1.7998,23.888,132.603,0.33101,corona,1,1,0.51003,0,60.421,113.707,3.589
450,7,23.29,50.0,153.785,55.1,34,39.011,83.675,16.607,15.719,1.3439,32.175,178.946,0.60361,surface,2,1,0.72901,1,98.685,208.885,1.355
451,6,21.366,60.0,238.262,28.226,54,122.428,289.459,35.552,32.26,0.7012,54.322,166.809,0.65047,internal,3,1,1.0,1,210.036,266.489,3.334
452,2,15.514,50.0,189.048,51.254,42,103.317,134.047,36.891,20.927,1.4615,35.821,181.033,0.67633,surface,2,1,0.8394,1,137.794,240.303,2.427
453,3,23.406,50.0,154.48,59.909,29,64.004,82.519,33.031,14.416,1.1642,41.797,156.275,0.65592,surface,2,1,0.71943,1,94.571,214.388,3.527
454,2,8.0,50.0,97.372,23.494,22,45.321,86.921,18.416,12.8,2.1664,14.854,107.046,0.19448,corona,1,1,0.41298,0,73.878,120.866,4.377
455,6,22.205,50.0,81.245,23.472,19,17.896,30.243,6.466,8.372,1.5166,25.986,119.065,0.45063,corona,1,1,0.27165,0,57.773,104.717,2.874
456,1,18.693,50.0,70.884,33.992,45,161.048,353.607,40.073,23.257,0.9215,38.036,188.516,0.79925,internal,3,1,1.0,1,36.892,104.876,0.403
457,5,8.576,60.0,97.992,20.504,12,76.519,177.054,35.254,8.072,1.5752,39.089,133.33,0.40745,corona,1,1,0.4575,0,77.488,118.497,2.674
458,5,15.707,50.0,168.158,102.362,13,12.999,24.674,3.031,5.817,0.8966,20.865,105.977,0.23338,no_pd,0,0,0.03319,0,65.796,270.521,2.19
459,6,11.592,50.0,122.601,88.789,7,9.589,22.647,2.486,3.18,0.9986,16.427,106.328,0.30875,no_pd,0,0,0.13621,0,33.813,211.39,2.841
460,7,6.833,50.0,142.247,43.458,23,4.704,8.769,1.444,12.63,1.2585,45.564,158.664,0.67022,surface,2,1,0.56113,0,98.789,185.705,0.8
461,4,8.609,50.0,192.34,95.866,7,10.825,15.731,3.477,3.197,1.6305,29.401,95.134,0.31178,no_pd,0,0,0.02069,0,96.474,288.206,1.434
462,6,16.738,60.0,186.329,83.698,9,7.883,12.568,1.921,7.232,1.5584,26.442,81.626,0.27828,no_pd,0,0,0.0328,0,102.631,270.027,4.335
463,4,9.814,50.0,138.268,61.597,8,0.5,1.099,0.262,3.601,1.0882,18.079,36.828,0.20058,no_pd,0,0,0.08661,0,76.671,199.864,2.088
464,3,14.567,50.0,68.316,28.292,49,255.22,514.483,48.623,24.288,0.8132,49.588,195.975,0.83018,internal,3,1,1.0,1,40.024,96.608,3.158
465,4,9.258,50.0,51.929,33.23,47,165.197,287.013,35.521,23.114,0.7593,44.337,231.395,0.71387,internal,3,1,1.0,1,18.699,85.159,2.38
466,7,16.938,50.0,244.629,27.771,37,97.396,226.793,20.002,19.602,1.1006,45.039,201.0,0.76584,internal,3,1,1.0,1,216.858,272.399,1.837
467,8,14.628,50.0,146.323,69.172,22,89.437,171.946,16.14,10.271,0.7572,30.973,157.628,0.61401,surface,2,1,0.74716,1,77.15,215.495,2.172
468,8,21.603,60.0,92.509,23.953,23,0.5,1.154,0.226,13.003,1.5679,30.846,127.24,0.42217,corona,1,1,0.28685,0,68.556,116.463,3.763
469,6,20.414,60.0,100.786,24.195,15,24.259,41.562,5.275,8.432,1.9249,30.911,133.633,0.42309,corona,1,1,0.30531,0,76.591,124.98,4.269
470,7,6.579,50.0,187.473,95.045,14,2.813,6.49,0.571,4.858,1.1138,21.052,92.935,0.20977,no_pd,0,0,0.02796,0,92.428,282.519,1.218
471,2,23.05,50.0,250.418,30.601,44,237.191,614.063,118.048,20.173,1.1085,50.613,212.522,0.81835,internal,3,1,1.0,1,219.817,281.019,1.681
472,8,6.55,50.0,136.837,85.914,18,4.4,6.466,0.952,10.429,0.8036,24.313,104.076,0.37595,no_pd,0,0,0.09013,0,50.924,222.751,0.469
473,5,6.778,50.0,113.782,48.528,36,125.827,211.529,45.849,17.214,1.1073,41.071,147.899,0.53284,surface,2,1,0.91444,1,65.255,162.31,4.38
474,2,7.305,50.0,60.854,29.541,48,167.046,324.78,86.52,24.493,1.1149,54.721,187.355,0.75419,internal,3,1,1.0,1,31.313,90.395,3.294
475,4,8.244,50.0,95.164,18.694,21,69.827,166.099,35.95,11.664,1.7981,25.193,111.418,0.34836,corona,1,1,0.489,0,76.47,113.858,2.933
476,5,14.756,50.0,98.304,55.776,27,191.145,455.621,101.178,10.875,1.0721,50.299,138.744,0.67342,surface,2,1,1.0,1,42.529,154.08,4.174
477,5,6.264,50.0,244.747,38.262,42,32.585,83.134,13.286,21.966,0.7556,48.378,192.345,0.75279,internal,3,1,0.88643,1,206.485,283.009,2.405
478,7,13.524,60.0,252.67,102.596,16,10.438,20.062,4.928,11.196,1.2768,27.007,69.821,0.15399,no_pd,0,0,0.1434,0,150.075,355.266,3.02
479,6,10.89,60.0,201.901,111.919,8,2.567,5.324,0.807,4.634,1.1924,25.83,77.324,0.24765,no_pd,0,0,0.04032,0,89.982,313.819,3.683
480,4,9.945,50.0,62.987,20.777,15,27.592,55.942,13.025,8.772,1.3669,32.528,131.134,0.46298,corona,1,1,0.36768,0,42.21,83.764,4.276
481,6,20.285,60.0,116.904,20.973,21,22.928,53.192,8.034,11.481,2.2112,35.815,148.413,0.3759,corona,1,1,0.33259,0,95.931,137.877,1.666
482,7,6.013,50.0,134.682,107.172,12,9.744,14.164,2.454,6.965,0.7247,19.87,91.137,0.21607,no_pd,0,0,0.11479,0,27.509,241.854,2.378
483,2,8.026,60.0,67.711,29.811,33,128.615,231.555,32.034,19.008,1.2731,49.82,223.604,0.81516,internal,3,1,1.0,1,37.9,97.522,2.255
484,5,6.848,50.0,93.971,23.527,19,0.5,0.872,0.178,9.443,2.5566,34.643,154.828,0.48857,corona,1,1,0.32314,0,70.444,117.499,3.222
485,7,16.617,50.0,107.779,83.568,11,8.86,19.426,3.837,6.817,0.7038,28.857,79.451,0.18347,no_pd,0,0,0.14681,0,24.211,191.347,1.143
486,8,9.283,50.0,245.145,28.902,61,112.86,182.309,48.704,30.34,0.8219,43.22,183.872,0.84155,internal,3,1,1.0,1,216.243,274.047,1.646
487,6,21.677,60.0,143.27,82.396,10,0.5,0.903,0.265,5.193,0.9328,16.514,98.512,0.30945,no_pd,0,0,0.04313,0,60.874,225.665,4.459
488,3,17.074,50.0,68.902,30.998,42,114.745,275.68,26.926,20.696,0.7776,43.539,167.77,0.7914,internal,3,1,1.0,1,37.904,99.899,3.58
489,2,11.271,50.0,55.817,31.355,31,160.361,387.469,63.248,13.916,1.5106,39.399,210.56,0.73149,internal,3,1,1.0,1,24.462,87.172,1.894
490,5,22.678,50.0,98.285,21.043,19,80.399,107.44,29.242,8.713,1.5965,20.709,106.389,0.3319,corona,1,1,0.4366,0,77.242,119.327,1.022
491,8,15.359,60.0,100.863,21.599,20,78.497,172.541,22.261,10.497,1.6898,29.221,114.449,0.41931,corona,1,1,0.53763,0,79.264,122.462,1.45
492,7,21.018,50.0,173.103,96.605,9,16.672,21.05,6.701,3.416,1.3871,21.117,98.243,0.21216,no_pd,0,0,0.03312,0,76.497,269.708,4.347
493,7,20.794,50.0,106.276,48.862,29,139.877,180.736,46.06,12.685,1.4427,40.717,173.789,0.57915,surface,2,1,0.89779,1,57.414,155.138,3.682
494,3,16.563,50.0,149.105,96.551,10,10.265,25.203,2.17,5.161,0.5237,30.889,91.844,0.19696,no_pd,0,0,0.06524,0,52.554,245.656,3.578
495,3,9.964,50.0,90.518,23.268,10,86.626,111.664,33.675,6.19,1.7243,30.492,117.008,0.39961,corona,1,1,0.55528,0,67.25,113.786,2.437
496,4,12.285,60.0,250.905,41.355,42,29.399,38.931,12.158,23.555,1.1574,60.785,181.988,0.80955,internal,3,1,0.93147,1,209.551,292.26,2.922
497,5,18.238,50.0,169.468,52.851,37,28.731,46.404,7.012,19.68,1.3688,43.12,170.31,0.6389,surface,2,1,0.68062,1,116.617,222.318,4.478
498,8,9.921,50.0,96.062,18.93,11,0.5,1.066,0.122,6.629,2.0471,30.679,116.404,0.45128,corona,1,1,0.29446,0,77.132,114.993,3.772
499,2,23.051,50.0,107.107,24.131,18,9.068,15.901,2.364,6.601,2.0304,28.978,109.393,0.33661,corona,1,1,0.2986,0,82.976,131.239,4.465
500,6,20.43,50.0,143.653,50.552,36,0.5,0.846,0.195,19.446,1.3595,39.286,153.684,0.60277,surface,2,1,0.63299,1,93.1,194.205,1.776
501,1,12.97,50.0,132.22,63.823,34,71.615,111.184,15.135,17.097,1.1048,42.35,182.876,0.62,surface,2,1,0.7561,1,68.397,196.043,0.871
502,2,15.414,50.0,220.288,34.009,45,137.519,249.685,32.859,22.819,1.1306,38.422,182.29,0.77235,internal,3,1,1.0,1,186.28,254.297,4.408
503,3,10.594,50.0,115.451,48.681,19,67.504,102.072,28.958,10.222,1.0576,42.205,129.661,0.5624,surface,2,1,0.68235,1,66.77,164.132,0.614
504,3,17.235,50.0,187.082,80.768,12,4.912,10.02,1.706,4.352,1.1921,19.611,82.713,0.30411,no_pd,0,0,0.00981,0,106.313,267.85,2.024
505,6,10.417,50.0,91.305,24.375,18,0.5,0.936,0.252,9.321,1.8486,33.729,134.431,0.57915,corona,1,1,0.27317,0,66.93,115.68,3.083
506,3,23.836,60.0,87.313,23.562,26,14.689,21.831,4.637,17.707,1.8925,39.459,131.146,0.32025,corona,1,1,0.34209,0,63.752,110.875,0.542
507,8,12.702,50.0,155.384,53.21,29,133.537,267.454,34.091,13.492,1.4328,50.148,163.029,0.51495,surface,2,1,0.91703,1,102.174,208.593,4.137
508,3,8.821,50.0,96.14,24.449,20,8.748,15.748,4.048,8.688,1.6014,30.777,155.325,0.40213,corona,1,1,0.34957,0,71.691,120.589,1.034
509,4,20.624,60.0,137.883,46.653,31,0.5,1.213,0.183,19.791,1.3638,49.668,145.858,0.57818,surface,2,1,0.65375,1,91.229,184.536,4.274
510,3,21.516,60.0,156.075,45.091,33,2.131,4.987,0.718,19.67,0.9183,47.551,217.36,0.63997,surface,2,1,0.53645,0,110.984,201.166,0.543
511,7,6.455,50.0,234.43,36.143,36,92.745,157.786,44.329,17.797,1.0563,51.96,210.771,0.72568,internal,3,1,1.0,1,198.287,270.573,0.831
512,1,17.821,50.0,172.589,56.498,42,85.627,182.666,34.94,22.059,1.4029,43.7,159.105,0.58575,surface,2,1,0.79505,1,116.091,229.087,4.146
513,5,6.185,50.0,63.923,21.701,40,82.518,134.821,35.842,17.506,1.4253,45.405,169.762,0.74809,internal,3,1,1.0,1,42.222,85.624,0.452
514,7,20.818,50.0,75.21,34.659,39,149.185,338.681,44.63,20.453,0.9651,48.568,191.953,0.74436,internal,3,1,1.0,1,40.551,109.868,0.667
515,2,21.27,50.0,128.029,54.674,20,83.353,119.677,43.227,7.608,1.0625,38.575,130.321,0.47929,surface,2,1,0.78167,1,73.355,182.703,3.721
516,2,17.221,50.0,276.893,34.446,54,211.073,448.511,61.786,25.728,1.0076,55.043,193.246,0.77834,internal,3,1,1.0,1,242.447,311.339,1.208
517,8,13.083,50.0,206.44,112.294,10,15.305,39.203,5.422,4.459,0.8514,32.26,110.621,0.20286,no_pd,0,0,0.08331,0,94.145,318.734,2.751
518,8,15.907,50.0,247.933,101.068,15,3.365,5.602,1.845,9.962,0.9008,22.428,127.874,0.25775,no_pd,0,0,0.0,0,146.865,349.001,0.521
519,7,18.425,50.0,157.685,95.347,7,7.019,16.058,2.189,2.845,0.5736,18.785,125.244,0.23828,no_pd,0,0,0.07655,0,62.338,253.031,4.114
520,5,16.318,50.0,165.015,85.962,9,0.5,1.095,0.248,3.721,1.1758,23.497,124.698,0.23644,no_pd,0,0,0.0,0,79.054,250.977,0.899
521,8,8.929,50.0,169.133,46.401,31,86.296,158.091,17.191,15.644,1.1951,41.418,162.111,0.66723,surface,2,1,0.76539,1,122.732,215.534,3.893
522,4,13.634,50.0,149.379,58.341,32,23.84,36.523,5.719,16.231,1.5564,34.398,201.31,0.62459,surface,2,1,0.6253,1,91.037,207.72,1.811
523,4,15.384,50.0,193.208,78.629,11,11.472,16.744,2.971,6.023,0.8282,32.409,100.131,0.22932,no_pd,0,0,0.14694,0,114.579,271.837,0.425
524,7,23.713,60.0,149.413,56.328,34,26.622,52.648,6.463,21.08,1.698,35.559,132.565,0.61147,surface,2,1,0.64964,1,93.085,205.742,0.72
525,1,8.931,60.0,68.898,29.854,40,243.066,476.258,76.144,23.681,1.4746,42.762,239.989,0.83535,internal,3,1,1.0,1,39.044,98.752,2.052
526,3,11.493,60.0,133.796,47.269,31,119.096,273.788,22.174,19.691,1.3113,45.34,168.118,0.6399,surface,2,1,0.81943,1,86.527,181.065,2.043
527,8,13.26,50.0,80.013,25.375,25,55.156,101.705,22.294,13.853,2.0959,31.685,142.606,0.3884,corona,1,1,0.35707,0,54.639,105.388,3.156
528,7,16.188,50.0,106.052,22.94,23,0.5,1.24,0.159,11.072,1.8778,34.345,103.259,0.34107,corona,1,1,0.33309,0,83.113,128.992,2.367
529,8,20.912,50.0,89.46,23.282,18,69.186,173.522,35.206,10.159,1.4941,26.283,139.059,0.4745,corona,1,1,0.45276,0,66.179,112.742,2.393
530,4,11.931,60.0,131.737,65.062,37,25.359,64.145,11.665,22.337,0.9006,40.158,147.431,0.5948,surface,2,1,0.60564,0,66.675,196.798,3.833
531,7,16.388,50.0,201.615,76.194,20,13.55,18.108,4.672,9.624,0.4858,24.232,96.707,0.11896,no_pd,0,0,0.06932,0,125.422,277.809,1.986
532,7,12.027,50.0,77.597,28.752,42,157.982,266.777,63.587,21.929,1.0783,51.603,188.405,0.77655,internal,3,1,1.0,1,48.845,106.348,0.753
533,5,22.518,50.0,219.731,43.947,40,127.357,187.88,32.067,20.12,0.8966,46.699,216.234,0.82778,internal,3,1,1.0,1,175.783,263.678,3.195
534,2,8.028,50.0,228.016,37.034,32,98.069,208.677,43.851,16.996,1.1361,40.207,202.656,0.80011,internal,3,1,1.0,1,190.982,265.05,4.447
535,4,9.25,50.0,154.179,63.384,34,106.685,197.425,47.617,16.375,0.9591,36.876,159.882,0.67391,surface,2,1,0.86171,1,90.796,217.563,2.035
536,8,12.174,60.0,89.9,19.484,12,59.591,145.521,32.398,3.58,1.7194,20.848,85.889,0.4459,corona,1,1,0.43471,0,70.416,109.385,2.216
537,4,13.723,50.0,109.789,27.095,16,90.02,226.91,29.321,8.667,2.1085,33.292,109.904,0.43822,corona,1,1,0.4322,0,82.693,136.884,1.972
538,6,9.795,50.0,88.436,24.963,12,11.749,18.011,4.438,5.499,1.8725,27.462,111.931,0.35058,corona,1,1,0.30116,0,63.472,113.399,3.225
539,6,18.767,50.0,142.316,46.28,23,113.722,189.649,52.435,11.686,1.1728,46.677,162.387,0.5615,surface,2,1,0.91733,1,96.036,188.597,2.575
540,7,8.174,50.0,247.557,26.103,50,153.11,313.973,65.023,24.759,1.0737,55.014,236.546,0.82559,internal,3,1,1.0,1,221.454,273.66,3.97
541,8,23.03,50.0,275.627,34.744,43,140.465,260.247,47.295,21.601,1.0347,48.112,180.098,0.7414,internal,3,1,1.0,1,240.883,310.372,0.851
542,2,9.047,50.0,150.78,62.428,12,23.699,40.375,11.422,7.236,1.1323,16.019,37.702,0.33267,no_pd,0,0,0.09358,0,88.352,213.207,2.075
543,3,18.693,50.0,113.907,57.172,33,100.363,128.496,33.868,15.961,1.691,39.246,151.655,0.67504,surface,2,1,0.82432,1,56.734,171.079,1.905
544,5,11.739,60.0,106.549,25.548,26,62.97,138.854,25.15,15.805,1.9127,22.297,134.413,0.415,corona,1,1,0.48463,0,81.001,132.097,1.853
545,4,11.296,50.0,50.927,27.448,44,159.379,249.893,55.602,22.488,0.9038,49.144,198.62,0.72983,internal,3,1,1.0,1,23.479,78.375,3.898
546,6,16.899,60.0,179.507,81.092,8,8.558,16.921,4.695,5.096,1.01,21.81,86.921,0.24703,no_pd,0,0,0.02988,0,98.415,260.598,0.62
547,4,11.595,50.0,65.62,27.91,43,121.986,234.07,25.148,17.845,0.6999,45.81,187.607,0.71356,internal,3,1,1.0,1,37.71,93.531,3.932
548,4,23.327,50.0,55.13,29.857,28,89.737,113.773,45.85,14.212,0.8486,54.009,212.953,0.82528,internal,3,1,1.0,1,25.273,84.987,3.711
549,1,9.145,50.0,85.83,21.504,20,65.998,152.101,32.037,8.338,1.9477,27.678,87.178,0.48625,corona,1,1,0.43419,0,64.327,107.334,4.069
550,2,6.157,50.0,229.811,45.089,46,69.973,134.236,23.52,21.817,0.8662,54.147,165.659,0.61262,internal,3,1,0.98155,1,184.722,274.9,4.163
551,3,13.602,50.0,52.753,36.844,50,116.947,219.692,37.351,24.796,0.8,50.72,180.779,0.82012,internal,3,1,1.0,1,15.909,89.597,2.851
552,8,15.599,50.0,251.379,33.047,38,119.952,198.195,48.368,18.687,0.8575,57.038,200.289,0.73155,internal,3,1,1.0,1,218.332,284.426,3.864
553,4,21.811,60.0,238.753,32.214,33,85.713,219.611,17.419,18.753,1.2302,47.767,168.648,0.75167,internal,3,1,0.97145,1,206.538,270.967,3.566
554,6,18.737,50.0,211.991,83.425,9,0.5,1.275,0.144,4.915,0.4135,24.3,104.678,0.25284,no_pd,0,0,0.0787,0,128.566,295.416,4.347
555,1,21.502,50.0,61.434,26.304,50,165.859,371.1,77.849,24.331,0.7623,54.972,187.751,0.7661,internal,3,1,1.0,1,35.13,87.739,0.422
556,8,6.238,50.0,201.219,45.458,12,5.688,10.75,2.401,5.462,1.1116,25.258,89.554,0.14554,no_pd,0,0,0.02647,0,155.761,246.676,1.867
557,1,19.157,50.0,178.705,94.97,12,10.448,24.082,4.766,6.898,1.0926,23.668,97.746,0.3129,no_pd,0,0,0.05008,0,83.735,273.675,0.625
558,5,15.297,60.0,100.197,67.142,39,136.222,312.485,42.25,24.197,1.1601,45.52,167.2,0.57809,surface,2,1,0.96575,1,33.055,167.339,1.591
559,5,9.51,50.0,61.13,29.969,42,159.601,259.093,33.83,21.811,0.8311,57.682,168.963,0.88003,internal,3,1,1.0,1,31.161,91.099,1.818
560,5,15.941,50.0,92.306,26.994,15,40.08,87.52,21.963,7.592,1.5482,26.26,109.205,0.47916,corona,1,1,0.37735,0,65.312,119.299,3.521
561,4,20.007,50.0,233.374,28.597,31,188.636,306.417,72.044,16.067,0.9082,40.354,159.604,0.80063,internal,3,1,1.0,1,204.777,261.971,0.644
562,1,13.796,50.0,159.336,87.16,5,9.353,16.979,4.709,1.204,1.2807,23.186,101.147,0.23425,no_pd,0,0,0.07912,0,72.176,246.496,0.634
563,2,15.422,60.0,132.524,54.461,32,120.431,262.704,46.202,19.675,1.4706,39.88,153.857,0.63887,surface,2,1,0.84589,1,78.063,186.985,1.899
564,1,11.741,50.0,176.539,92.748,11,14.595,25.906,4.906,6.519,1.1762,24.895,118.209,0.26429,no_pd,0,0,0.09238,0,83.791,269.287,1.281
565,4,21.66,50.0,58.091,34.52,35,166.874,354.977,42.627,16.239,0.6043,41.507,205.934,0.68226,internal,3,1,1.0,1,23.571,92.61,1.36
566,6,21.467,50.0,51.935,29.689,34,82.571,131.965,45.189,16.205,0.6834,48.559,180.678,0.72133,internal,3,1,0.99484,1,22.245,81.624,4.198
567,8,7.262,50.0,141.888,54.527,44,103.83,220.284,56.279,20.153,1.1712,32.069,160.905,0.39313,surface,2,1,0.90758,1,87.361,196.415,0.807
568,1,17.943,50.0,95.256,20.066,22,54.654,115.302,24.519,10.89,1.6945,36.566,118.481,0.44981,corona,1,1,0.42354,0,75.19,115.322,1.049
569,1,9.122,50.0,252.319,27.822,46,118.369,152.179,54.542,21.367,0.8716,42.048,177.911,0.77493,internal,3,1,1.0,1,224.497,280.141,3.093
570,4,19.989,50.0,195.325,85.163,13,10.499,18.04,3.422,6.291,0.9458,19.026,81.753,0.22756,no_pd,0,0,0.04822,0,110.162,280.488,0.966
571,2,23.027,50.0,134.729,58.475,26,1.288,2.803,0.491,12.147,0.9533,32.064,148.123,0.58899,surface,2,1,0.50495,0,76.254,193.204,4.353
572,6,6.864,50.0,180.838,86.113,7,12.71,28.79,6.085,4.36,0.7016,13.025,96.568,0.21075,no_pd,0,0,0.11567,0,94.726,266.951,1.104
573,4,14.377,60.0,250.21,42.181,26,166.271,295.335,47.283,15.288,1.2371,53.348,183.784,0.75518,internal,3,1,1.0,1,208.03,292.391,3.332
574,1,13.237,50.0,144.781,81.403,15,14.215,28.813,7.515,7.223,1.5631,23.556,101.437,0.27287,no_pd,0,0,0.1003,0,63.378,226.183,2.759
575,6,19.16,50.0,31.024,32.82,46,194.44,271.708,84.36,24.464,0.5842,49.264,201.379,0.71212,internal,3,1,1.0,1,358.204,63.843,2.7
576,3,16.069,50.0,92.821,19.346,15,0.5,0.951,0.247,7.281,1.3266,32.92,111.054,0.4383,corona,1,1,0.27367,0,73.475,112.166,0.676
577,3,9.327,60.0,63.569,37.562,37,214.383,373.119,98.249,21.506,0.7068,53.625,153.61,0.75957,internal,3,1,1.0,1,26.007,101.131,2.257
578,8,10.106,50.0,90.173,17.346,20,5.509,14.18,2.9,10.45,1.8353,30.17,139.473,0.40711,corona,1,1,0.34716,0,72.827,107.518,1.826
579,2,19.291,50.0,190.746,96.676,18,16.896,37.203,5.675,9.554,0.5401,19.822,88.666,0.1802,no_pd,0,0,0.12685,0,94.07,287.422,2.388
580,3,8.87,50.0,152.724,47.729,31,55.005,76.258,20.564,16.663,1.3873,46.955,156.612,0.58434,surface,2,1,0.69741,1,104.996,200.453,3.233
581,4,13.591,50.0,190.551,97.098,15,15.91,33.859,7.638,6.794,0.916,18.515,98.148,0.30338,no_pd,0,0,0.10702,0,93.454,287.649,1.161
582,2,6.325,50.0,217.933,26.182,44,209.785,493.469,41.366,22.266,0.8051,50.446,174.568,0.72712,internal,3,1,1.0,1,191.751,244.116,1.02
583,5,22.998,60.0,163.029,115.0,13,7.971,17.999,3.507,7.273,0.8564,21.751,60.521,0.21718,no_pd,0,0,0.05194,0,48.029,278.029,4.39
584,8,22.547,60.0,191.666,113.29,8,6.261,9.36,2.684,3.53,0.9554,20.823,92.628,0.22273,no_pd,0,0,0.07985,0,78.376,304.957,3.468
585,3,11.812,50.0,241.217,33.445,37,185.79,319.99,34.709,18.308,0.9509,53.335,215.638,0.69273,internal,3,1,1.0,1,207.771,274.662,1.182
586,3,11.988,50.0,124.332,30.258,32,151.486,231.132,60.349,14.674,1.2584,45.285,139.302,0.62537,surface,2,1,0.93028,1,94.073,154.59,2.376
587,2,10.636,50.0,81.991,19.733,15,60.097,112.315,25.07,7.725,1.2824,31.365,95.311,0.31702,corona,1,1,0.45463,0,62.258,101.724,4.381
588,2,20.437,50.0,137.805,61.453,27,116.029,246.666,51.322,11.61,1.0279,38.696,159.197,0.61484,surface,2,1,0.84697,1,76.352,199.258,3.057
589,5,15.866,50.0,96.487,28.151,24,28.445,55.623,8.932,11.769,2.1111,26.483,112.108,0.35925,corona,1,1,0.36618,0,68.336,124.638,4.238
590,3,6.693,50.0,233.937,103.735,10,18.087,22.671,3.641,4.867,1.194,22.395,83.299,0.33779,no_pd,0,0,0.04878,0,130.202,337.672,3.778
591,6,13.055,50.0,143.997,53.082,43,163.867,256.868,74.373,21.163,1.1843,46.96,145.244,0.52458,surface,2,1,0.97668,1,90.915,197.078,2.229
592,5,17.147,60.0,72.691,30.986,39,55.185,81.732,22.232,23.545,0.7464,45.875,171.777,0.76671,internal,3,1,0.93237,1,41.705,103.678,3.309
593,1,19.938,50.0,130.2,71.362,21,101.962,224.815,55.483,10.692,0.8805,40.99,149.284,0.54695,surface,2,1,0.71571,1,58.839,201.562,1.848
594,5,21.725,50.0,137.583,64.07,13,6.027,12.574,2.006,6.917,1.2067,21.683,94.765,0.24585,no_pd,0,0,0.12299,0,73.512,201.653,2.841
595,8,21.902,50.0,254.585,21.664,30,165.737,413.948,34.112,15.766,1.0222,41.57,159.389,0.77262,internal,3,1,1.0,1,232.921,276.249,3.659
596,3,23.901,60.0,95.246,25.888,34,36.014,61.75,6.54,19.582,1.6448,42.055,138.362,0.47591,corona,1,1,0.46621,0,69.358,121.134,1.817
597,5,14.946,60.0,244.335,23.836,47,168.91,387.738,60.863,28.301,0.9039,44.983,200.733,0.68352,internal,3,1,1.0,1,220.499,268.171,2.292
598,3,12.798,50.0,91.149,19.741,20,41.928,105.236,14.162,10.322,1.9068,30.37,151.459,0.55416,corona,1,1,0.39241,0,71.407,110.89,2.595
599,1,20.7,50.0,126.857,75.783,18,8.495,18.921,3.183,8.592,1.1188,23.593,80.242,0.33141,no_pd,0,0,0.12854,0,51.074,202.64,1.202
600,7,22.41,50.0,239.365,32.797,49,235.469,484.209,69.315,25.936,0.464,46.278,189.324,0.66733,internal,3,1,1.0,1,206.569,272.162,3.021
601,1,22.374,50.0,130.068,51.053,20,87.402,112.437,20.427,9.61,0.9828,46.846,131.106,0.72113,surface,2,1,0.7188,1,79.015,181.121,2.453
602,5,9.194,50.0,62.223,36.713,40,171.758,231.998,66.213,19.941,0.9115,45.764,168.118,0.81685,internal,3,1,1.0,1,25.51,98.936,1.356
603,2,11.066,50.0,90.005,26.226,17,58.888,103.125,12.774,9.446,1.8849,39.142,108.861,0.52751,corona,1,1,0.47353,0,63.779,116.232,3.855
604,8,7.398,50.0,243.392,31.613,51,119.771,261.103,63.768,22.318,0.8625,57.908,195.878,0.71261,internal,3,1,1.0,1,211.778,275.005,1.524
605,7,12.443,50.0,264.254,107.051,13,12.101,15.415,6.188,7.932,0.5619,19.708,85.013,0.24429,no_pd,0,0,0.08986,0,157.203,11.305,3.365
606,2,14.027,60.0,136.916,64.541,40,14.15,32.987,7.064,23.456,0.9528,46.247,185.55,0.66684,surface,2,1,0.67096,1,72.375,201.457,2.156
607,1,19.772,50.0,58.674,32.064,52,2.087,2.979,0.52,25.99,0.686,58.847,162.41,0.73158,internal,3,1,0.92196,1,26.61,90.739,2.758
608,7,7.793,60.0,119.372,58.769,44,112.01,284.139,23.958,25.578,0.9644,31.811,135.306,0.57197,surface,2,1,0.87278,1,60.602,178.141,2.088
609,1,8.665,50.0,202.503,80.928,12,5.606,9.105,1.848,6.851,0.9063,22.59,89.088,0.26797,no_pd,0,0,0.04303,0,121.575,283.431,1.05
610,3,20.09,50.0,183.583,97.664,8,2.76,4.384,1.511,4.582,1.1439,15.208,119.492,0.22582,no_pd,0,0,0.01175,0,85.919,281.247,0.792
611,7,21.879,50.0,134.629,40.92,27,87.139,150.339,19.18,14.751,1.6985,41.993,157.948,0.58275,surface,2,1,0.83581,1,93.709,175.549,0.923
612,6,14.227,50.0,105.439,48.574,28,16.773,29.841,6.194,16.107,1.0731,42.705,162.366,0.56136,surface,2,1,0.57666,0,56.864,154.013,3.226
613,5,23.18,50.0,125.441,53.112,30,186.694,373.849,58.892,16.519,1.2984,41.164,170.664,0.51277,surface,2,1,0.98224,1,72.329,178.553,1.633
614,6,11.106,50.0,178.152,100.567,10,5.119,10.128,1.237,6.918,0.7533,17.9,79.04,0.33689,no_pd,0,0,0.00458,0,77.585,278.719,2.781
615,3,23.355,50.0,48.5,31.046,57,48.959,75.557,8.823,29.797,1.1774,44.332,196.651,0.8327,internal,3,1,1.0,1,17.454,79.545,3.792
616,2,7.533,50.0,114.155,78.474,14,6.739,11.751,3.619,6.797,0.8015,28.324,89.473,0.33996,no_pd,0,0,0.14357,0,35.681,192.629,1.276
617,8,11.383,60.0,129.45,47.652,37,9.334,21.803,2.901,21.441,1.1636,39.985,159.855,0.62015,surface,2,1,0.58943,0,81.798,177.102,3.708
618,5,23.543,50.0,169.989,60.961,18,82.226,120.136,29.893,10.88,1.3148,51.452,187.826,0.54896,surface,2,1,0.67189,1,109.028,230.949,4.195
619,7,14.883,50.0,157.309,53.004,38,168.414,297.573,69.196,18.845,1.3442,34.047,151.193,0.65519,surface,2,1,0.9691,1,104.305,210.312,3.186
620,4,22.737,60.0,91.965,21.045,15,48.066,120.219,25.988,8.244,1.9911,30.918,142.922,0.42082,corona,1,1,0.43766,0,70.919,113.01,1.945
621,1,22.91,50.0,73.064,29.755,52,194.475,262.555,41.278,27.408,1.051,47.663,195.741,0.74795,internal,3,1,1.0,1,43.31,102.819,2.571
622,6,23.821,50.0,145.788,56.28,39,37.386,94.313,11.798,19.048,1.1194,42.635,121.56,0.47408,surface,2,1,0.6284,1,89.508,202.069,4.017
623,3,6.791,60.0,141.399,53.022,34,108.952,253.701,47.41,18.907,1.0795,45.506,151.16,0.51161,surface,2,1,0.94429,1,88.377,194.422,3.515
624,3,20.665,50.0,91.934,26.349,21,70.856,139.054,35.757,9.167,1.9393,33.114,109.912,0.49308,corona,1,1,0.50222,0,65.585,118.283,2.13
625,5,15.122,50.0,246.153,33.948,40,45.31,66.102,14.604,19.001,1.1756,41.045,169.907,0.70768,internal,3,1,0.92913,1,212.205,280.102,2.764
626,4,15.054,50.0,103.135,21.77,17,0.5,1.205,0.225,9.837,1.6624,28.113,123.186,0.52497,corona,1,1,0.23106,0,81.365,124.905,0.757
627,5,16.36,50.0,64.591,32.456,43,182.319,304.064,50.558,21.729,0.7917,50.689,182.535,0.71761,internal,3,1,1.0,1,32.135,97.047,0.426
628,4,18.031,50.0,62.001,40.058,31,164.677,355.774,37.244,15.319,0.8917,48.578,170.431,0.72229,internal,3,1,1.0,1,21.943,102.059,3.362
629,2,23.775,50.0,99.142,22.964,21,49.269,68.107,16.088,8.859,1.675,34.28,99.768,0.38838,corona,1,1,0.3594,0,76.178,122.105,3.707
630,6,13.172,50.0,220.782,106.715,13,6.077,15.513,2.682,7.292,1.0495,29.005,69.069,0.20314,no_pd,0,0,0.06304,0,114.067,327.497,3.771
631,6,18.36,50.0,145.289,47.902,23,42.882,103.126,18.933,11.094,1.4689,35.07,169.118,0.6324,surface,2,1,0.68124,1,97.387,193.191,3.469
632,7,14.345,50.0,147.289,50.617,22,74.527,131.967,14.17,11.636,1.0182,44.782,155.785,0.51851,surface,2,1,0.72527,1,96.673,197.906,1.858
633,4,21.761,50.0,142.961,49.453,29,0.5,0.652,0.2,14.048,0.913,47.37,168.389,0.64101,surface,2,1,0.55524,0,93.508,192.413,3.013
634,8,17.465,50.0,191.223,78.304,16,6.264,15.149,1.914,9.035,0.9587,24.369,74.835,0.2562,no_pd,0,0,0.09443,0,112.918,269.527,3.247
635,4,8.217,50.0,216.698,31.049,47,117.187,181.83,32.188,24.146,0.9394,47.321,175.051,0.65798,internal,3,1,1.0,1,185.649,247.747,2.176
636,4,16.267,50.0,136.17,47.686,37,142.59,316.743,68.013,16.833,1.2707,42.231,162.607,0.59103,surface,2,1,0.96833,1,88.485,183.856,2.475
637,1,12.506,50.0,98.678,22.609,17,35.273,71.075,16.411,10.11,1.8934,29.38,110.648,0.35539,corona,1,1,0.38662,0,76.069,121.286,2.048
638,4,6.668,50.0,95.143,20.279,21,63.142,140.289,16.131,10.712,2.1216,24.952,95.977,0.4048,corona,1,1,0.43459,0,74.864,115.422,1.015
639,2,9.728,50.0,135.173,56.637,33,0.5,0.786,0.122,17.443,1.0381,41.768,146.092,0.51915,surface,2,1,0.57013,0,78.536,191.81,1.647
640,3,22.497,50.0,225.756,38.734,44,134.826,343.967,45.568,22.103,1.1539,47.474,230.02,0.78613,internal,3,1,1.0,1,187.022,264.49,1.361
