scenario_id,total_load_mw,total_reactive_load_mvar,total_line_loss_mw,ac_line_1_p_mw,ac_line_2_p_mw,ac_line_3_p_mw,ac_line_4_p_mw,ac_line_5_p_mw,ac_line_6_p_mw,ac_line_7_p_mw,dc_line_1_p_mw,dc_line_2_p_mw,dc_line_3_p_mw,dc_line_4_p_mw,dc_line_5_p_mw,dc_line_6_p_mw,dc_line_7_p_mw,line_1_abs_error_mw,line_2_abs_error_mw,line_3_abs_error_mw,line_4_abs_error_mw,line_5_abs_error_mw,line_6_abs_error_mw,line_7_abs_error_mw,mean_abs_line_error_mw,max_abs_line_error_mw,mean_relative_line_error_percent,critical_line,weak_bus
1,96.9226,32.5353,0.88375,62.80635,38.30071,24.05161,1.23737,34.67572,9.1651,7.5794,61.9226,38.11579,23.80681,1.26283,34.49251,9.13554,7.58786,0.88375,0.18492,0.2448,0.02546,0.18321,0.02956,0.00845,0.22288,0.88375,0.847,1,5
2,87.9386,32.6495,0.82892,59.32572,35.24291,23.65062,0.0514,28.96973,8.60252,6.21289,58.4968,35.16286,23.33394,0.11234,28.74904,8.55089,6.24651,0.82892,0.08005,0.31668,0.06094,0.22069,0.05163,0.03363,0.2275,0.82892,1.566,1,5
3,126.9465,44.3314,2.09033,99.65503,54.80584,43.70049,3.65477,42.48647,10.36608,10.34872,97.5647,54.57057,42.99413,3.78458,42.02413,10.26211,10.41639,2.09033,0.23527,0.70635,0.12981,0.46234,0.10396,0.06767,0.54225,2.09033,1.491,1,5
4,91.4322,31.7602,0.65561,48.05971,34.50291,13.28097,-1.81682,36.84291,9.74217,5.54432,47.4041,34.38782,13.01628,-1.78064,36.61848,9.70483,5.56297,0.65561,0.11509,0.26469,0.03618,0.22444,0.03733,0.01864,0.19314,0.65561,1.002,1,5
5,130.7614,44.9132,2.10752,98.94332,57.34493,40.45992,1.51412,46.54916,13.08181,10.60602,96.8358,56.94277,39.89303,1.58715,46.15683,13.00818,10.63562,2.10752,0.40216,0.56689,0.07303,0.39233,0.07362,0.0296,0.52074,2.10752,1.534,1,5
6,117.8535,41.1984,1.67753,86.05953,49.96723,35.20477,0.65315,40.25359,11.58879,8.82707,84.382,49.79681,34.58519,0.77175,39.82869,11.49064,8.89066,1.67753,0.17042,0.61958,0.1186,0.4249,0.09815,0.06359,0.45325,1.67753,2.648,1,5
7,90.9429,31.0777,1.00704,68.61884,39.76832,28.31183,1.2543,32.25086,10.91464,8.84615,67.6118,39.59287,28.01893,1.29562,32.04663,10.86884,8.86206,1.00704,0.17544,0.2929,0.04131,0.20423,0.0458,0.01591,0.25466,1.00704,1.067,1,5
8,122.7861,43.4543,2.12527,99.68917,53.38396,45.1209,4.50655,40.01136,9.62336,10.4944,97.5639,53.20053,44.36337,4.64956,39.54207,9.51393,10.56967,2.12527,0.18343,0.75753,0.14301,0.46929,0.10943,0.07527,0.55189,2.12527,1.479,1,5
9,88.6568,32.1788,0.56772,44.96582,32.18024,12.55315,-0.43649,35.85972,9.30683,6.34074,44.3981,32.05618,12.34192,-0.41672,35.67362,9.28051,6.34859,0.56772,0.12407,0.21122,0.01978,0.1861,0.02632,0.00786,0.16329,0.56772,0.891,1,5
10,128.5458,44.613,2.11943,99.59283,55.27883,43.16298,3.66752,43.86323,12.32369,11.76804,97.4734,55.02919,42.44421,3.79396,43.38671,12.21508,11.83002,2.11943,0.24964,0.71877,0.12644,0.47652,0.10861,0.06198,0.55163,2.11943,1.455,1,5
11,121.2851,41.9012,1.72786,88.94386,50.794,37.22834,5.00282,44.76761,11.16389,12.03079,87.216,50.4466,36.7694,5.04249,44.4546,11.11489,12.03671,1.72786,0.34741,0.45894,0.03967,0.31301,0.049,0.00592,0.42026,1.72786,0.834,1,5
12,93.0553,32.0915,1.0026,64.9528,38.95971,25.47957,0.87645,34.00568,9.58597,7.5764,63.9502,38.85511,25.09509,0.94713,33.73099,9.52372,7.61478,1.0026,0.1046,0.38448,0.07069,0.27469,0.06225,0.03838,0.27681,1.0026,1.765,1,5
13,101.4574,37.3723,0.993,66.3161,40.70784,25.10456,0.40666,36.18979,10.15721,7.62353,65.3231,40.51812,24.80498,0.4468,35.96108,10.11568,7.64072,0.993,0.18971,0.29959,0.04014,0.22871,0.04154,0.0172,0.25856,0.993,1.205,1,5
14,143.0444,49.8681,2.81569,116.85519,61.90405,53.37612,6.41262,46.83957,11.41499,13.30073,114.0395,61.59771,52.44179,6.5764,46.25779,11.28069,13.38321,2.81569,0.30634,0.93434,0.16378,0.58178,0.1343,0.08249,0.71696,2.81569,1.464,1,5
15,146.5044,51.5398,2.93691,118.11471,65.65594,50.85324,4.15422,51.94446,14.6257,13.81831,115.1778,65.17403,50.00377,4.27686,51.37897,14.50913,13.86807,2.93691,0.48191,0.84947,0.12264,0.56549,0.11657,0.04976,0.73182,2.93691,1.441,1,5
16,103.2627,34.9736,0.99856,64.30846,40.70292,23.12305,0.8485,39.29912,9.51853,7.51145,63.3099,40.55285,22.75705,0.9067,39.01315,9.46624,7.54106,0.99856,0.15006,0.366,0.0582,0.28598,0.05228,0.02961,0.27724,0.99856,1.571,1,5
17,102.6898,37.6837,1.39626,78.25956,44.68225,32.83556,2.29355,36.86514,8.93387,8.23766,76.8633,44.55462,32.30868,2.39356,36.50958,8.85584,8.29106,1.39626,0.12763,0.52688,0.10001,0.35556,0.07802,0.0534,0.37682,1.39626,1.503,1,5
18,123.6533,44.6217,1.73158,88.29688,52.72641,34.67683,0.8055,45.19541,11.0776,8.59104,86.5653,52.46648,34.09882,0.90445,44.76932,10.99636,8.64094,1.73158,0.25992,0.57801,0.09895,0.42609,0.08123,0.04989,0.46081,1.73158,2.325,1,5
19,93.264,30.8284,0.67236,49.72646,35.15479,14.278,-0.72854,37.91214,10.38925,6.89424,49.0541,34.95127,14.10283,-0.73345,37.75813,10.37678,6.88452,0.67236,0.20352,0.17517,0.00491,0.15401,0.01247,0.00972,0.17602,0.67236,0.617,1,5
20,110.2395,39.725,1.47203,83.23853,47.45103,34.98704,1.63897,37.29104,12.94247,10.61048,81.7665,47.17834,34.58816,1.68994,37.02226,12.8827,10.6275,1.47203,0.27269,0.39888,0.05097,0.26877,0.05976,0.01702,0.36288,1.47203,1.134,1,5
21,133.9466,45.0553,2.6039,113.5761,61.40289,50.69363,2.38352,43.06683,12.0125,10.51514,110.9722,61.07775,49.89445,2.53095,42.57275,11.8963,10.5901,2.6039,0.32514,0.79918,0.14743,0.49408,0.1162,0.07496,0.65156,2.6039,1.916,1,5
22,122.1642,43.3357,1.60875,84.08005,51.06867,32.20147,1.87548,46.70148,13.0138,10.84551,82.4713,50.76901,31.70229,1.94013,46.32029,12.94372,10.87158,1.60875,0.29966,0.49918,0.06465,0.38119,0.07008,0.02607,0.42137,1.60875,1.299,1,5
23,108.9564,36.6061,1.25128,73.23058,45.18623,27.41633,-0.1364,40.17404,11.51153,8.14932,71.9793,45.01376,26.96554,-0.0579,39.83544,11.43984,8.19036,1.25128,0.17247,0.45079,0.0785,0.3386,0.07169,0.04104,0.34348,1.25128,1.936,1,5
24,75.528,24.5223,0.57421,48.29381,29.80516,18.1984,0.15733,26.62365,8.64544,6.33414,47.7196,29.73956,17.98004,0.19583,26.46474,8.60787,6.35433,0.57421,0.06559,0.21836,0.0385,0.15891,0.03757,0.02019,0.15905,0.57421,1.116,1,5
25,143.5288,51.0359,2.73219,114.62739,62.2408,50.87881,4.0084,46.7148,13.30339,12.73606,111.8952,61.91546,49.97974,4.16942,46.13234,13.16765,12.81625,2.73219,0.32533,0.89907,0.16102,0.58247,0.13574,0.08018,0.70229,2.73219,1.655,1,5
26,81.5112,27.8895,0.69374,54.70064,32.51163,21.82616,0.62086,27.43341,8.65952,6.7146,54.0069,32.43139,21.57551,0.66594,27.25721,8.61805,6.73775,0.69374,0.08025,0.25064,0.04508,0.17619,0.04147,0.02315,0.18722,0.69374,1.234,1,5
27,120.6954,44.204,1.73371,90.05681,51.75003,37.36364,1.99139,41.87759,10.30999,9.00178,88.3231,51.4221,36.901,2.05058,41.563,10.25688,9.02542,1.73371,0.32793,0.46264,0.05919,0.31459,0.05311,0.02364,0.42497,1.73371,1.185,1,5
28,133.6093,44.7985,2.50285,112.24695,59.31488,51.47625,4.44559,41.34774,9.09603,10.08878,109.7441,58.91728,50.82682,4.53888,40.98062,9.0254,10.1294,2.50285,0.3976,0.64943,0.0933,0.36712,0.07062,0.04062,0.58879,2.50285,1.19,1,5
29,97.7051,33.803,1.06224,70.66184,41.02766,29.06296,1.90914,34.32647,8.12681,7.36754,69.5996,40.8445,28.7551,1.95368,34.1122,8.08899,7.38701,1.06224,0.18316,0.30786,0.04454,0.21426,0.03782,0.01947,0.26705,1.06224,0.957,1,5
30,142.3056,48.6599,2.55093,105.61663,60.65663,43.6267,2.28649,50.37442,15.51577,12.93029,103.0657,60.41113,42.65457,2.46518,49.70537,15.35335,13.02655,2.55093,0.2455,0.97213,0.17868,0.66905,0.16242,0.09626,0.69643,2.55093,2.283,1,5
31,104.4093,36.1068,0.985,64.7611,40.83078,23.44941,0.13391,37.95249,11.67834,8.4984,63.7761,40.64889,23.12721,0.17757,37.69941,11.63008,8.51572,0.985,0.18189,0.3222,0.04366,0.25308,0.04826,0.01732,0.26449,0.985,1.284,1,5
32,120.526,41.2782,1.73392,90.54462,50.07132,39.53162,4.25707,40.36444,11.5774,11.71273,88.8107,49.83943,38.97127,4.34775,39.99157,11.49372,11.75368,1.73392,0.23189,0.56035,0.09068,0.37287,0.08368,0.04095,0.44491,1.73392,1.132,1,5
33,141.9656,48.6024,2.40904,103.05724,59.04662,42.77133,4.7643,52.11648,15.8907,15.19033,100.6482,58.76338,41.88482,4.90968,51.48792,15.7416,15.2617,2.40904,0.28324,0.88651,0.14539,0.62856,0.1491,0.07137,0.65331,2.40904,1.508,1,5
34,78.9455,26.8143,0.54161,43.71791,30.10616,13.36515,-1.33875,30.52137,7.35038,4.20724,43.1763,30.04125,13.13505,-1.29895,30.34055,7.3173,4.2293,0.54161,0.06491,0.2301,0.0398,0.18082,0.03308,0.02205,0.15891,0.54161,1.102,1,2
35,140.4846,50.6659,2.48867,108.78167,60.46935,46.95872,4.18382,48.36317,12.97611,12.65167,106.293,60.11186,46.18114,4.30996,47.84014,12.8645,12.7104,2.48867,0.35748,0.77759,0.12614,0.52303,0.11161,0.05874,0.63475,2.48867,1.422,1,5
36,130.9656,43.9971,2.09493,97.11133,56.97359,39.04029,1.05141,47.57067,12.72161,9.95675,95.0164,56.71474,38.30166,1.18735,47.04606,12.60861,10.02809,2.09493,0.25885,0.73863,0.13594,0.52461,0.113,0.07134,0.56247,2.09493,2.877,1,5
37,95.7343,32.0787,0.73405,53.39345,35.00512,18.03357,0.72871,35.38317,9.80488,7.64363,52.6594,34.78547,17.87393,0.71714,35.26003,9.79726,7.62774,0.73405,0.21964,0.15964,0.01157,0.12314,0.00761,0.01589,0.18165,0.73405,0.668,1,5
38,112.1927,40.7024,1.2368,71.9356,44.12633,27.21065,2.37074,42.27248,12.84532,11.1189,70.6988,43.93417,26.76463,2.43422,41.92873,12.77455,11.14505,1.2368,0.19216,0.44602,0.06348,0.34376,0.07077,0.02615,0.33988,1.2368,1.153,1,5
39,83.9795,28.7989,0.68997,54.68007,34.13163,20.20259,0.12383,31.03202,8.27317,6.04418,53.9901,34.01689,19.97321,0.15954,30.85651,8.24085,6.06105,0.68997,0.11474,0.22938,0.03572,0.17551,0.03232,0.01687,0.18493,0.68997,1.077,1,5
40,120.8944,41.4521,1.94076,94.42716,52.74072,40.63277,2.12183,40.58781,12.17561,10.42056,92.4864,52.54305,39.94335,2.25102,40.13385,12.06586,10.48824,1.94076,0.19767,0.68942,0.12918,0.45396,0.10975,0.06767,0.51263,1.94076,1.841,1,5
41,127.4338,45.5176,1.93549,94.97389,54.73374,39.19981,2.61269,45.51211,11.41308,10.28569,93.0384,54.38643,38.65197,2.68777,45.13037,11.34394,10.31786,1.93549,0.34731,0.54784,0.07508,0.38174,0.06914,0.03217,0.48411,1.93549,1.243,1,5
42,109.655,36.3942,1.79713,92.51273,48.94909,42.54856,3.5509,34.33482,11.38154,10.99536,90.7156,48.78158,41.93402,3.66291,33.96492,11.28243,11.05367,1.79713,0.1675,0.61454,0.11201,0.36991,0.09912,0.05832,0.45979,1.79713,1.337,1,5
43,104.9549,37.1066,1.18121,72.03811,43.33058,28.08325,1.55674,38.29633,9.50515,8.08565,70.8569,43.04766,27.80924,1.56898,38.10574,9.48362,8.08338,1.18121,0.28292,0.27402,0.01224,0.19059,0.02154,0.00226,0.28068,1.18121,0.687,1,5
44,93.9185,33.6299,0.8325,52.7581,37.36031,15.04554,-2.0169,39.26131,12.83088,7.59254,51.9256,37.24991,14.67569,-1.96144,38.96129,12.76735,7.62335,0.8325,0.11041,0.36985,0.05546,0.30002,0.06352,0.03081,0.25179,0.8325,1.25,1,5
45,136.1713,48.0531,2.43119,107.25589,57.32404,48.59689,6.57537,45.20634,12.2843,14.05797,104.8247,57.06131,47.76339,6.71541,44.67449,12.158,14.1261,2.43119,0.26273,0.8335,0.14004,0.53185,0.1263,0.06812,0.62768,2.43119,1.323,1,5
46,81.2782,28.4487,0.53593,43.35893,30.97331,12.14364,-1.23626,32.94509,8.79926,5.34566,42.823,30.79232,12.03068,-1.25175,32.85038,8.79733,5.33267,0.53593,0.18099,0.11296,0.01549,0.09471,0.00193,0.01298,0.13643,0.53593,0.651,1,5
47,93.3408,33.5567,0.98111,67.64651,38.70228,28.41688,1.68909,31.2011,9.04679,7.84741,66.6654,38.56658,28.09882,1.74337,30.98222,8.99849,7.87361,0.98111,0.1357,0.31806,0.05428,0.21888,0.0483,0.0262,0.25465,0.98111,1.1,1,5
48,109.6008,38.8184,1.2797,75.403,45.7198,29.0285,0.11111,39.45366,10.41274,7.56143,74.1233,45.52862,28.59468,0.18575,39.13068,10.34843,7.59947,1.2797,0.19118,0.43381,0.07464,0.32298,0.06431,0.03804,0.34352,1.2797,1.859,1,5
49,132.4024,47.0729,2.32146,105.92316,58.40256,46.23712,3.49438,44.84224,11.82154,11.27373,103.6017,58.07087,45.53083,3.61232,44.37943,11.72235,11.32995,2.32146,0.33169,0.70628,0.11794,0.4628,0.09919,0.05622,0.58508,2.32146,1.433,1,5
50,146.3381,50.5003,2.78866,117.05156,64.30592,51.17671,1.58903,45.83402,13.3371,10.8359,114.2629,63.89647,50.36643,1.72965,45.31803,13.22208,10.90362,2.78866,0.40945,0.81028,0.14062,0.51599,0.11502,0.06772,0.69254,2.78866,2.295,1,5
51,109.8658,39.1846,1.64988,89.73028,48.93181,39.87413,3.64942,37.05589,9.85326,9.99545,88.0804,48.67268,39.40772,3.71901,36.76112,9.79203,10.02547,1.64988,0.25913,0.46641,0.06959,0.29477,0.06123,0.03002,0.40443,1.64988,1.023,1,5
52,91.9439,32.5141,0.84976,61.58386,37.65324,23.48846,0.27866,32.85086,9.16231,6.81384,60.7341,37.46075,23.27335,0.29712,32.69325,9.13907,6.81783,0.84976,0.19249,0.21511,0.01847,0.15761,0.02324,0.00399,0.20867,0.84976,0.778,1,5
53,91.2793,32.5499,0.69887,52.33297,35.02283,16.9912,-0.51533,35.25227,8.74309,5.86897,51.6341,34.90166,16.73244,-0.47804,35.03974,8.7081,5.8874,0.69887,0.12118,0.25876,0.03728,0.21253,0.03498,0.01843,0.19743,0.69887,1.179,1,5
54,82.8429,28.2638,0.6093,49.6551,33.01009,16.36104,-1.20597,31.72344,9.88015,6.13419,49.0458,32.89449,16.15131,-1.17725,31.55091,9.84686,6.14794,0.6093,0.1156,0.20973,0.02872,0.17253,0.03329,0.01375,0.16899,0.6093,0.906,1,5
55,132.9001,46.1141,2.3958,104.738,59.40727,44.04359,1.79813,46.98623,12.79106,10.59572,102.3422,59.15587,43.18633,1.96232,46.40673,12.65805,10.68365,2.3958,0.2514,0.85726,0.16419,0.5795,0.13301,0.08793,0.63844,2.3958,2.413,1,5
56,77.9865,27.1997,0.63636,52.14756,30.93716,20.86769,1.84367,27.34331,7.58346,6.93682,51.5112,30.76841,20.74279,1.83699,27.26859,7.57808,6.92582,0.63636,0.16875,0.1249,0.00667,0.07472,0.00538,0.011,0.14683,0.63636,0.461,1,5
57,128.8565,45.319,2.20529,101.70979,56.23246,44.27308,2.37279,42.33187,14.62883,12.37707,99.5045,55.98841,43.51609,2.5104,41.83539,14.4997,12.4481,2.20529,0.24405,0.75698,0.13761,0.49648,0.12914,0.07103,0.57723,2.20529,1.82,1,5
58,91.8514,32.1768,0.75016,54.32956,36.09298,17.8917,-0.7587,35.58625,10.94551,7.25415,53.5794,35.96534,17.61406,-0.71866,35.35996,10.9006,7.2735,0.75016,0.12764,0.27765,0.04004,0.2263,0.04491,0.01935,0.21229,0.75016,1.229,1,5
59,78.5731,27.2888,0.40076,36.53406,27.53926,8.84014,-1.0864,31.81308,8.54084,5.27078,36.1333,27.44811,8.68519,-1.07333,31.67349,8.52097,5.27643,0.40076,0.09115,0.15495,0.01308,0.13959,0.01987,0.00566,0.11787,0.40076,0.738,1,5
60,133.4049,46.1151,2.26652,103.87982,56.85043,45.79496,5.56369,45.88529,12.70932,13.5662,101.6133,56.53041,45.08289,5.67273,45.41409,12.60512,13.61388,2.26652,0.32002,0.71207,0.10904,0.4712,0.1042,0.04767,0.57582,2.26652,1.208,1,5
61,99.6595,33.3277,1.14114,70.07444,42.03512,27.45234,1.18637,37.06127,9.3815,7.67902,68.9333,41.90226,27.03104,1.26292,36.75794,9.31806,7.71934,1.14114,0.13286,0.42129,0.07655,0.30333,0.06343,0.04031,0.31127,1.14114,1.707,1,5
62,111.0814,39.7545,1.5219,85.703,46.0697,38.79312,5.7247,36.823,9.53786,11.42648,84.1811,45.85308,38.32802,5.79202,36.52572,9.47354,11.45456,1.5219,0.21662,0.4651,0.06732,0.29728,0.06433,0.02808,0.38009,1.5219,0.907,1,5
63,137.8194,45.7938,2.94431,118.95431,61.41342,55.85715,5.87692,42.72274,11.0343,12.58971,116.01,61.17469,54.83531,6.06718,42.13011,10.88509,12.69101,2.94431,0.23873,1.02184,0.19026,0.59263,0.14921,0.1013,0.74832,2.94431,1.639,1,5
64,106.4454,38.0285,1.33076,78.44216,44.02577,33.69614,3.20815,35.97868,8.00266,8.3061,77.1114,43.87661,33.23479,3.2922,35.66949,7.93799,8.34911,1.33076,0.14916,0.46135,0.08405,0.30919,0.06467,0.04301,0.34888,1.33076,1.173,1,5
65,134.7136,47.5566,2.21094,102.56124,57.32853,44.01804,4.12929,46.29268,10.75932,11.03274,100.3503,56.94331,43.40699,4.21073,45.88969,10.68931,11.06489,2.21094,0.38522,0.61105,0.08144,0.40299,0.07001,0.03215,0.54197,2.21094,1.143,1,5
66,100.7999,35.4781,0.93119,61.30019,38.41715,22.42958,3.09108,39.21251,10.56483,10.07718,60.369,38.17267,22.19633,3.08982,39.03243,10.54485,10.06415,0.93119,0.24448,0.23325,0.00126,0.18008,0.01998,0.01303,0.2319,0.93119,0.573,1,5
67,112.9857,39.9287,1.16083,69.50383,45.09569,23.8548,-1.07855,42.46449,12.95499,8.44153,68.343,44.85469,23.48831,-1.03406,42.16491,12.89985,8.46065,1.16083,0.241,0.36649,0.04449,0.29958,0.05514,0.01911,0.31238,1.16083,1.318,1,5
68,101.7598,34.4988,0.86673,60.88443,38.82896,21.63119,-0.17926,36.31907,10.06326,7.08836,60.0177,38.65108,21.36662,-0.14727,36.10802,10.02716,7.10174,0.86673,0.17789,0.26457,0.03199,0.21104,0.0361,0.01338,0.22881,0.86673,1.062,1,5
69,101.9121,37.2638,0.96926,64.36246,40.94098,22.94711,0.01926,38.46124,9.41921,6.78431,63.3932,40.74448,22.64872,0.05638,38.22332,9.3825,6.8005,0.96926,0.1965,0.29839,0.03712,0.23792,0.03672,0.01619,0.25601,0.96926,1.178,1,5
70,112.001,38.4883,1.3104,76.5974,46.30977,29.6084,0.72062,40.24848,12.30046,9.41793,75.287,46.03303,29.25397,0.75778,39.98707,12.25295,9.42835,1.3104,0.27673,0.35444,0.03716,0.26141,0.04751,0.01042,0.3283,1.3104,1.195,1,5
71,98.772,34.8258,0.81199,56.22209,36.76281,19.06257,0.38871,36.48918,9.81939,7.38046,55.4101,36.52442,18.88568,0.37891,36.35318,9.81039,7.36661,0.81199,0.23839,0.17689,0.0098,0.136,0.009,0.01385,0.19942,0.81199,0.665,1,5
72,129.2388,47.2512,1.73385,86.74495,52.43699,33.44233,1.89607,47.79282,12.65584,10.59352,85.0111,52.18165,32.82945,1.99449,47.32965,12.56413,10.64177,1.73385,0.25534,0.61289,0.09842,0.46317,0.09171,0.04825,0.47195,1.73385,1.665,1,5
73,124.8526,44.803,2.13535,101.19995,55.27945,44.74637,4.70923,43.43376,10.68633,11.42873,99.0646,55.00715,44.05745,4.82644,42.98335,10.58939,11.48551,2.13535,0.2723,0.68892,0.11721,0.45041,0.09694,0.05678,0.54541,2.13535,1.296,1,5
74,137.4997,47.949,2.71424,114.45824,60.50106,52.43914,6.66546,46.09718,9.19614,11.91205,111.744,60.2267,51.5173,6.83168,45.5246,9.07178,11.99702,2.71424,0.27435,0.92184,0.16622,0.57258,0.12436,0.08497,0.69408,2.71424,1.483,1,5
75,130.1477,45.4539,2.07327,97.05397,54.37765,41.55841,2.65099,42.97953,12.32202,10.94574,94.9807,54.17361,40.80709,2.79146,42.48109,12.20374,11.01986,2.07327,0.20404,0.75133,0.14047,0.49844,0.11827,0.07412,0.55142,2.07327,1.774,1,5
76,102.3922,33.9243,1.27396,77.81136,44.19672,32.92048,1.95504,35.12162,9.94166,8.70339,76.5374,44.00647,32.53093,2.01873,34.85873,9.88565,8.73265,1.27396,0.19025,0.38956,0.06368,0.2629,0.05601,0.02926,0.32366,1.27396,1.165,1,5
77,111.4778,39.0811,1.60162,86.48912,47.63126,37.98846,4.21646,38.29361,10.43266,10.85277,84.8875,47.44775,37.43975,4.31093,37.93095,10.34858,10.89972,1.60162,0.18351,0.54871,0.09447,0.36266,0.08408,0.04696,0.41743,1.60162,1.158,1,5
78,80.3432,28.65,0.5682,45.4964,31.2835,13.94302,-1.30946,31.25215,9.62836,5.8855,44.9282,31.09634,13.83186,-1.32458,31.16556,9.62498,5.87032,0.5682,0.18716,0.11116,0.01512,0.08659,0.00338,0.01518,0.14097,0.5682,0.624,1,5
79,130.2557,47.8145,2.12703,99.02483,55.48136,42.39337,2.4289,43.46605,10.58641,9.5227,96.8978,55.26867,41.62913,2.57691,42.95593,10.47283,9.60197,2.12703,0.21268,0.76425,0.14801,0.51012,0.11358,0.07926,0.56499,2.12703,1.929,1,5
80,128.5657,45.3943,2.19277,102.25057,56.94287,44.10981,3.07201,44.44035,12.20005,11.20323,100.0578,56.64916,43.40864,3.19313,43.97184,12.09517,11.26303,2.19277,0.29371,0.70117,0.12112,0.4685,0.10487,0.0598,0.56314,2.19277,1.52,1,5
81,145.6765,49.9574,2.85912,117.91652,64.95961,51.36565,3.15588,48.96024,13.08265,11.90385,115.0574,64.54334,50.51406,3.29888,48.40756,12.96314,11.97256,2.85912,0.41627,0.85159,0.14299,0.55268,0.11951,0.06871,0.71584,2.85912,1.696,1,5
82,107.3183,38.1319,0.99638,63.20388,41.38132,21.36545,1.47028,43.06476,10.4139,8.66179,62.2075,41.16823,21.03927,1.50144,42.79297,10.37601,8.67189,0.99638,0.21309,0.32618,0.03117,0.27178,0.03788,0.01009,0.26951,0.99638,0.978,1,5
83,126.788,45.3922,1.80957,91.87987,52.22614,38.68545,4.32214,44.64823,10.54329,11.02797,90.0703,51.92249,38.14781,4.39608,44.27511,10.47519,11.05901,1.80957,0.30365,0.53764,0.07395,0.37312,0.06809,0.03103,0.45672,1.80957,1.059,1,5
84,137.0769,49.7171,2.75341,115.22401,61.60362,52.07803,3.94986,44.43696,10.66071,10.78831,112.4706,61.33614,51.13446,4.1318,43.84856,10.52556,10.88384,2.75341,0.26748,0.94357,0.18194,0.5884,0.13515,0.09554,0.70935,2.75341,1.817,1,5
85,116.6893,41.6294,1.64814,87.58284,50.29217,36.40601,2.88775,42.00757,11.13739,10.31295,85.9347,49.99068,35.94402,2.94695,41.68782,11.07967,10.33493,1.64814,0.30149,0.46199,0.0592,0.31974,0.05772,0.02198,0.41004,1.64814,1.042,1,5
86,85.8943,29.8247,0.493,40.9263,30.03864,10.67622,-1.00828,33.51327,8.21369,5.10559,40.4333,29.87184,10.56146,-1.02163,33.41176,8.21122,5.09478,0.493,0.1668,0.11477,0.01336,0.10151,0.00246,0.01082,0.12896,0.493,0.672,1,5
87,130.7293,45.459,2.07305,99.08085,56.26177,41.69602,3.34504,46.35029,9.65786,9.60756,97.0078,55.94729,41.06051,3.44767,45.91611,9.57998,9.65572,2.07305,0.31448,0.6355,0.10263,0.43418,0.07788,0.04816,0.52655,2.07305,1.355,1,5
88,137.5406,48.7012,2.19498,101.00518,57.00881,42.80807,4.80751,48.0772,11.16677,11.8682,98.8102,56.60144,42.20876,4.87629,47.67266,11.09905,11.89235,2.19498,0.40737,0.59931,0.06878,0.40454,0.06772,0.02415,0.53812,2.19498,1.053,1,5
89,109.888,40.2331,1.24917,74.24527,45.21308,28.38412,0.46972,39.49939,11.10376,8.3582,72.9961,44.93614,28.05996,0.49997,39.25966,11.06542,8.36708,1.24917,0.27693,0.32416,0.03024,0.23973,0.03834,0.00888,0.30964,1.24917,1.074,1,5
90,123.7991,45.0726,1.85291,92.78691,53.44833,38.35024,0.81346,42.21086,12.93161,9.9234,90.934,53.19588,37.73812,0.92306,41.78292,12.83427,9.97913,1.85291,0.25244,0.61212,0.1096,0.42794,0.09733,0.05572,0.48687,1.85291,2.479,1,5
91,137.7216,47.9894,2.70242,114.08622,61.2081,51.37023,4.72241,45.6293,11.03593,11.67819,111.3838,60.9243,50.4595,4.8905,45.0566,10.9057,11.7645,2.70242,0.28381,0.91073,0.16809,0.57269,0.13023,0.08631,0.69347,2.70242,1.62,1,5
92,128.3878,45.1311,1.88864,93.47394,54.86693,37.59637,1.00272,45.21982,10.88806,8.61978,91.5853,54.51669,37.06861,1.07777,44.84461,10.82278,8.65462,1.88864,0.35025,0.52775,0.07505,0.3752,0.06528,0.03484,0.47386,1.88864,1.911,1,5
93,145.7273,49.1852,2.81426,116.82146,63.21512,52.03739,4.87369,48.14034,11.6079,12.21304,114.0072,62.87693,51.13027,5.03402,47.56347,11.4804,12.2931,2.81426,0.33819,0.90711,0.16033,0.57687,0.12751,0.08006,0.71491,2.81426,1.561,1,5
94,122.0966,42.412,1.78688,91.08518,50.36444,39.75378,4.57985,41.21853,9.66539,10.59145,89.2983,50.16539,39.13291,4.68875,40.80621,9.57657,10.64613,1.78688,0.19905,0.62086,0.10891,0.41232,0.08882,0.05468,0.46736,1.78688,1.247,1,5
95,120.9698,43.8534,1.65143,87.20153,50.61137,35.72017,2.67884,43.17728,11.30681,10.25951,85.5501,50.34275,35.20735,2.75611,42.81035,11.23536,10.29434,1.65143,0.26862,0.51281,0.07727,0.36693,0.07145,0.03483,0.42619,1.65143,1.224,1,5
96,145.2484,52.8175,2.99821,118.37661,64.44855,52.29043,4.82475,50.15282,12.34866,12.694,115.3784,64.15783,51.22057,5.02427,49.45917,12.19214,12.79776,2.99821,0.29072,1.06985,0.19952,0.69365,0.15651,0.10376,0.78746,2.99821,1.805,1,5
97,98.1287,35.8077,0.82383,57.84903,36.03555,21.42191,2.53922,36.23667,9.25943,8.6819,57.0252,35.91257,21.11263,2.58315,35.99553,9.21499,8.70131,0.82383,0.12299,0.30928,0.04393,0.24114,0.04445,0.01942,0.22929,0.82383,0.901,1,5
98,92.5176,29.8203,1.10412,71.45472,40.2656,30.58926,2.2804,32.12712,9.95501,8.96895,70.3506,40.13238,30.21822,2.34503,31.88012,9.89545,9.00075,1.10412,0.13322,0.37104,0.06463,0.247,0.05956,0.0318,0.28734,1.10412,1.092,1,5
99,110.9409,38.5047,1.37359,76.49109,45.29751,30.50052,2.75078,41.07862,12.89032,11.4446,75.1175,45.1323,29.9852,2.83542,40.704,12.80271,11.48629,1.37359,0.16521,0.51533,0.08464,0.37462,0.08761,0.04169,0.37753,1.37359,1.269,1,5
100,140.1243,49.9536,2.4239,106.5501,60.3207,44.92903,3.52591,49.62584,11.46748,11.03822,104.1262,59.99405,44.13215,3.66458,49.07475,11.35613,11.10807,2.4239,0.32664,0.79689,0.13867,0.55109,0.11135,0.06985,0.6312,2.4239,1.605,1,5
101,106.6532,38.1635,1.15351,68.79691,42.36724,25.85708,0.44697,38.41956,11.03675,8.27371,67.6434,42.23619,25.40721,0.52701,38.08721,10.96482,8.31628,1.15351,0.13105,0.44987,0.08004,0.33235,0.07192,0.04257,0.32305,1.15351,1.966,1,5
102,115.5435,38.9027,1.57813,84.32483,49.06439,34.43015,1.65161,40.98618,11.33805,9.44929,82.7467,48.8739,33.8728,1.7526,40.5938,11.2503,9.5023,1.57813,0.19049,0.55735,0.101,0.39238,0.08775,0.05301,0.42287,1.57813,1.755,1,5
103,72.1713,26.4312,0.32468,29.01798,25.07772,3.83837,-2.74694,31.29999,9.05516,4.31063,28.6933,25.00324,3.69006,-2.73648,31.16436,9.03528,4.31622,0.32468,0.07447,0.14832,0.01046,0.13564,0.01988,0.00559,0.10272,0.32468,0.92,5,5
104,74.0515,26.0894,0.34949,33.44759,26.2579,7.06061,-1.44229,31.1878,8.16283,4.71983,33.0981,26.14807,6.95003,-1.44473,31.08303,8.1547,4.7156,0.34949,0.10983,0.11057,0.00244,0.10477,0.00813,0.00423,0.09849,0.34949,0.532,1,5
105,148.0256,51.5481,3.03292,122.24122,65.30773,55.22154,5.94782,49.07524,11.56942,13.05386,119.2083,64.86999,54.33831,6.08452,48.52981,11.45592,13.11588,3.03292,0.43773,0.88323,0.13669,0.54543,0.1135,0.06202,0.7445,3.03292,1.374,1,5
106,84.0472,28.6705,0.77611,59.97841,35.48272,24.07212,0.05113,28.39901,8.20832,5.94529,59.2023,35.31065,23.89165,0.06681,28.27885,8.18887,5.94943,0.77611,0.17207,0.18047,0.01568,0.12016,0.01945,0.00415,0.18401,0.77611,0.69,1,5
107,118.3587,42.5337,1.59101,86.71801,49.18752,36.66792,2.27571,39.12173,12.5251,10.81848,85.127,48.91234,36.21466,2.33863,38.81496,12.45919,10.84151,1.59101,0.27518,0.45326,0.06291,0.30677,0.06592,0.02303,0.39687,1.59101,1.131,1,5
108,87.7024,29.6737,0.88068,64.33128,37.40159,26.45529,1.16263,30.54551,7.57306,6.37005,63.4506,37.265,26.1856,1.20729,30.3576,7.53609,6.39181,0.88068,0.13658,0.26969,0.04466,0.18792,0.03697,0.02177,0.22547,0.88068,1.149,1,5
109,136.5381,49.1501,2.20586,101.32076,57.74165,42.38925,2.41654,46.32022,15.16724,12.82769,99.1149,57.33285,41.78205,2.4934,45.90555,15.08005,12.85235,2.20586,0.4088,0.6072,0.07685,0.41466,0.0872,0.02466,0.54646,2.20586,1.309,1,5
110,125.4996,44.858,1.79554,90.38474,53.64588,35.78312,1.16912,45.43498,10.82043,8.71229,88.5892,53.27441,35.31479,1.22138,45.10199,10.77087,8.73213,1.79554,0.37147,0.46833,0.05226,0.33299,0.04956,0.01984,0.44143,1.79554,1.411,1,5
111,79.5266,28.0391,0.59472,47.31912,30.08017,16.95737,1.52198,30.48978,7.69416,6.74136,46.7244,30.01483,16.70957,1.56238,30.30147,7.65645,6.76255,0.59472,0.06534,0.2478,0.0404,0.1883,0.03771,0.02119,0.17078,0.59472,1.002,1,5
112,96.0402,31.6309,1.15074,74.56474,41.3879,32.52979,2.99518,32.32557,8.29574,8.3623,73.414,41.16611,32.24789,3.02347,32.15409,8.26606,8.37034,1.15074,0.2218,0.2819,0.02829,0.17148,0.02968,0.00804,0.27027,1.15074,0.696,1,5
113,134.1593,46.4803,2.18493,102.64873,56.59963,44.84305,3.88602,44.05372,12.14779,11.8231,100.4638,56.27363,44.19017,3.98911,43.62567,12.05448,11.87052,2.18493,0.326,0.65288,0.10309,0.42805,0.09331,0.04742,0.54795,2.18493,1.279,1,5
114,123.7874,42.5252,2.07969,98.46839,52.98596,44.33965,5.55022,41.71128,10.28091,11.80029,96.3887,52.78809,43.60061,5.68208,41.24071,10.17089,11.86871,2.07969,0.19787,0.73904,0.13186,0.47057,0.11002,0.06842,0.54249,2.07969,1.329,1,5
115,117.7391,41.2957,1.79277,89.99317,51.29191,37.75157,2.37724,41.8952,12.22556,10.66162,88.2004,51.0952,37.1052,2.49485,41.4506,12.12135,10.72325,1.79277,0.19671,0.64637,0.11761,0.4446,0.10421,0.06163,0.48056,1.79277,1.647,1,5
116,78.6851,26.913,0.62687,49.93027,30.65598,18.95433,0.18411,27.2005,7.92539,5.83688,49.3034,30.59529,18.70811,0.22968,27.02571,7.88579,5.86151,0.62687,0.06069,0.24622,0.04557,0.17479,0.0396,0.02463,0.17405,0.62687,1.268,1,5
117,84.3411,28.1517,0.66659,52.44469,33.85424,18.27014,-0.23846,32.29995,9.5051,6.63863,51.7781,33.74069,18.03741,-0.2041,32.11531,9.46941,6.65469,0.66659,0.11356,0.23273,0.03436,0.18464,0.03569,0.01606,0.18337,0.66659,1.072,1,5
118,128.4953,45.9676,2.04803,98.63183,55.31623,42.20281,3.52402,44.54676,10.97684,10.69524,96.5838,55.01301,41.57079,3.6259,44.11939,10.89139,10.74251,2.04803,0.30322,0.63202,0.10188,0.42737,0.08545,0.04727,0.52075,2.04803,1.313,1,5
119,133.7972,48.581,2.67762,115.45872,60.16634,53.75324,6.33063,42.96614,10.16339,12.35776,112.7811,59.76899,53.01211,6.43838,42.53511,10.07389,12.40391,2.67762,0.39736,0.74113,0.10775,0.43103,0.0895,0.04615,0.6415,2.67762,1.188,1,5
120,130.533,45.2135,1.93982,96.58402,53.97891,41.53179,3.12975,42.36834,11.06313,10.449,94.6442,53.64553,40.99867,3.2034,42.02077,10.99528,10.47932,1.93982,0.33339,0.53312,0.07365,0.34756,0.06785,0.03033,0.4751,1.93982,1.141,1,5
