sample_id,profile_id,speed_rpm,torque_nm,current_a,voltage_v,temperature_c,vibration_rms_mm_s,acoustic_db,cooling_flow_lpm,efficiency,pressure_kpa,output_power_w,true_mode_label,mode_id,anomaly_flag,health_score,maintenance_priority
1,4,2381.8,6.38916,14.6283,96.534,45.553,2.1899,54.213,15.227,0.8836,97.445,1593.621,sensor_drift,5,1,1.0,low
2,6,2979.5,8.35411,17.1871,96.564,47.986,1.4968,54.536,18.394,0.90474,102.48,2606.544,nominal,1,0,1.0,low
3,2,1018.4,3.45685,5.6584,95.034,38.82,1.0653,51.007,17.487,0.87408,100.114,368.68,idle,0,0,1.0,low
4,1,2898.1,6.88526,18.177,299.752,45.656,1.6331,55.973,16.605,0.83031,95.932,2089.622,nominal,1,0,1.0,low
5,3,4713.3,13.06525,32.7475,94.128,79.408,2.7742,54.77,14.791,0.80916,99.474,6448.696,high_load,2,0,0.96707,low
6,3,2312.6,6.24702,12.1071,95.969,37.362,2.72,55.409,14.689,0.87645,100.582,1512.84,sensor_drift,5,1,1.0,low
7,4,3538.7,9.22645,18.6957,301.91,47.914,1.3809,51.027,18.172,0.88945,96.898,3419.069,nominal,1,0,1.0,low
8,6,1227.2,2.89427,7.208,300.024,26.065,1.1026,52.694,16.682,0.87492,99.801,371.952,idle,0,0,1.0,low
9,4,1201.1,2.58624,5.5647,46.626,37.905,1.1552,52.099,15.393,0.92181,100.654,325.301,idle,0,0,1.0,low
10,5,4121.9,17.47428,42.1532,96.356,76.465,2.863,59.733,14.201,0.87353,101.617,7542.739,high_load,2,0,0.90584,low
11,5,3321.6,10.21248,29.5457,299.177,91.541,2.4712,57.581,8.638,0.77998,103.221,3552.309,cooling_degraded,3,1,0.92461,low
12,1,3842.7,9.87818,24.8889,95.102,94.316,2.9825,59.398,6.075,0.84927,105.126,3975.009,cooling_degraded,3,1,0.91489,low
13,5,1014.1,3.11779,5.6749,95.654,33.534,1.0445,49.098,16.957,0.87253,98.526,331.11,idle,0,0,1.0,low
14,4,1121.7,3.47816,6.8771,298.496,30.227,0.9607,48.458,18.138,0.89381,99.083,408.552,idle,0,0,1.0,low
15,6,4374.3,10.43423,25.0932,95.447,89.966,2.3715,52.692,6.595,0.78422,102.957,4779.702,cooling_degraded,3,1,0.93012,low
16,5,1158.0,3.17329,6.2761,98.533,23.046,0.9196,55.743,18.35,0.89744,101.938,384.824,idle,0,0,1.0,low
17,3,2490.2,5.84983,13.7233,98.289,44.845,2.617,60.935,17.073,0.90292,99.978,1525.454,sensor_drift,5,1,1.0,low
18,4,3925.2,10.10476,26.1927,299.392,94.106,2.8124,55.976,8.348,0.83102,99.291,4153.53,cooling_degraded,3,1,0.91563,low
19,2,3223.1,6.53213,19.477,300.428,45.092,1.8056,50.192,19.83,0.87662,96.427,2204.737,nominal,1,0,1.0,low
20,4,4429.2,14.12872,43.7255,299.227,74.228,2.6255,61.193,14.406,0.84531,102.723,6553.254,high_load,2,0,0.89795,low
21,3,4406.9,10.15931,21.0045,48.15,97.259,2.6614,59.725,6.686,0.81199,100.701,4688.375,cooling_degraded,3,1,0.90459,low
22,2,2151.2,5.14953,11.145,48.752,44.234,1.9979,54.909,15.093,0.8604,99.293,1160.053,sensor_drift,5,1,1.0,low
23,1,3511.4,7.90768,20.8482,96.344,54.882,1.133,54.325,15.43,0.92038,101.168,2907.758,nominal,1,0,1.0,low
24,6,4069.8,11.61733,24.5583,93.537,88.004,2.8689,58.523,8.494,0.86092,100.051,4951.21,cooling_degraded,3,1,0.93699,low
25,3,3248.2,7.17532,16.9647,299.812,47.398,1.4353,52.209,14.592,0.93012,100.288,2440.707,nominal,1,0,1.0,low
26,2,3043.2,6.84161,11.0283,299.565,61.395,8.5006,76.091,17.192,0.8659,99.053,2180.336,vibration_alarm,4,1,0.72497,low
27,4,2957.2,7.12923,18.4745,97.421,50.564,1.7486,54.675,14.659,0.88055,98.938,2207.729,nominal,1,0,1.0,low
28,2,3140.6,6.73156,18.5086,300.943,46.212,1.8412,53.152,20.416,0.88541,101.401,2213.923,nominal,1,0,1.0,low
29,4,1101.1,2.683,5.1255,299.752,27.572,0.6417,49.149,17.471,0.85706,98.416,309.38,idle,0,0,1.0,low
30,1,5117.7,14.745,36.6426,95.086,72.095,3.1151,55.471,12.972,0.83148,100.72,7902.18,high_load,2,0,0.97624,low
31,6,1272.6,3.2448,7.1297,95.802,32.026,1.0588,48.35,16.485,0.88413,99.047,432.429,idle,0,0,1.0,low
32,6,3437.9,8.82467,19.5722,299.549,51.069,1.9865,55.157,13.985,0.84952,101.174,3176.994,nominal,1,0,1.0,low
33,2,1175.5,3.09324,6.6568,300.311,23.694,1.0583,52.445,17.389,0.94,98.752,380.769,idle,0,0,1.0,low
34,5,3036.4,9.88927,16.1714,96.006,52.088,2.3237,54.985,17.395,0.86081,100.182,3144.49,nominal,1,0,1.0,low
35,4,1203.1,3.62032,5.5278,95.117,31.317,0.8373,49.845,12.89,0.88595,100.159,456.115,idle,0,0,1.0,low
36,3,1213.5,2.99499,6.1333,299.77,30.99,1.2229,49.248,18.557,0.91016,101.456,380.593,idle,0,0,1.0,low
37,2,3893.3,10.70579,23.2573,94.217,85.234,2.936,55.228,7.02,0.7859,100.307,4364.864,cooling_degraded,3,1,0.94668,low
38,6,1266.7,2.91311,5.5323,299.624,36.344,0.9831,48.819,15.932,0.92657,99.144,386.406,idle,0,0,1.0,low
39,6,1142.5,3.0783,5.2391,98.253,27.994,1.2488,52.729,17.003,0.9141,99.116,368.311,idle,0,0,1.0,low
40,6,1051.1,3.56391,4.9012,96.186,29.369,0.831,49.801,15.804,0.86792,99.98,392.266,idle,0,0,1.0,low
41,1,4806.7,16.3984,40.6313,299.439,78.401,2.9999,59.087,18.508,0.79625,99.561,8254.264,high_load,2,0,0.91428,low
42,6,2327.7,5.54923,17.4395,301.188,36.95,2.0683,54.623,15.196,0.88466,101.364,1352.665,sensor_drift,5,1,1.0,low
43,1,4432.6,17.26956,37.4017,297.32,83.065,3.0889,57.376,15.48,0.83133,97.679,8016.187,high_load,2,0,0.93026,low
44,3,2964.3,6.86536,21.2172,93.61,47.642,1.8772,54.11,15.741,0.85446,100.363,2131.128,nominal,1,0,1.0,low
45,1,5527.2,14.0073,40.0508,94.154,75.848,2.158,53.443,16.432,0.83011,104.198,8107.459,high_load,2,0,0.92902,low
46,4,4879.5,13.40009,37.7166,46.242,80.809,3.2393,59.809,15.535,0.82458,100.698,6847.239,high_load,2,0,0.935,low
47,1,4844.4,16.1505,40.5281,47.969,77.016,3.2131,57.222,16.497,0.86044,101.671,8193.199,high_load,2,0,0.92016,low
48,1,1149.4,2.68912,5.6845,300.362,27.641,0.8629,51.984,17.403,0.9005,98.707,323.686,idle,0,0,1.0,low
49,3,2831.0,6.48733,17.7093,298.992,56.389,4.4761,63.922,14.565,0.85301,98.323,1923.214,vibration_alarm,4,1,0.94632,low
50,1,5047.0,16.05291,33.2455,96.643,74.715,2.5782,56.113,16.975,0.86606,100.877,8484.278,high_load,2,0,0.9835,low
51,4,1224.3,3.22782,6.0873,301.09,27.085,1.247,51.947,16.554,0.89917,99.969,413.817,idle,0,0,1.0,low
52,5,1086.4,2.74002,7.6471,95.672,37.878,1.1545,50.913,13.546,0.91386,102.026,311.725,idle,0,0,1.0,low
53,3,1152.8,3.32549,4.6978,299.419,31.66,1.2409,52.888,16.739,0.88514,102.511,401.465,idle,0,0,1.0,low
54,1,2408.4,4.7572,15.0104,46.944,44.431,2.8534,57.11,16.07,0.88564,96.833,1199.821,sensor_drift,5,1,1.0,low
55,1,3141.3,8.10408,15.7832,96.558,46.851,1.6258,53.145,19.122,0.87787,99.672,2665.855,nominal,1,0,1.0,low
56,4,3211.4,8.04992,17.0395,47.783,40.769,1.7914,52.976,18.015,0.86714,98.671,2707.19,nominal,1,0,1.0,low
57,5,3737.7,9.5818,23.722,299.479,98.708,2.2561,54.557,6.65,0.85656,101.67,3750.413,cooling_degraded,3,1,0.89952,low
58,3,3613.3,7.15919,19.8836,47.248,48.786,1.8989,58.211,18.184,0.85809,100.55,2708.918,nominal,1,0,1.0,low
59,1,4995.4,18.2547,46.1881,48.471,72.995,2.3732,53.361,17.522,0.8202,102.047,9549.301,high_load,2,0,0.87763,low
60,2,4627.4,17.39857,36.4802,298.79,77.845,2.9101,57.707,15.108,0.84352,103.643,8431.001,high_load,2,0,0.95774,low
61,2,1223.7,2.83061,5.5231,96.952,27.103,1.1556,53.662,13.805,0.90213,100.031,362.728,idle,0,0,1.0,low
62,6,4716.2,13.96642,36.8161,299.07,83.125,2.9537,57.183,15.208,0.86274,102.213,6897.664,high_load,2,0,0.9359,low
63,6,2889.8,5.32634,19.2361,300.055,53.245,6.4026,68.07,14.251,0.85392,97.726,1611.866,vibration_alarm,4,1,0.84035,low
64,1,1200.2,2.93562,5.3421,95.742,39.454,0.9672,50.198,14.399,0.92697,100.489,368.977,idle,0,0,1.0,low
65,6,3112.7,7.06467,14.3041,300.932,58.698,4.07,59.045,16.979,0.94,100.435,2302.794,vibration_alarm,4,1,0.96865,low
66,5,1163.1,3.14135,5.4816,300.88,37.124,1.1109,53.095,15.048,0.88787,100.009,382.616,idle,0,0,1.0,low
67,5,1088.9,2.48665,5.4061,94.391,25.756,1.1272,52.941,14.727,0.91225,101.059,283.56,idle,0,0,1.0,low
68,2,3854.4,8.02753,14.8248,47.352,49.555,1.543,50.909,17.029,0.88184,100.444,3240.181,nominal,1,0,1.0,low
69,2,5636.2,13.2841,34.5032,94.94,75.778,2.3143,57.352,15.756,0.79949,100.997,7840.586,high_load,2,0,0.97978,low
70,2,1362.4,3.15342,4.2684,46.963,27.591,1.3234,52.373,17.441,0.88459,98.49,449.896,idle,0,0,1.0,low
71,1,4740.9,17.15267,45.4938,95.206,77.39,2.8854,55.66,17.058,0.80237,101.235,8515.668,high_load,2,0,0.8692,low
72,3,3293.5,9.26195,15.3949,302.4,45.052,2.2384,55.662,17.049,0.89378,100.781,3194.36,nominal,1,0,1.0,low
73,4,1225.0,3.23405,6.1978,46.413,31.895,1.2088,54.126,16.239,0.87174,101.01,414.854,idle,0,0,1.0,low
74,4,2892.8,8.59233,15.327,299.094,54.328,5.7968,68.365,15.268,0.85396,101.247,2602.869,vibration_alarm,4,1,0.87368,low
75,3,3106.4,10.83589,17.8138,97.087,52.552,1.4967,53.173,16.542,0.87396,98.791,3524.942,nominal,1,0,1.0,low
76,6,1214.8,3.25127,5.7138,301.044,31.075,1.3425,50.545,14.575,0.83777,99.115,413.616,idle,0,0,1.0,low
77,5,3984.5,9.33987,30.0211,94.609,95.728,2.0987,54.061,5.963,0.83929,102.986,3897.087,cooling_degraded,3,1,0.90995,low
78,6,2341.7,5.48084,12.3591,299.947,46.882,2.4517,55.382,14.347,0.87519,99.681,1344.035,sensor_drift,5,1,1.0,low
79,1,2962.3,7.16189,18.2248,47.464,49.881,1.6826,51.061,16.066,0.88704,101.339,2221.683,nominal,1,0,1.0,low
80,5,3626.6,8.56712,27.8999,49.408,89.045,2.0905,57.543,6.193,0.82328,100.553,3253.555,cooling_degraded,3,1,0.93334,low
81,1,3183.8,8.39038,15.082,96.079,53.723,2.0039,54.069,16.816,0.86496,96.459,2797.376,nominal,1,0,1.0,low
82,6,5012.7,13.06068,49.9504,94.295,77.686,2.5831,58.934,17.193,0.84093,102.938,6855.993,high_load,2,0,0.82359,low
83,3,3155.4,5.18603,10.3138,49.396,56.287,5.5384,65.027,16.245,0.81991,99.769,1713.659,vibration_alarm,4,1,0.88789,low
84,2,5768.7,16.06437,38.9305,300.383,77.211,2.7794,53.127,19.155,0.83863,99.851,9704.501,high_load,2,0,0.93546,low
85,1,2919.6,7.43721,14.547,298.828,48.988,6.0247,64.756,17.714,0.84022,100.112,2273.856,vibration_alarm,4,1,0.86114,low
86,2,1045.5,2.97698,5.532,94.688,40.514,1.0345,51.87,14.467,0.91192,96.535,325.922,idle,0,0,1.0,low
87,6,3105.7,8.38873,15.8867,298.853,52.299,8.6469,78.28,19.994,0.884,99.031,2728.26,vibration_alarm,4,1,0.71692,low
88,4,3327.3,6.54916,16.4788,299.295,64.265,5.4044,62.297,18.918,0.81932,97.907,2281.923,vibration_alarm,4,1,0.89526,low
89,5,3252.2,9.96157,17.1127,299.599,46.64,1.5977,53.634,19.641,0.8458,97.857,3392.6,nominal,1,0,1.0,low
90,6,3797.7,9.41574,28.3041,95.579,98.83,2.3007,55.815,8.373,0.82306,98.602,3744.604,cooling_degraded,3,1,0.8991,low
91,6,1030.6,3.40324,5.8978,300.765,37.631,0.745,50.627,12.969,0.89925,98.228,367.296,idle,0,0,1.0,low
92,6,3378.4,10.08282,29.1807,299.308,94.478,3.2923,54.083,7.716,0.83772,99.649,3567.134,cooling_degraded,3,1,0.91433,low
93,2,4920.5,16.44798,43.9019,299.085,71.689,3.6163,59.536,16.11,0.85443,102.202,8475.161,high_load,2,0,0.89867,low
94,4,3074.5,8.09663,17.8347,299.947,43.927,1.8394,51.724,15.187,0.88937,98.969,2606.839,nominal,1,0,1.0,low
95,1,1055.6,2.72724,3.9147,49.67,33.898,0.9435,51.4,14.193,0.90905,97.251,301.472,idle,0,0,1.0,low
96,3,2873.0,6.35412,11.686,95.613,55.123,8.1227,74.504,15.477,0.82175,100.089,1911.673,vibration_alarm,4,1,0.74575,low
97,5,3040.4,7.51501,18.4289,95.426,54.328,1.3821,53.9,16.351,0.87572,99.596,2392.664,nominal,1,0,1.0,low
98,4,1050.4,3.00977,6.5698,47.229,33.65,1.0569,55.215,16.041,0.89991,99.06,331.061,idle,0,0,1.0,low
99,3,3161.5,7.80532,18.7661,298.114,57.326,5.3015,62.087,14.927,0.86633,99.03,2584.109,vibration_alarm,4,1,0.90092,low
100,3,3414.0,7.54511,20.0597,48.845,49.941,1.7626,51.965,15.389,0.89489,98.456,2697.439,nominal,1,0,1.0,low
101,6,3253.4,7.27866,11.5329,95.648,46.556,1.6211,52.112,18.471,0.8645,100.265,2479.788,nominal,1,0,1.0,low
102,1,3430.3,7.90159,17.5822,94.666,51.908,2.1346,57.352,18.928,0.88059,100.309,2838.37,nominal,1,0,1.0,low
103,4,3782.4,8.22708,27.7968,299.349,91.556,2.5139,55.996,6.577,0.81737,102.614,3258.647,cooling_degraded,3,1,0.92455,low
104,1,1233.0,2.30407,6.9142,300.912,33.946,1.099,51.196,16.238,0.93743,99.779,297.499,idle,0,0,1.0,low
105,4,3616.3,11.21947,26.5892,95.711,96.379,2.9504,57.118,6.39,0.80636,101.275,4248.835,cooling_degraded,3,1,0.90768,low
106,1,1203.8,3.19258,6.1194,299.14,33.318,1.3173,51.822,14.936,0.92365,98.507,402.476,idle,0,0,1.0,low
107,5,3286.4,7.86214,14.7477,96.137,53.096,1.373,51.993,15.952,0.87157,98.733,2705.767,nominal,1,0,1.0,low
108,2,3961.4,10.76368,30.7223,48.646,97.87,2.4735,56.193,9.307,0.84745,101.711,4465.185,cooling_degraded,3,1,0.90245,low
109,6,4511.4,14.65335,36.4234,300.073,76.133,2.2747,54.394,18.011,0.87346,97.863,6922.678,high_load,2,0,0.9643,low
110,5,2695.5,5.77326,13.5313,48.523,52.644,2.3734,55.903,17.227,0.89295,98.172,1629.635,sensor_drift,5,1,1.0,low
111,1,4134.7,9.12796,31.8767,97.02,90.74,2.6427,55.872,7.867,0.82405,101.96,3952.287,cooling_degraded,3,1,0.92741,low
112,2,2890.8,8.10586,18.5903,300.681,42.605,1.9424,54.546,17.637,0.88213,98.4,2453.871,nominal,1,0,1.0,low
113,5,2109.2,5.84955,16.6651,95.195,42.076,1.7761,55.426,17.206,0.83098,97.718,1292.009,sensor_drift,5,1,1.0,low
114,5,3120.0,9.45708,18.8638,95.512,46.116,1.9142,58.231,18.335,0.87711,98.783,3089.883,nominal,1,0,1.0,low
115,5,2997.7,6.2742,18.2527,95.262,56.575,6.9308,71.823,17.058,0.83445,100.198,1969.607,vibration_alarm,4,1,0.81131,low
116,2,2932.7,8.99769,16.4203,299.615,46.209,1.4165,52.418,17.136,0.89291,100.872,2763.336,nominal,1,0,1.0,low
117,1,2984.4,8.47369,16.699,300.595,57.335,1.412,52.765,15.813,0.87684,98.198,2648.232,nominal,1,0,1.0,low
118,5,2951.8,8.38838,15.0486,303.292,48.091,2.66,56.356,16.802,0.8622,101.526,2592.966,nominal,1,0,1.0,low
119,5,4446.2,14.56397,34.5662,47.409,75.121,2.9372,58.992,18.192,0.83926,99.209,6781.098,high_load,2,0,0.98208,low
120,2,3034.8,8.29164,18.7119,298.088,43.608,1.3448,51.957,17.573,0.90579,99.967,2635.144,nominal,1,0,1.0,low
121,6,4836.2,14.80821,35.4803,94.848,84.013,2.3975,58.077,13.527,0.86335,98.398,7499.482,high_load,2,0,0.94615,low
122,4,5114.5,13.97273,31.7162,48.312,76.77,2.8821,57.584,16.703,0.87237,101.308,7483.633,high_load,2,0,0.9763,low
123,5,1262.3,3.06251,5.7931,298.671,38.079,1.2271,51.06,14.468,0.90541,101.673,404.827,idle,0,0,1.0,low
124,2,5408.5,15.92255,36.1723,46.879,81.341,2.9743,58.949,14.615,0.81021,99.986,9018.135,high_load,2,0,0.94858,low
125,4,5333.6,15.53571,28.6839,299.219,83.177,3.4204,60.097,16.947,0.82853,98.247,8677.22,high_load,2,0,0.95388,low
126,5,2304.9,6.14256,15.8612,300.92,45.885,2.2539,55.056,16.485,0.82483,98.216,1482.601,sensor_drift,5,1,1.0,low
127,1,4372.3,10.0825,24.3858,299.611,90.781,1.505,55.092,8.452,0.84979,99.297,4616.457,cooling_degraded,3,1,0.92727,low
128,1,1042.4,2.67209,5.9527,299.634,27.532,0.9142,52.518,18.467,0.92695,96.286,291.699,idle,0,0,1.0,low
129,1,4623.0,17.81692,43.4731,48.386,72.509,3.3675,53.523,17.077,0.80495,99.969,8625.548,high_load,2,0,0.90649,low
130,2,3165.4,8.14595,16.3228,96.177,59.511,1.9969,54.289,14.595,0.88502,99.597,2700.218,nominal,1,0,1.0,low
131,4,1338.2,3.04083,5.9661,47.915,30.843,0.9437,46.366,16.567,0.88316,97.613,426.138,idle,0,0,1.0,low
132,3,4174.5,11.12496,21.2857,47.295,88.338,3.5384,59.769,9.906,0.81671,100.318,4863.317,cooling_degraded,3,1,0.93371,low
133,3,5001.0,14.83778,38.4819,299.474,84.203,2.2463,56.46,15.789,0.84931,101.349,7770.608,high_load,2,0,0.91547,low
134,5,2785.6,7.16779,17.4698,97.527,47.534,1.4466,49.859,16.869,0.93009,100.728,2090.898,nominal,1,0,1.0,low
135,2,3226.8,8.15677,11.7515,301.432,52.292,2.036,53.741,14.657,0.87184,101.956,2756.262,nominal,1,0,1.0,low
136,6,3476.0,7.83295,15.5191,96.41,49.832,1.3748,50.966,14.402,0.91984,98.942,2851.215,nominal,1,0,1.0,low
137,4,1087.3,3.34471,6.1805,49.371,35.792,0.8362,50.859,14.111,0.93425,100.022,380.82,idle,0,0,1.0,low
138,1,3313.4,10.67925,27.8283,48.543,95.658,2.1549,54.87,5.676,0.79467,102.914,3705.441,cooling_degraded,3,1,0.9102,low
139,4,2906.1,8.27974,15.961,301.764,48.247,2.0,53.241,15.717,0.86465,99.237,2519.776,nominal,1,0,1.0,low
140,5,1195.2,2.6999,4.8735,299.565,39.344,0.8994,45.139,16.563,0.914,97.002,337.918,idle,0,0,1.0,low
141,1,3457.1,9.21753,25.4806,300.247,100.05,2.8756,58.552,4.048,0.84141,102.541,3336.978,cooling_degraded,3,1,0.89483,low
142,5,3030.3,6.64707,16.4078,47.656,44.365,1.4392,53.72,14.578,0.88089,100.676,2109.334,nominal,1,0,1.0,low
143,6,3487.1,8.13731,18.2592,299.788,46.876,1.938,52.61,16.985,0.86737,96.842,2971.51,nominal,1,0,1.0,low
144,4,5095.3,13.77447,44.8205,94.725,85.315,3.2798,56.419,14.651,0.81263,100.551,7349.738,high_load,2,0,0.84819,low
145,4,1153.0,2.55802,7.6571,95.98,34.232,0.9652,51.875,16.172,0.88161,98.384,308.87,idle,0,0,1.0,low
146,1,3251.7,10.25812,16.457,47.955,41.438,1.7213,54.408,17.093,0.87988,100.669,3493.099,nominal,1,0,1.0,low
147,4,2867.2,7.55552,18.4008,95.595,42.831,1.8291,52.131,17.583,0.90133,98.309,2268.564,nominal,1,0,1.0,low
148,3,3060.1,6.28902,18.0509,95.749,49.884,5.0883,63.985,16.204,0.91352,101.56,2015.325,vibration_alarm,4,1,0.91264,low
149,2,2918.2,5.9223,12.9959,300.795,57.333,7.3112,71.716,17.229,0.86282,101.842,1809.783,vibration_alarm,4,1,0.79038,low
150,5,5169.1,15.46199,40.7332,48.467,76.454,3.7466,56.729,16.49,0.85324,103.738,8369.736,high_load,2,0,0.90652,low
151,3,1350.0,3.52781,4.999,48.714,32.848,0.8498,49.669,16.934,0.88925,100.107,498.749,idle,0,0,1.0,low
152,5,5368.1,15.48677,40.5406,300.17,74.927,2.7689,60.495,15.938,0.82966,101.383,8705.889,high_load,2,0,0.92735,low
153,6,4072.5,11.13225,26.0072,47.782,91.139,3.163,58.607,8.698,0.83616,98.561,4747.598,cooling_degraded,3,1,0.92601,low
154,1,3793.9,11.3347,28.9048,97.244,89.926,2.6954,54.75,6.486,0.8028,99.847,4503.252,cooling_degraded,3,1,0.93026,low
155,6,1186.3,3.48637,4.9556,98.217,27.769,1.0146,51.413,17.02,0.91456,100.147,433.095,idle,0,0,1.0,low
156,5,1113.9,3.44924,7.3303,96.804,33.044,1.1253,49.743,16.953,0.91228,99.32,402.337,idle,0,0,1.0,low
157,2,3793.3,7.81011,30.8414,46.355,96.168,2.526,56.422,7.46,0.82152,103.329,3102.429,cooling_degraded,3,1,0.90841,low
158,2,3366.6,9.09918,16.4494,95.834,53.026,1.8297,50.905,15.673,0.84003,100.545,3207.91,nominal,1,0,1.0,low
159,1,2877.2,6.89255,13.4175,299.868,43.922,2.0582,49.972,16.687,0.87423,99.251,2076.691,nominal,1,0,1.0,low
160,5,5031.9,18.50699,35.4792,44.209,83.443,2.8498,55.711,17.394,0.87437,101.689,9752.157,high_load,2,0,0.94816,low
161,3,4301.0,15.39195,32.5447,46.582,81.643,4.0872,60.685,15.816,0.81549,99.0,6932.553,high_load,2,0,0.92695,low
162,2,3324.2,7.55172,22.0617,46.221,49.102,1.5717,53.708,16.676,0.8734,100.813,2628.821,nominal,1,0,1.0,low
163,4,1227.9,3.01215,5.1757,46.296,39.119,0.9725,49.242,15.299,0.90569,100.535,387.327,idle,0,0,1.0,low
164,2,2912.1,5.8589,20.5594,297.794,49.051,1.3652,53.887,17.83,0.8193,97.52,1786.701,nominal,1,0,1.0,low
165,4,3312.7,7.37356,14.007,301.987,45.666,1.8831,50.78,18.702,0.8494,101.832,2557.889,nominal,1,0,1.0,low
166,4,3274.2,8.11991,16.3055,95.887,53.171,1.6037,51.142,17.971,0.87041,101.314,2784.102,nominal,1,0,1.0,low
167,2,3326.3,6.82704,13.1725,48.16,49.342,2.234,56.937,16.254,0.91853,100.212,2378.045,nominal,1,0,1.0,low
168,3,4325.8,10.30838,30.6374,299.285,92.104,2.9861,58.863,5.428,0.77517,96.45,4669.638,cooling_degraded,3,1,0.92263,low
169,5,1254.8,3.08903,4.9848,97.427,27.433,1.246,51.23,16.663,0.88145,98.573,405.915,idle,0,0,1.0,low
170,5,4750.5,13.49684,37.8676,300.455,81.164,2.5072,52.183,16.964,0.82957,100.78,6714.349,high_load,2,0,0.93225,low
171,1,5410.8,16.38062,34.141,299.626,82.118,2.1047,55.087,17.722,0.82833,99.006,9281.564,high_load,2,0,0.95759,low
172,2,2281.3,5.8982,14.6589,300.394,41.58,1.6559,50.44,16.821,0.85509,99.791,1409.041,sensor_drift,5,1,1.0,low
173,2,1251.7,2.84479,6.6609,299.669,30.11,1.1867,47.144,15.399,0.91161,97.785,372.9,idle,0,0,1.0,low
174,1,1149.4,2.6891,6.2964,299.551,27.726,0.9081,49.006,17.282,0.91012,98.011,323.668,idle,0,0,1.0,low
175,2,5648.2,16.02563,39.6135,300.11,81.045,3.0064,58.053,16.845,0.85449,102.844,9478.793,high_load,2,0,0.91521,low
176,4,3276.1,8.20642,20.6919,96.002,48.404,1.7847,52.974,17.165,0.86747,100.341,2815.419,nominal,1,0,1.0,low
177,5,1280.1,2.54204,6.5846,95.999,33.68,1.1104,51.15,16.781,0.87748,100.355,340.754,idle,0,0,1.0,low
178,4,1081.6,3.185,6.4806,301.359,24.608,0.5976,50.79,17.106,0.92945,99.525,360.755,idle,0,0,1.0,low
179,2,1312.7,3.10651,6.5322,96.298,29.361,1.1463,49.132,18.445,0.89498,99.583,427.038,idle,0,0,1.0,low
180,6,3018.9,8.62634,15.4922,95.791,46.942,1.27,51.407,17.199,0.84588,97.263,2727.108,nominal,1,0,1.0,low
181,6,3849.5,8.46871,22.7155,46.885,88.189,2.6358,60.117,8.341,0.78838,100.451,3413.875,cooling_degraded,3,1,0.93634,low
182,6,3602.5,8.02342,19.0977,47.799,44.264,2.2141,53.525,17.887,0.92206,99.013,3026.888,nominal,1,0,1.0,low
183,3,2582.2,7.57285,18.382,48.145,53.068,5.389,66.473,16.443,0.84635,98.881,2047.743,vibration_alarm,4,1,0.8961,low
184,6,1233.1,3.01591,4.5979,298.763,29.216,1.3453,47.334,13.519,0.89212,98.561,389.433,idle,0,0,1.0,low
185,1,4115.9,7.73639,29.9719,50.282,89.505,2.538,53.0,8.09,0.84713,99.732,3334.538,cooling_degraded,3,1,0.93173,low
186,4,2228.0,4.78798,15.6856,300.365,43.683,2.1084,57.474,14.733,0.91536,101.041,1117.105,sensor_drift,5,1,1.0,low
187,3,3297.3,8.45625,17.4393,299.553,54.773,1.9939,58.69,14.183,0.88145,102.917,2919.858,nominal,1,0,1.0,low
188,5,1222.8,3.21036,5.7562,298.739,38.152,1.0324,53.934,16.89,0.86788,102.242,411.084,idle,0,0,1.0,low
189,3,2343.5,5.93148,13.3027,96.41,43.337,2.2202,54.09,14.976,0.91956,101.302,1455.664,sensor_drift,5,1,1.0,low
190,6,3318.2,7.76164,21.4744,300.38,44.056,1.4383,55.98,14.737,0.90532,100.444,2697.025,nominal,1,0,1.0,low
191,2,5050.3,13.2372,35.8607,300.36,83.096,3.3456,61.267,16.08,0.82386,101.639,7000.646,high_load,2,0,0.94556,low
192,1,3219.0,9.00073,14.9029,96.343,51.572,2.2289,54.764,16.411,0.91847,96.675,3034.044,nominal,1,0,1.0,low
193,1,3004.6,5.28008,14.6811,96.115,52.398,5.868,68.429,16.419,0.88232,97.922,1661.315,vibration_alarm,4,1,0.86976,low
194,5,4539.2,14.58801,32.6823,93.407,72.184,2.1064,55.434,17.308,0.84663,100.868,6934.373,high_load,2,0,0.99235,low
195,1,3351.1,9.94791,18.4381,98.995,50.129,1.8427,51.547,16.104,0.92104,101.34,3491.015,nominal,1,0,1.0,low
196,2,3090.0,7.53384,15.8341,302.46,52.45,1.0064,48.12,17.285,0.89219,98.872,2437.83,nominal,1,0,1.0,low
197,4,2424.5,5.65536,12.8605,97.646,39.481,1.6594,52.086,19.37,0.85537,99.135,1435.875,sensor_drift,5,1,1.0,low
198,6,3709.1,10.35569,25.4114,299.558,90.21,2.3966,55.383,8.004,0.84328,101.514,4022.316,cooling_degraded,3,1,0.92927,low
199,3,3934.4,10.49147,27.4058,300.019,91.097,3.3728,62.241,7.687,0.79964,96.54,4322.639,cooling_degraded,3,1,0.92616,low
200,4,4908.8,16.80462,38.8123,297.123,84.06,2.7863,53.577,15.443,0.83737,101.154,8638.379,high_load,2,0,0.91267,low
201,5,4983.5,13.65348,42.0312,46.71,77.007,2.6789,58.904,16.858,0.8725,101.352,7125.322,high_load,2,0,0.90516,low
202,2,3244.3,6.26718,16.0293,300.661,55.687,5.3983,66.613,17.138,0.84198,100.268,2129.198,vibration_alarm,4,1,0.89559,low
203,5,2589.5,6.16308,14.6872,301.366,37.541,2.605,57.361,17.774,0.87978,100.364,1671.261,sensor_drift,5,1,1.0,low
204,4,2811.9,7.44852,20.0178,300.099,45.334,2.2786,56.551,21.38,0.8956,99.458,2193.318,nominal,1,0,1.0,low
205,1,3377.8,6.986,17.471,299.445,50.617,1.5676,51.983,15.26,0.88046,101.019,2471.127,nominal,1,0,1.0,low
206,1,3305.9,5.19808,12.8829,95.473,65.908,7.8902,75.668,13.835,0.80272,100.321,1799.549,vibration_alarm,4,1,0.75854,low
207,1,4244.2,10.31314,25.4122,48.415,92.703,1.9961,55.755,6.271,0.80116,101.41,4583.663,cooling_degraded,3,1,0.92054,low
208,2,4314.6,16.0135,43.1898,93.953,79.288,3.242,54.372,16.286,0.81847,100.104,7235.219,high_load,2,0,0.88559,low
209,1,4617.5,13.72355,33.4868,99.219,74.247,3.5885,60.252,18.049,0.84583,100.051,6635.888,high_load,2,0,0.98027,low
210,5,3808.8,9.27375,21.2639,96.551,87.191,2.9288,59.774,6.05,0.79889,101.956,3698.882,cooling_degraded,3,1,0.93983,low
211,6,1289.2,2.60766,5.7203,298.914,27.651,0.905,51.44,17.768,0.93584,98.49,352.042,idle,0,0,1.0,low
212,1,1245.1,3.08666,5.3862,96.377,24.092,1.3062,55.031,15.197,0.94,98.438,402.447,idle,0,0,1.0,low
213,2,1151.9,2.95497,4.9752,96.726,26.736,1.1,50.895,20.937,0.93126,98.395,356.459,idle,0,0,1.0,low
214,6,5179.4,15.01567,31.0728,49.405,76.344,2.9896,57.059,17.083,0.85987,101.482,8144.204,high_load,2,0,0.9778,low
215,4,3166.2,7.40374,15.4828,299.321,51.966,2.1224,53.349,13.856,0.88062,96.104,2454.807,nominal,1,0,1.0,low
216,2,3072.4,7.78085,17.0003,49.052,52.175,1.5389,53.757,16.867,0.84038,100.322,2503.379,nominal,1,0,1.0,low
217,1,1164.6,3.28823,6.2347,94.306,30.855,1.1494,51.047,16.202,0.9107,100.255,401.008,idle,0,0,1.0,low
218,1,2755.3,6.543,16.2017,96.711,51.285,8.15,72.452,15.04,0.85349,98.297,1887.88,vibration_alarm,4,1,0.74425,low
219,6,3249.0,7.86319,19.3375,300.325,48.285,2.3045,53.257,16.112,0.87738,101.387,2675.314,nominal,1,0,1.0,low
220,2,1209.5,3.45795,7.3611,96.172,37.951,1.2342,52.871,15.502,0.89707,97.143,437.994,idle,0,0,1.0,low
221,2,2950.0,5.4062,19.0727,97.009,60.056,7.6214,75.051,14.269,0.88713,96.916,1670.111,vibration_alarm,4,1,0.77332,low
222,5,4473.9,15.07378,31.9627,48.989,69.558,2.7598,58.956,19.57,0.8934,101.956,7062.13,high_load,2,0,1.0,low
223,6,2934.7,9.46637,18.7999,97.414,45.248,1.5005,55.36,15.141,0.87534,98.931,2909.235,nominal,1,0,1.0,low
224,4,3918.8,11.4603,20.5716,301.113,97.396,2.5277,54.862,7.753,0.83133,104.871,4702.98,cooling_degraded,3,1,0.90412,low
225,4,3290.9,7.17165,18.7371,298.679,49.715,1.7456,53.498,16.165,0.891,103.512,2471.498,nominal,1,0,1.0,low
226,2,2347.9,5.8688,14.1245,49.071,46.209,2.5745,53.048,13.644,0.8856,100.301,1442.959,sensor_drift,5,1,1.0,low
227,4,2756.8,6.89286,14.581,300.532,59.769,7.2185,67.377,14.02,0.85868,100.515,1989.943,vibration_alarm,4,1,0.79548,low
228,6,1214.0,2.53856,6.8029,47.848,34.454,0.768,51.859,16.74,0.85223,98.775,322.731,idle,0,0,1.0,low
229,1,1171.4,3.29709,6.0861,47.428,32.141,1.2991,49.547,15.214,0.89873,100.181,404.449,idle,0,0,1.0,low
230,1,4520.7,14.96399,41.3402,302.264,80.334,2.9958,59.837,13.101,0.86681,100.195,7084.051,high_load,2,0,0.90043,low
231,6,4514.8,12.65727,36.2885,301.407,72.189,2.4472,57.739,14.554,0.83732,101.364,5984.244,high_load,2,0,0.97945,low
232,3,3240.7,8.41419,20.4304,96.145,49.2,2.3056,55.904,15.674,0.89389,97.229,2855.464,nominal,1,0,1.0,low
233,2,3910.5,11.63477,25.412,300.113,90.935,2.4032,57.392,9.87,0.86227,101.509,4764.473,cooling_degraded,3,1,0.92673,low
234,1,4555.3,8.49957,24.3293,299.215,86.698,3.1033,55.888,9.335,0.77421,97.812,4054.569,cooling_degraded,3,1,0.94156,low
235,3,2749.1,8.44845,21.9672,47.625,58.606,1.4199,48.101,13.827,0.87945,100.446,2432.205,nominal,1,0,1.0,low
236,6,4242.4,11.50876,32.9532,300.849,96.903,2.7936,58.205,5.419,0.8269,100.26,5112.879,cooling_degraded,3,1,0.90584,low
237,4,2709.4,5.9921,17.8794,48.026,60.685,4.839,63.752,11.748,0.87756,102.468,1700.112,vibration_alarm,4,1,0.92635,low
238,1,1291.6,3.45488,6.3258,47.691,32.91,1.1328,49.875,16.354,0.91095,98.707,467.305,idle,0,0,1.0,low
239,4,1346.1,3.91781,6.2786,301.692,21.923,1.1111,49.817,16.59,0.86482,97.619,552.266,idle,0,0,1.0,low
240,3,4007.2,11.50324,38.1287,299.483,78.38,2.5907,58.765,15.4,0.86169,99.906,4827.081,high_load,2,0,0.93938,low
241,3,1372.1,3.50574,5.2536,48.379,38.54,1.0973,50.153,18.031,0.9226,99.514,503.737,idle,0,0,1.0,low
242,4,3266.4,11.26421,29.4338,299.888,94.898,2.7042,53.894,5.386,0.82945,103.565,3852.992,cooling_degraded,3,1,0.91286,low
243,1,3371.5,7.20658,23.1603,46.666,43.135,1.9923,50.283,19.73,0.90443,98.209,2544.373,nominal,1,0,1.0,low
244,1,1073.7,3.30066,6.4994,302.037,26.222,1.1117,51.989,15.712,0.89497,101.213,371.103,idle,0,0,1.0,low
245,3,4725.1,14.7973,38.1135,299.005,76.219,3.3656,60.264,16.143,0.86342,101.938,7321.886,high_load,2,0,0.9471,low
246,3,4741.8,16.79523,37.4191,95.671,76.988,3.5829,63.029,16.616,0.86419,96.265,8339.898,high_load,2,0,0.94679,low
247,4,5195.7,15.2866,41.7582,303.116,71.11,3.0553,56.268,16.024,0.8396,102.252,8317.324,high_load,2,0,0.92853,low
248,3,2179.1,5.84514,15.7054,298.469,35.57,2.5994,56.655,17.508,0.84003,100.087,1333.846,sensor_drift,5,1,1.0,low
249,6,1356.8,2.2938,5.7532,94.457,31.575,1.2014,49.408,16.158,0.89908,95.759,325.904,idle,0,0,1.0,low
250,6,1098.3,3.49038,5.4571,94.91,37.498,1.0497,52.184,14.174,0.89658,96.313,401.449,idle,0,0,1.0,low
251,6,1210.8,2.62071,6.2949,48.098,28.279,1.0864,48.487,16.265,0.90182,99.532,332.282,idle,0,0,1.0,low
252,3,3232.9,8.16285,20.8942,95.404,43.186,1.6262,55.68,18.203,0.90193,102.901,2763.506,nominal,1,0,1.0,low
253,2,2245.6,6.35489,14.2912,299.387,43.656,2.2575,56.052,19.605,0.86483,98.606,1494.376,sensor_drift,5,1,1.0,low
254,2,1313.1,2.18243,7.0726,97.758,29.827,0.9838,50.126,18.701,0.93887,97.475,300.101,idle,0,0,1.0,low
255,1,2656.0,7.01382,13.3201,296.302,58.659,5.9446,66.825,14.146,0.86296,99.939,1950.779,vibration_alarm,4,1,0.86555,low
256,3,5135.6,17.48432,37.7052,49.014,75.616,2.706,55.152,17.278,0.84785,100.505,9403.057,high_load,2,0,0.95329,low
257,5,2852.8,7.95549,17.2931,48.032,56.234,4.9274,63.381,15.458,0.85416,99.853,2376.655,vibration_alarm,4,1,0.9215,low
258,2,2951.0,8.46587,21.3044,95.18,43.119,1.445,54.751,15.785,0.89098,103.944,2616.195,nominal,1,0,1.0,low
259,1,3389.6,6.59497,17.4622,45.646,45.92,1.4732,49.966,18.391,0.85309,98.157,2340.939,nominal,1,0,1.0,low
260,5,4534.4,13.54564,44.096,96.323,78.449,3.1289,55.622,16.909,0.82263,101.336,6432.033,high_load,2,0,0.87947,low
261,6,3084.9,8.92396,16.7577,300.45,45.929,1.2473,47.551,20.444,0.90574,99.662,2882.901,nominal,1,0,1.0,low
262,4,3567.1,10.74424,29.4742,301.755,93.983,2.4996,58.037,4.606,0.81765,103.935,4013.494,cooling_degraded,3,1,0.91606,low
263,2,3234.9,8.93346,18.8184,93.9,53.827,1.5339,54.348,14.737,0.84702,102.347,3026.302,nominal,1,0,1.0,low
264,2,3355.8,7.56029,18.0329,97.126,47.418,2.5615,54.325,19.661,0.92137,102.247,2656.807,nominal,1,0,1.0,low
265,2,2837.8,6.36224,17.1449,94.519,53.393,5.9028,67.913,17.782,0.83764,96.458,1890.66,vibration_alarm,4,1,0.86785,low
266,3,2892.6,6.66654,17.8579,49.148,59.397,8.1326,75.698,13.772,0.86373,99.153,2019.375,vibration_alarm,4,1,0.74521,low
267,4,1247.7,3.05254,5.235,97.618,31.394,1.0792,55.046,18.206,0.94,98.648,398.836,idle,0,0,1.0,low
268,2,4156.5,13.83177,41.596,299.542,76.992,3.0238,58.613,16.042,0.87212,101.536,6020.587,high_load,2,0,0.90957,low
269,4,3059.6,8.53026,18.8287,301.102,48.62,2.4702,57.501,16.799,0.87838,98.243,2733.13,nominal,1,0,1.0,low
270,1,4549.2,15.4178,40.198,48.366,79.862,3.3089,57.809,14.976,0.8069,100.7,7344.888,high_load,2,0,0.9135,low
271,5,3246.1,9.31365,18.2709,96.256,42.479,1.6158,53.69,17.298,0.89819,98.829,3165.956,nominal,1,0,1.0,low
272,1,3022.6,8.25529,15.3262,96.236,50.66,1.5186,53.836,13.966,0.88393,100.862,2613.057,nominal,1,0,1.0,low
273,5,5002.5,15.55808,45.228,95.622,78.497,3.0416,59.42,15.642,0.85278,102.669,8150.254,high_load,2,0,0.86798,low
274,5,3005.0,6.46137,20.265,94.468,50.26,1.3279,50.464,19.294,0.85865,99.423,2033.29,nominal,1,0,1.0,low
275,4,2481.3,4.97325,15.6766,298.743,45.337,2.2044,54.346,14.444,0.88158,100.313,1292.262,sensor_drift,5,1,1.0,low
276,2,3360.9,7.77667,20.1317,95.939,44.523,1.9729,53.904,17.262,0.91134,98.533,2737.042,nominal,1,0,1.0,low
277,1,3408.6,12.14924,20.8975,301.555,84.535,2.4288,56.405,9.597,0.80345,101.583,4336.704,cooling_degraded,3,1,0.94913,low
278,2,3221.3,6.08355,15.2612,94.928,37.107,1.9079,56.209,17.918,0.85597,101.71,2052.201,nominal,1,0,1.0,low
279,1,3619.5,8.71072,24.656,300.83,51.066,2.067,56.969,17.988,0.90278,99.75,3301.686,nominal,1,0,1.0,low
280,3,4089.3,11.68864,19.5994,299.782,90.359,2.7895,52.894,9.096,0.78364,98.824,5005.441,cooling_degraded,3,1,0.92875,low
281,6,2978.4,7.09285,19.3063,300.04,58.787,7.5817,72.154,14.019,0.84913,99.648,2212.253,vibration_alarm,4,1,0.7755,low
282,4,2971.7,7.51867,14.9663,297.39,53.792,7.4854,72.688,13.652,0.85053,101.954,2339.778,vibration_alarm,4,1,0.7808,low
283,1,4917.2,13.11299,35.8484,49.279,80.12,3.5396,58.339,15.537,0.84412,100.876,6752.211,high_load,2,0,0.95392,low
284,4,2817.8,8.42609,18.4116,95.301,46.251,2.1895,57.19,16.97,0.89809,101.422,2486.379,nominal,1,0,1.0,low
285,3,1239.2,2.7933,6.372,300.02,29.317,0.762,48.273,17.457,0.93804,97.731,362.494,idle,0,0,1.0,low
286,2,2438.6,6.12321,12.9602,96.482,36.185,2.582,57.024,17.265,0.84512,94.832,1563.687,sensor_drift,5,1,1.0,low
287,2,2592.9,7.60525,19.7285,300.876,64.189,5.524,64.938,14.028,0.83636,100.118,2065.056,vibration_alarm,4,1,0.88868,low
288,4,4508.1,16.18105,36.0804,301.135,76.341,3.8798,60.3,14.414,0.85242,101.541,7638.847,high_load,2,0,0.94611,low
289,5,3080.1,8.73609,21.4871,300.3,48.083,1.765,50.827,19.29,0.85437,99.691,2817.819,nominal,1,0,1.0,low
290,4,3187.0,8.63615,16.3452,300.249,53.885,1.951,56.424,18.252,0.87413,99.391,2882.228,nominal,1,0,1.0,low
291,5,3750.7,10.18312,25.7543,97.267,95.491,2.7606,54.341,7.558,0.87621,101.166,3999.633,cooling_degraded,3,1,0.91078,low
292,1,4223.8,8.96126,28.3392,299.417,90.219,2.4158,56.247,6.21,0.81623,100.929,3963.71,cooling_degraded,3,1,0.92924,low
293,3,2768.6,7.59796,15.1455,303.155,58.016,6.9921,73.925,14.56,0.89357,97.677,2202.844,vibration_alarm,4,1,0.80793,low
294,5,4358.4,15.94047,42.3113,46.928,73.85,3.1319,57.436,16.946,0.9105,99.531,7275.475,high_load,2,0,0.91341,low
295,1,3074.6,9.20567,17.7264,298.486,58.582,1.7784,53.465,13.488,0.92646,102.804,2963.954,nominal,1,0,1.0,low
296,3,3669.9,7.38747,18.6121,300.649,46.787,1.9205,50.7,15.947,0.88788,95.058,2839.123,nominal,1,0,1.0,low
297,3,2763.2,8.04971,13.4786,301.011,49.225,5.2655,61.032,15.697,0.83314,100.371,2329.235,vibration_alarm,4,1,0.9029,low
298,5,4585.1,10.5324,20.0624,301.588,89.981,3.0824,58.747,6.119,0.84656,99.253,5057.144,cooling_degraded,3,1,0.93007,low
299,6,4764.1,14.6634,37.1954,96.775,75.401,3.1682,57.424,14.106,0.8465,98.019,7315.478,high_load,2,0,0.95914,low
300,2,2593.5,6.30615,13.0884,303.302,58.341,6.466,66.71,13.68,0.86809,102.503,1712.696,vibration_alarm,4,1,0.83687,low
301,1,1455.0,2.89582,5.5048,47.989,28.35,0.9393,47.254,16.149,0.90154,100.206,441.231,idle,0,0,1.0,low
302,3,1127.8,2.7379,5.0706,47.641,31.061,1.1167,51.083,19.166,0.90039,99.349,323.358,idle,0,0,1.0,low
303,5,2331.0,6.27878,10.2491,95.478,34.817,3.1008,56.301,16.553,0.87985,100.322,1532.659,sensor_drift,5,1,1.0,low
304,6,3167.6,9.29486,22.7737,301.401,46.741,2.2363,59.109,16.68,0.89793,99.776,3083.207,nominal,1,0,1.0,low
305,5,1316.3,3.31088,5.3856,303.008,23.146,1.1268,49.65,17.127,0.8681,98.71,456.365,idle,0,0,1.0,low
306,2,1340.0,2.89456,4.7157,47.381,34.701,1.1537,49.006,17.064,0.9075,98.601,406.177,idle,0,0,1.0,low
307,1,3999.9,10.5364,34.8453,299.567,91.034,2.9637,57.658,8.42,0.82997,102.643,4413.345,cooling_degraded,3,1,0.92638,low
308,3,4624.7,16.63356,44.0287,95.563,79.674,2.6338,56.292,15.155,0.86474,101.936,8055.559,high_load,2,0,0.87585,low
309,4,3101.3,6.98451,18.2683,95.22,44.339,2.1212,55.69,16.387,0.86912,100.758,2268.328,nominal,1,0,1.0,low
310,2,2744.3,10.23139,17.7563,299.54,49.974,1.7824,51.277,17.345,0.9019,100.895,2940.294,nominal,1,0,1.0,low
311,4,1150.7,2.9095,6.4251,300.829,29.277,0.6682,50.061,17.165,0.89691,100.369,350.597,idle,0,0,1.0,low
312,4,3174.3,5.57127,18.2694,298.007,62.634,8.2759,72.462,16.478,0.87718,103.736,1851.977,vibration_alarm,4,1,0.73733,low
313,1,3553.5,9.01958,25.1037,48.75,95.554,2.4293,55.802,7.398,0.82372,99.459,3356.381,cooling_degraded,3,1,0.91056,low
314,3,1195.9,3.95673,8.8474,298.462,35.318,1.148,54.826,17.603,0.91013,100.781,495.516,idle,0,0,1.0,low
315,3,4057.6,8.83939,21.4481,48.561,96.86,3.009,60.039,6.431,0.83434,102.869,3755.921,cooling_degraded,3,1,0.90599,low
316,4,1182.4,2.8454,5.9754,297.638,30.333,0.9661,51.614,15.528,0.90297,101.449,352.324,idle,0,0,1.0,low
317,4,1064.5,3.29175,4.4685,95.034,31.102,1.1651,50.421,16.761,0.91123,99.393,366.929,idle,0,0,1.0,low
318,2,1215.0,2.69627,4.7644,49.628,35.015,1.0024,49.797,17.12,0.92007,98.981,343.066,idle,0,0,1.0,low
319,3,1198.1,2.93925,7.4291,49.652,32.727,0.9003,53.428,16.478,0.87889,100.042,368.78,idle,0,0,1.0,low
320,5,1127.7,2.99842,6.7604,97.644,27.395,1.0945,48.029,18.831,0.92062,97.281,354.086,idle,0,0,1.0,low
321,6,3850.1,8.377,19.1331,95.395,96.538,3.1119,57.481,7.565,0.78448,104.466,3377.426,cooling_degraded,3,1,0.90712,low
322,5,2991.9,8.24424,19.701,301.125,43.722,1.8126,54.695,16.42,0.90375,98.727,2583.011,nominal,1,0,1.0,low
323,1,2212.2,5.91482,14.0682,47.569,34.495,2.5034,57.127,13.404,0.87917,101.133,1370.223,sensor_drift,5,1,1.0,low
324,5,2554.4,6.32326,18.0586,96.289,60.645,6.4417,66.911,13.861,0.86584,98.896,1691.419,vibration_alarm,4,1,0.83821,low
325,4,1270.0,3.01332,5.7264,47.537,25.495,1.1039,51.053,17.211,0.88895,100.748,400.768,idle,0,0,1.0,low
326,4,2812.5,7.25896,13.8678,300.232,53.798,6.2209,65.545,16.048,0.82539,101.711,2137.945,vibration_alarm,4,1,0.85035,low
327,3,3693.2,7.81028,17.5659,48.568,47.847,1.7895,53.81,19.992,0.90655,99.067,3020.665,nominal,1,0,1.0,low
328,4,1234.5,2.78018,6.2792,299.247,37.232,1.0885,50.662,15.27,0.9065,98.237,359.404,idle,0,0,1.0,low
329,3,1221.0,2.47691,5.4038,300.046,28.136,1.1173,56.525,18.293,0.83214,96.047,316.711,idle,0,0,1.0,low
330,1,4222.1,7.91748,24.7137,97.054,89.888,2.6092,56.982,6.741,0.84556,100.404,3500.597,cooling_degraded,3,1,0.93039,low
331,3,5347.2,13.86394,39.4646,47.76,75.201,3.5077,57.563,19.751,0.84957,96.156,7763.153,high_load,2,0,0.93673,low
332,5,3524.5,11.28362,28.9237,47.768,86.955,2.0667,56.395,6.92,0.8244,99.598,4164.574,cooling_degraded,3,1,0.94066,low
333,4,1396.1,2.96889,6.1521,299.788,32.643,1.5435,49.204,17.676,0.86507,104.256,434.036,idle,0,0,1.0,low
334,3,4241.6,13.09931,35.5756,300.86,81.315,3.2062,55.212,14.517,0.85403,101.172,5818.43,high_load,2,0,0.95464,low
335,5,2307.3,5.07115,15.2406,298.474,36.32,2.7732,55.486,14.468,0.89148,99.203,1225.266,sensor_drift,5,1,1.0,low
336,2,1182.8,2.96372,6.5127,46.355,29.729,1.2524,53.072,16.051,0.93887,99.131,367.085,idle,0,0,1.0,low
337,2,4978.0,12.42925,41.3497,94.529,73.968,3.3377,57.677,20.026,0.81677,100.879,6479.336,high_load,2,0,0.92262,low
338,2,3925.6,8.66645,28.8468,96.861,91.401,2.4198,55.746,8.514,0.81989,97.396,3562.631,cooling_degraded,3,1,0.9251,low
339,4,1061.4,3.01156,7.0643,299.231,31.497,1.028,51.814,17.892,0.94,101.407,334.741,idle,0,0,1.0,low
340,3,3291.4,7.21142,16.1572,48.866,54.98,7.3627,75.289,17.611,0.89105,100.95,2485.606,vibration_alarm,4,1,0.78755,low
341,2,2693.2,5.677,18.3921,300.247,58.723,5.5666,66.833,16.073,0.85411,99.068,1601.111,vibration_alarm,4,1,0.88634,low
342,1,2781.8,7.0393,17.2944,46.85,60.336,1.6068,50.075,16.284,0.83725,99.659,2050.625,nominal,1,0,1.0,low
343,4,3620.2,8.81823,25.3011,48.277,90.322,2.9101,55.198,7.363,0.81298,102.053,3343.026,cooling_degraded,3,1,0.92887,low
344,5,3663.4,5.86644,20.855,48.572,53.09,2.0237,59.359,20.138,0.88523,100.026,2250.525,nominal,1,0,1.0,low
345,1,2775.9,7.29936,17.2534,299.444,62.616,5.8549,62.597,13.265,0.84395,98.848,2121.824,vibration_alarm,4,1,0.87048,low
346,1,2972.6,8.80493,21.5111,96.915,53.488,2.079,57.203,17.645,0.94,101.755,2740.927,nominal,1,0,1.0,low
347,4,3049.5,8.07868,16.7596,300.142,47.678,2.4869,58.245,16.797,0.8261,99.018,2579.845,nominal,1,0,1.0,low
348,5,2174.7,5.17399,15.7983,299.95,40.36,2.1344,55.951,17.365,0.84199,101.001,1178.291,sensor_drift,5,1,1.0,low
349,6,2561.0,6.64875,14.6075,300.625,54.47,7.4241,70.528,16.557,0.84021,99.186,1783.095,vibration_alarm,4,1,0.78417,low
350,6,1243.7,2.89274,6.7307,299.014,24.294,0.9123,52.043,14.288,0.83294,98.316,376.747,idle,0,0,1.0,low
351,5,4644.2,13.47603,34.1012,47.351,72.686,2.5782,52.049,16.65,0.84787,95.513,6553.938,high_load,2,0,0.9906,low
352,2,3106.3,7.35486,22.324,48.508,51.896,1.6323,54.166,16.911,0.8818,99.85,2392.467,nominal,1,0,1.0,low
353,3,5593.8,19.12878,35.5183,96.116,86.583,3.2168,62.274,17.1,0.8151,99.592,11205.286,high_load,2,0,0.93678,low
354,5,2395.4,6.2934,9.1997,48.036,32.382,1.9626,56.807,16.304,0.86844,98.829,1578.693,sensor_drift,5,1,1.0,low
355,2,4699.0,13.34977,39.4089,298.876,82.642,2.8742,58.612,15.721,0.83042,99.73,6569.102,high_load,2,0,0.91167,low
356,5,2308.6,6.16465,12.687,301.159,37.491,1.9723,52.351,19.237,0.85436,99.533,1490.316,sensor_drift,5,1,1.0,low
357,2,3133.9,7.93826,14.9408,49.157,59.56,1.3318,54.6,16.778,0.88055,98.945,2605.181,nominal,1,0,1.0,low
358,4,3337.9,9.08251,19.0211,299.806,49.776,1.429,52.817,16.969,0.94,99.918,3174.731,nominal,1,0,1.0,low
359,1,1372.9,2.91106,5.416,48.752,33.395,1.0616,50.938,12.533,0.8614,100.897,418.523,idle,0,0,1.0,low
360,5,3080.9,6.42471,11.3516,49.39,60.406,7.0243,71.325,15.312,0.86674,102.177,2072.802,vibration_alarm,4,1,0.80616,low
361,4,2568.8,6.47733,19.3628,96.975,59.232,6.7251,67.422,16.751,0.86998,103.962,1742.462,vibration_alarm,4,1,0.82262,low
362,5,4416.6,13.63666,40.0374,96.976,79.386,2.8116,59.525,14.503,0.84928,102.88,6306.994,high_load,2,0,0.91678,low
363,2,1259.1,3.02111,4.308,298.664,32.979,1.2396,50.044,18.289,0.90891,98.639,398.334,idle,0,0,1.0,low
364,1,1210.7,3.27383,6.0035,48.159,33.353,1.0272,49.591,16.828,0.89985,99.026,415.055,idle,0,0,1.0,low
365,2,1161.7,2.90224,6.1185,49.282,27.113,1.1926,50.861,17.148,0.90113,98.903,353.055,idle,0,0,1.0,low
366,1,4538.0,16.39829,42.4595,300.369,84.131,3.4877,59.008,13.617,0.85304,102.171,7792.69,high_load,2,0,0.87595,low
367,5,5418.8,12.6478,38.56,301.223,79.934,3.0974,59.494,19.516,0.84612,100.057,7177.023,high_load,2,0,0.92963,low
368,2,1230.2,3.19701,5.2386,299.638,29.365,1.0745,53.819,18.877,0.87212,100.582,411.867,idle,0,0,1.0,low
369,1,4379.4,7.52053,29.3215,299.39,97.071,2.5462,53.62,9.073,0.84529,100.445,3448.998,cooling_degraded,3,1,0.90525,low
370,4,3608.5,8.29625,20.3592,96.15,41.19,1.8452,55.448,20.127,0.86245,99.259,3134.984,nominal,1,0,1.0,low
371,5,1242.0,2.39035,5.7283,47.146,24.679,1.2813,50.988,15.128,0.93751,99.265,310.895,idle,0,0,1.0,low
372,3,1170.0,3.36533,7.8595,47.096,30.119,1.3942,54.02,14.703,0.89221,98.41,412.34,idle,0,0,1.0,low
373,1,5455.6,12.15619,29.4195,45.384,74.89,3.0082,57.517,20.517,0.8124,100.76,6944.938,high_load,2,0,0.98288,low
374,5,5153.7,15.0877,37.2482,299.791,76.802,3.0276,56.979,16.355,0.82698,100.254,8142.718,high_load,2,0,0.95371,low
375,1,3857.3,10.53947,30.3506,298.386,85.414,2.8203,57.901,8.639,0.81478,101.38,4257.281,cooling_degraded,3,1,0.94605,low
376,5,1107.5,2.80465,5.7968,96.259,28.408,1.3252,51.051,17.532,0.91165,100.438,325.272,idle,0,0,1.0,low
377,5,2952.4,6.20719,24.5151,48.062,40.971,2.1827,54.493,17.17,0.89155,98.869,1919.129,nominal,1,0,1.0,low
378,1,1360.7,2.61321,4.5813,302.715,33.988,1.4305,52.507,17.147,0.93426,100.795,372.374,idle,0,0,1.0,low
379,1,2425.1,5.11431,14.9683,299.505,47.674,2.3864,55.025,15.649,0.89355,100.186,1298.817,sensor_drift,5,1,1.0,low
380,6,3700.4,10.98477,25.482,95.036,83.702,2.2303,57.315,9.481,0.83557,100.427,4256.625,cooling_degraded,3,1,0.95204,low
381,6,1191.5,2.73481,6.124,300.886,27.911,0.9926,50.571,17.942,0.90657,99.097,341.227,idle,0,0,1.0,low
382,4,3079.4,6.06225,17.862,46.415,59.962,6.5054,67.029,13.605,0.84245,103.155,1954.938,vibration_alarm,4,1,0.83471,low
383,3,3011.6,8.16121,16.5071,93.757,55.206,7.4215,68.927,16.609,0.88002,98.053,2573.872,vibration_alarm,4,1,0.78432,low
384,3,3204.3,8.79261,17.8465,45.973,52.428,2.2828,51.428,16.951,0.88809,99.515,2950.367,nominal,1,0,1.0,low
385,1,4833.1,17.42707,46.8624,49.644,76.115,2.8999,54.986,16.797,0.84841,102.693,8820.174,high_load,2,0,0.85997,low
386,1,4794.2,12.74476,33.3888,299.944,75.66,2.1806,55.993,14.734,0.82216,100.853,6398.456,high_load,2,0,0.98019,low
387,6,1197.7,2.66605,5.8879,299.728,36.814,0.8767,49.17,15.988,0.85774,98.162,334.391,idle,0,0,1.0,low
388,1,5011.9,11.66781,37.4183,298.843,76.528,1.6792,54.66,19.115,0.82439,98.577,6123.821,high_load,2,0,0.95297,low
389,4,1196.2,2.76678,5.5986,48.504,32.441,0.8839,52.497,15.259,0.94,99.368,346.571,idle,0,0,1.0,low
390,4,3944.8,8.64475,33.0218,49.699,85.775,2.6328,54.812,6.762,0.80737,101.835,3571.143,cooling_degraded,3,1,0.94479,low
391,6,4714.0,11.70585,42.5892,300.528,77.071,3.112,58.5,14.703,0.84298,98.326,5778.618,high_load,2,0,0.89936,low
392,5,1157.5,3.50307,6.8179,298.984,35.976,1.4909,51.073,15.467,0.91266,97.604,424.604,idle,0,0,1.0,low
393,4,5458.3,16.36072,38.9418,299.992,73.698,2.7445,58.407,16.29,0.84373,104.115,9351.593,high_load,2,0,0.94764,low
394,3,965.6,3.22606,6.1386,94.405,37.926,1.1031,53.871,13.817,0.90686,100.977,326.211,idle,0,0,1.0,low
395,1,3889.8,11.19832,26.5152,94.892,85.976,2.7436,53.959,6.922,0.81019,101.286,4561.482,cooling_degraded,3,1,0.94408,low
396,2,3436.9,7.37035,19.3041,299.66,44.338,1.1688,54.665,19.597,0.87103,99.486,2652.694,nominal,1,0,1.0,low
397,5,3016.4,9.41233,15.3137,300.185,48.207,1.7011,53.91,14.759,0.91772,97.15,2973.145,nominal,1,0,1.0,low
398,3,3098.2,6.82655,17.219,297.848,50.765,5.9698,68.017,15.565,0.79921,103.195,2214.822,vibration_alarm,4,1,0.86416,low
399,2,1432.8,2.43121,5.909,48.812,24.023,1.2625,49.561,18.124,0.90234,100.288,364.78,idle,0,0,1.0,low
400,2,4858.2,15.12288,32.5571,298.593,81.31,1.873,54.699,15.079,0.84712,102.217,7693.725,high_load,2,0,0.96041,low
401,5,1280.8,2.83516,7.8653,96.295,31.719,1.2329,52.955,12.924,0.87407,98.307,380.278,idle,0,0,1.0,low
402,3,4946.1,13.82258,43.155,97.133,81.149,2.8818,55.695,14.858,0.82578,101.056,7159.508,high_load,2,0,0.87943,low
403,6,4199.1,17.77898,36.7593,299.974,79.742,2.7303,58.847,13.504,0.83157,100.014,7817.906,high_load,2,0,0.94831,low
404,2,1168.4,3.44067,5.4315,96.234,33.054,1.0825,53.293,14.237,0.87996,98.862,420.973,idle,0,0,1.0,low
405,3,2699.9,8.25357,21.3739,96.874,51.082,1.4352,53.591,15.725,0.84553,100.924,2333.53,nominal,1,0,1.0,low
406,5,1324.2,2.33983,7.2565,47.857,34.36,1.208,52.9,16.556,0.90058,96.972,324.461,idle,0,0,1.0,low
407,5,3215.1,8.30407,19.8083,45.346,39.61,2.3014,56.597,15.554,0.88569,98.885,2795.884,nominal,1,0,1.0,low
408,4,2814.1,8.28785,13.1058,300.459,54.826,5.6364,68.687,13.223,0.84842,99.647,2442.338,vibration_alarm,4,1,0.8825,low
409,5,4630.1,14.48594,39.713,46.973,72.777,4.7829,62.583,18.254,0.83186,100.134,7023.703,high_load,2,0,0.87259,low
410,2,4921.2,18.1148,45.1226,300.474,77.217,2.5596,53.807,17.084,0.83308,100.969,9335.357,high_load,2,0,0.87352,low
411,1,4714.6,15.49452,49.379,48.212,74.358,2.3568,58.998,17.753,0.80911,102.33,7649.79,high_load,2,0,0.84096,low
412,3,2752.6,6.81525,16.1227,48.949,56.613,5.6524,70.865,14.56,0.83469,101.245,1964.497,vibration_alarm,4,1,0.88162,low
413,5,4628.9,14.61294,37.4023,300.604,65.381,2.9146,55.809,18.399,0.847,98.529,7083.483,high_load,2,0,0.97598,low
414,5,3777.7,7.37001,22.8199,298.128,45.567,1.2589,46.29,14.394,0.87852,101.319,2915.586,nominal,1,0,1.0,low
415,4,2961.7,6.90529,14.7768,46.559,58.671,6.0488,67.806,14.855,0.87791,102.195,2141.64,vibration_alarm,4,1,0.85982,low
416,1,3385.1,6.88515,12.1805,300.128,55.959,6.7706,73.479,16.359,0.89985,99.777,2440.698,vibration_alarm,4,1,0.82012,low
417,4,1106.8,3.60664,6.4477,301.371,31.639,0.8783,50.029,18.127,0.87327,99.038,418.016,idle,0,0,1.0,low
418,2,1302.4,2.72533,6.4043,300.17,27.606,1.3479,54.24,15.636,0.89683,102.227,371.687,idle,0,0,1.0,low
419,6,1220.0,3.03116,6.5036,95.225,29.247,0.9693,51.345,18.909,0.88796,97.486,387.257,idle,0,0,1.0,low
420,2,3543.7,6.86075,16.3359,97.613,54.222,1.3412,52.456,16.934,0.82717,99.582,2545.981,nominal,1,0,1.0,low
421,5,3375.0,9.066,21.1005,301.32,49.452,1.6492,49.803,16.358,0.88211,99.115,3204.221,nominal,1,0,1.0,low
422,5,3044.0,7.55331,15.1587,298.847,54.627,6.1106,69.969,18.002,0.86746,97.275,2407.755,vibration_alarm,4,1,0.85642,low
423,6,1127.9,3.25036,5.9322,301.098,34.022,1.0266,53.371,14.006,0.89014,101.675,383.918,idle,0,0,1.0,low
424,1,3747.4,10.1237,27.7766,97.273,90.701,2.5456,55.648,8.125,0.78856,100.151,3972.799,cooling_degraded,3,1,0.92755,low
425,5,4324.3,14.85023,33.7003,47.91,84.749,3.0583,56.4,15.374,0.82749,102.055,6724.847,high_load,2,0,0.94838,low
426,1,2987.1,6.87581,18.1503,298.219,65.154,7.3713,71.451,14.034,0.84882,99.413,2150.807,vibration_alarm,4,1,0.78708,low
427,5,3333.1,8.11664,16.9065,96.549,48.252,7.0301,67.131,16.738,0.82849,99.353,2833.017,vibration_alarm,4,1,0.80585,low
428,5,1169.5,2.37484,5.4098,48.473,33.333,0.8669,49.331,14.415,0.9065,100.089,290.858,idle,0,0,1.0,low
429,3,3953.6,10.70483,28.5892,300.267,90.946,3.1593,58.429,7.124,0.82618,101.31,4432.017,cooling_degraded,3,1,0.92669,low
430,1,2776.1,8.79194,16.6879,299.595,57.063,1.3846,54.963,13.453,0.85115,96.661,2555.893,nominal,1,0,1.0,low
431,3,4791.5,14.08126,34.7158,94.542,85.54,2.9609,58.948,14.957,0.86035,102.748,7065.483,high_load,2,0,0.94561,low
432,2,1237.2,3.17203,6.2855,48.41,27.395,1.2634,54.349,17.374,0.88867,98.446,410.975,idle,0,0,1.0,low
433,5,3851.0,15.6526,33.5196,94.484,71.692,3.2424,58.13,18.404,0.82274,99.802,6312.307,high_load,2,0,0.99408,low
434,4,1162.7,2.84598,5.5107,301.549,21.831,1.2793,45.829,14.83,0.91035,96.051,346.515,idle,0,0,1.0,low
435,4,2712.9,8.79054,18.9344,96.733,48.074,1.4935,50.985,16.036,0.88373,98.014,2497.306,nominal,1,0,1.0,low
436,2,2559.9,7.30865,19.2222,96.084,56.285,6.7038,65.181,15.568,0.84274,99.272,1959.262,vibration_alarm,4,1,0.82379,low
437,6,1176.3,3.26233,6.3262,299.057,21.101,1.197,53.618,14.712,0.8878,98.003,401.846,idle,0,0,1.0,low
438,2,1114.3,3.06214,5.6271,300.641,32.073,0.6898,50.853,14.749,0.90826,101.249,357.308,idle,0,0,1.0,low
439,6,3017.4,8.51823,13.6435,300.519,53.187,4.8265,61.371,16.088,0.88997,105.414,2691.577,vibration_alarm,4,1,0.92704,low
440,3,4073.1,10.24855,22.9896,301.916,90.63,2.3434,55.801,7.639,0.82385,100.513,4371.347,cooling_degraded,3,1,0.9278,low
441,3,3328.5,7.04464,20.2107,48.035,47.304,1.906,49.144,17.494,0.89421,100.745,2455.484,nominal,1,0,1.0,low
442,1,3351.5,9.41205,30.5551,298.707,99.677,2.2335,57.123,5.246,0.79281,101.399,3303.345,cooling_degraded,3,1,0.89613,low
443,5,4472.4,14.64074,32.4523,298.79,73.061,3.6626,60.093,14.705,0.82138,102.144,6857.036,high_load,2,0,0.98034,low
444,6,5035.0,16.73793,37.1366,302.693,79.164,2.047,55.313,14.717,0.84974,100.659,8825.357,high_load,2,0,0.94656,low
445,3,4189.8,7.64064,24.7749,96.647,97.973,2.6109,54.269,4.732,0.81008,102.305,3352.378,cooling_degraded,3,1,0.90209,low
446,2,1038.0,2.43619,4.3226,97.398,32.454,1.2068,51.72,16.545,0.8863,98.826,264.811,idle,0,0,1.0,low
447,5,1106.1,2.7914,6.3743,299.409,30.643,1.0295,47.065,18.023,0.90959,101.452,323.324,idle,0,0,1.0,low
448,4,2781.1,6.81216,17.2793,48.354,55.501,8.0206,78.373,15.482,0.87857,97.732,1983.942,vibration_alarm,4,1,0.75137,low
449,5,2174.4,5.31541,15.0625,46.856,39.786,2.4345,57.934,15.833,0.92375,100.219,1210.311,sensor_drift,5,1,1.0,low
450,6,4315.7,9.96079,33.0239,97.461,91.136,3.0465,62.158,5.768,0.81758,102.093,4501.662,cooling_degraded,3,1,0.92603,low
451,1,4342.1,12.07018,28.5653,47.875,89.6,2.8875,62.787,7.856,0.79907,101.431,5488.407,cooling_degraded,3,1,0.9314,low
452,2,3243.7,6.84074,12.2334,300.254,55.017,5.6469,68.444,15.543,0.84217,101.478,2323.674,vibration_alarm,4,1,0.88192,low
453,4,1005.2,2.841,4.7641,97.047,32.783,0.8958,49.629,16.866,0.87623,96.231,299.07,idle,0,0,1.0,low
454,4,3733.7,8.96735,29.1925,96.291,94.623,2.5393,54.635,7.166,0.83665,102.578,3506.188,cooling_degraded,3,1,0.91382,low
455,5,3784.9,8.53251,33.6518,299.096,100.469,2.5643,55.344,7.059,0.75644,100.038,3381.896,cooling_degraded,3,1,0.89336,low
456,2,1191.4,3.3464,6.5165,47.525,33.853,1.302,54.217,16.147,0.90666,98.136,417.512,idle,0,0,1.0,low
457,1,1102.0,3.06161,4.8802,298.353,34.933,1.2483,50.949,15.867,0.90366,99.07,353.299,idle,0,0,1.0,low
458,5,2954.5,8.23405,15.4776,95.193,54.125,6.7728,71.258,18.976,0.84617,97.873,2547.613,vibration_alarm,4,1,0.81999,low
459,4,3123.7,7.46407,22.5469,97.089,53.898,2.1506,56.008,17.132,0.87401,102.062,2441.571,nominal,1,0,1.0,low
460,6,3065.0,7.51768,15.4533,94.668,46.765,1.6794,55.192,16.646,0.90283,101.003,2412.945,nominal,1,0,1.0,low
461,6,3820.4,7.20487,22.2879,96.04,95.416,2.3965,58.36,7.098,0.83949,102.052,2882.481,cooling_degraded,3,1,0.91104,low
462,1,5127.6,13.49276,33.4977,95.332,78.178,2.8977,60.867,16.7,0.86637,102.464,7245.131,high_load,2,0,0.97138,low
463,6,4598.8,11.66932,35.6725,300.288,72.112,2.4769,56.826,16.735,0.85673,100.442,5619.801,high_load,2,0,0.98588,low
464,5,2750.6,6.441,20.5072,95.903,59.133,7.9881,73.181,17.886,0.81316,101.427,1855.274,vibration_alarm,4,1,0.75315,low
465,6,3578.0,6.67728,14.431,51.002,44.375,1.719,51.288,18.262,0.87784,102.508,2501.864,nominal,1,0,1.0,low
466,1,1227.9,3.11762,6.6458,51.278,33.885,0.9847,51.121,15.043,0.93066,97.967,400.891,idle,0,0,1.0,low
467,6,1058.2,3.49556,5.8956,298.391,30.144,0.9042,52.041,16.194,0.90416,101.595,387.368,idle,0,0,1.0,low
468,6,4133.4,8.27364,20.6213,96.509,92.058,1.998,53.258,5.136,0.82909,97.593,3581.203,cooling_degraded,3,1,0.9228,low
469,4,2778.0,8.75969,19.924,94.647,48.076,1.7038,54.12,15.042,0.88401,101.997,2548.271,nominal,1,0,1.0,low
470,5,4783.7,14.38387,41.7003,96.593,79.167,2.2103,54.871,15.913,0.79842,102.805,7205.608,high_load,2,0,0.90091,low
471,4,3389.2,8.87726,17.177,298.187,46.655,2.0684,52.431,18.937,0.87328,102.412,3150.649,nominal,1,0,1.0,low
472,1,4415.1,9.17549,28.0655,49.455,90.566,2.6396,57.016,6.458,0.79873,99.062,4242.269,cooling_degraded,3,1,0.92802,low
473,3,3051.5,7.67187,15.2494,49.054,49.864,1.4403,48.807,16.76,0.90068,100.715,2451.525,nominal,1,0,1.0,low
474,6,4517.8,10.84759,26.1012,299.198,91.907,2.4108,57.963,8.396,0.80654,102.04,5132.023,cooling_degraded,3,1,0.92332,low
475,4,2667.6,9.02028,19.0268,95.991,49.484,2.2605,57.18,16.345,0.86784,99.539,2519.782,nominal,1,0,1.0,low
476,1,1278.5,2.08921,5.6265,95.81,38.436,1.2026,54.424,15.75,0.84812,100.871,279.708,idle,0,0,1.0,low
477,3,2680.5,6.64035,17.7263,299.823,50.08,3.1606,58.397,18.293,0.88478,95.891,1863.939,vibration_alarm,4,1,1.0,low
478,6,3066.5,5.62017,15.0952,46.628,68.51,6.1762,65.405,14.67,0.8773,97.51,1804.773,vibration_alarm,4,1,0.85281,low
479,3,2808.5,7.11428,12.4303,47.142,53.401,6.03,64.966,18.576,0.84532,101.753,2092.353,vibration_alarm,4,1,0.86085,low
480,2,4853.1,14.22771,34.1391,95.228,73.82,1.8946,52.539,15.507,0.91348,99.503,7230.731,high_load,2,0,0.98663,low
481,2,1299.3,3.21435,6.9111,300.356,33.236,1.083,52.613,15.291,0.90297,100.494,437.344,idle,0,0,1.0,low
482,2,1235.4,3.77542,7.3279,50.197,34.965,1.0371,53.673,15.192,0.85652,98.197,488.443,idle,0,0,1.0,low
483,5,3027.9,8.07821,17.214,95.823,51.33,1.6319,55.367,14.527,0.8995,100.661,2561.413,nominal,1,0,1.0,low
484,2,3994.8,9.42712,33.8574,48.725,92.293,2.8103,58.879,6.066,0.83292,102.882,3943.723,cooling_degraded,3,1,0.92197,low
485,1,3241.9,6.09873,22.2623,96.142,51.058,1.7073,53.382,14.324,0.90648,98.081,2070.435,nominal,1,0,1.0,low
486,3,3466.9,7.54446,21.874,47.313,43.723,2.2849,54.35,17.109,0.91083,102.494,2739.048,nominal,1,0,1.0,low
487,2,1071.0,2.80854,6.1691,46.457,22.535,0.9844,56.68,15.11,0.91066,98.078,314.99,idle,0,0,1.0,low
488,5,1217.1,2.61118,4.8954,48.188,33.535,1.3652,50.14,13.034,0.94,97.738,332.818,idle,0,0,1.0,low
489,4,3001.5,8.99074,11.1228,46.22,46.347,1.6273,49.31,18.304,0.83142,103.497,2825.965,nominal,1,0,1.0,low
490,6,4402.6,13.50136,30.9018,95.565,72.186,2.6169,55.805,17.569,0.86018,102.755,6224.723,high_load,2,0,0.99235,low
491,4,3714.7,10.24113,23.5022,95.469,85.04,1.7214,49.378,5.694,0.84127,103.898,3983.859,cooling_degraded,3,1,0.94736,low
492,3,3121.6,8.03047,22.3349,96.533,43.342,2.1147,55.189,19.83,0.87849,101.631,2625.107,nominal,1,0,1.0,low
493,2,1202.3,3.06613,7.341,95.321,26.49,1.5065,53.357,14.842,0.89945,99.372,386.028,idle,0,0,1.0,low
494,2,1105.8,2.71327,7.817,300.231,32.726,1.0146,52.036,17.066,0.91076,98.007,314.191,idle,0,0,1.0,low
495,6,3469.2,13.77625,30.5771,299.016,78.601,3.8012,59.565,16.833,0.84387,98.681,5004.764,high_load,2,0,0.95333,low
496,3,4645.5,13.89823,39.459,93.933,77.363,2.4328,54.63,15.83,0.81992,100.475,6761.211,high_load,2,0,0.92964,low
497,3,1356.0,2.85023,6.9221,97.597,22.047,0.9396,50.4,16.81,0.8742,96.949,404.731,idle,0,0,1.0,low
498,2,4348.7,9.55257,25.1008,47.092,91.805,2.47,56.757,6.391,0.78647,101.848,4350.202,cooling_degraded,3,1,0.92368,low
499,1,5094.5,14.23517,41.4247,303.141,72.574,2.8517,58.026,16.867,0.79176,101.628,7594.372,high_load,2,0,0.92674,low
500,5,983.9,3.34281,5.6228,47.682,30.249,1.1837,49.406,15.104,0.90526,94.162,344.421,idle,0,0,1.0,low
501,4,1189.2,3.47,7.1009,300.37,35.369,1.3472,54.509,18.362,0.88801,101.364,432.115,idle,0,0,1.0,low
502,3,4524.3,9.33885,24.9644,46.34,93.446,3.0064,52.85,8.037,0.84449,99.593,4424.561,cooling_degraded,3,1,0.91794,low
503,2,3400.7,9.27009,24.4893,47.32,91.748,2.7921,58.331,10.623,0.81641,100.923,3301.313,cooling_degraded,3,1,0.92388,low
504,5,1180.2,3.33923,5.0291,298.495,27.085,1.6156,53.115,15.418,0.92018,97.975,412.709,idle,0,0,1.0,low
505,1,1329.8,3.06421,5.5609,48.315,31.827,1.0675,48.695,18.759,0.89487,96.889,426.718,idle,0,0,1.0,low
506,2,2654.2,8.00101,16.7931,301.157,52.407,2.3316,57.486,17.479,0.88178,99.082,2223.828,nominal,1,0,1.0,low
507,1,4844.8,15.56491,40.062,48.261,77.321,2.5531,55.901,17.404,0.88098,103.589,7896.819,high_load,2,0,0.92376,low
508,2,2834.5,8.14876,18.2496,45.407,38.071,1.6104,53.053,16.414,0.89857,103.406,2418.807,nominal,1,0,1.0,low
509,5,3059.4,7.7246,15.1858,95.334,51.873,7.1441,72.714,17.352,0.80811,98.15,2474.838,vibration_alarm,4,1,0.79957,low
510,6,3111.0,8.30922,20.827,300.935,44.569,1.0908,54.385,17.892,0.89184,97.92,2706.971,nominal,1,0,1.0,low
511,6,2421.8,5.64604,14.7687,299.979,36.265,2.598,55.751,18.138,0.86417,100.182,1431.912,sensor_drift,5,1,1.0,low
512,2,1348.8,3.25095,6.7982,95.145,34.506,0.9065,51.624,15.52,0.86273,100.269,459.181,idle,0,0,1.0,low
513,2,3381.8,7.64645,17.2366,301.526,41.131,1.9475,57.342,17.674,0.85115,96.458,2707.943,nominal,1,0,1.0,low
514,5,2577.7,5.606,13.8193,300.217,45.596,2.1096,52.707,14.467,0.86533,98.811,1513.273,sensor_drift,5,1,1.0,low
515,1,4714.7,13.12694,39.7196,97.849,81.868,4.0361,59.195,12.741,0.8469,100.303,6481.071,high_load,2,0,0.88178,low
516,3,3963.6,7.35832,13.508,302.032,39.713,1.9104,53.586,18.758,0.9032,96.75,3054.204,nominal,1,0,1.0,low
517,4,3160.3,7.43026,17.7776,97.455,39.286,1.8512,51.085,18.89,0.85159,97.627,2459.024,nominal,1,0,1.0,low
518,3,1031.6,3.29292,5.3318,94.893,25.973,0.9446,53.199,19.27,0.92948,100.052,355.722,idle,0,0,1.0,low
519,2,1191.5,2.86887,7.5876,96.032,31.918,1.251,52.82,15.925,0.90898,98.241,357.957,idle,0,0,1.0,low
520,4,3512.9,7.18298,20.1062,47.113,44.376,1.9171,56.431,14.382,0.86935,100.413,2642.393,nominal,1,0,1.0,low
521,4,3971.0,9.1229,24.1958,299.27,98.746,2.9363,54.345,5.801,0.79571,102.07,3793.703,cooling_degraded,3,1,0.89939,low
522,1,1246.9,3.45762,5.5592,300.505,36.832,1.0999,48.461,15.173,0.86575,103.704,451.475,idle,0,0,1.0,low
523,3,3099.3,6.06771,17.9748,47.632,54.872,6.3345,70.687,17.02,0.84543,99.512,1969.295,vibration_alarm,4,1,0.8441,low
524,6,2709.9,6.94208,14.2291,97.286,59.564,7.3762,74.688,22.131,0.8762,98.56,1970.002,vibration_alarm,4,1,0.78681,low
525,5,2950.2,8.14341,16.9709,301.173,47.667,2.2139,55.622,14.735,0.90185,98.775,2515.842,nominal,1,0,1.0,low
526,3,4449.2,11.31222,21.906,302.355,84.411,2.8215,57.72,8.243,0.80572,100.576,5270.608,cooling_degraded,3,1,0.94956,low
527,3,2885.1,6.70595,17.2881,300.714,58.5,6.5063,70.514,18.854,0.86193,96.696,2026.074,vibration_alarm,4,1,0.83465,low
528,4,2807.8,6.35453,16.3668,299.465,57.827,7.1931,69.27,14.696,0.88289,99.004,1868.417,vibration_alarm,4,1,0.79688,low
529,6,1212.0,2.94242,5.0269,299.746,26.88,1.3031,56.422,18.444,0.85562,98.778,373.467,idle,0,0,1.0,low
530,2,1200.3,2.82622,5.9265,97.627,23.88,1.2135,53.52,16.843,0.87618,100.004,355.233,idle,0,0,1.0,low
531,2,1068.8,3.15106,5.2585,96.044,32.192,0.9355,47.55,16.439,0.89489,98.251,352.685,idle,0,0,1.0,low
532,2,1232.2,3.26887,4.8212,298.257,38.734,1.2904,55.602,15.071,0.92247,97.75,421.796,idle,0,0,1.0,low
533,1,4756.8,14.53348,39.3319,47.293,83.995,3.3149,57.373,13.957,0.84335,101.114,7239.509,high_load,2,0,0.9077,low
534,1,2863.8,10.89156,16.4063,301.201,43.353,2.1476,54.741,16.899,0.83824,99.564,3266.335,nominal,1,0,1.0,low
535,5,2658.7,5.74296,19.2593,96.437,57.161,7.3362,67.361,13.785,0.84553,99.257,1598.961,vibration_alarm,4,1,0.78901,low
536,2,1215.3,2.94965,7.166,299.675,30.982,1.2816,49.318,12.977,0.91464,99.898,375.404,idle,0,0,1.0,low
537,5,2355.4,3.95713,16.4021,48.693,37.796,2.7859,52.241,19.779,0.85902,99.451,976.035,sensor_drift,5,1,1.0,low
538,2,1218.5,2.83343,6.177,297.432,31.984,1.1189,53.163,13.009,0.88815,101.61,361.558,idle,0,0,1.0,low
539,5,3559.0,8.16644,14.7788,95.072,48.135,1.7583,52.284,16.896,0.84966,100.056,3043.62,nominal,1,0,1.0,low
540,5,4994.9,16.66538,32.5221,95.814,76.603,3.4443,61.463,16.922,0.81316,100.4,8717.107,high_load,2,0,0.97689,low
541,5,2121.6,5.1442,13.9782,299.64,43.455,2.19,56.346,16.204,0.88325,102.458,1142.899,sensor_drift,5,1,1.0,low
542,2,5568.1,14.13944,38.956,48.841,75.285,2.9558,61.369,16.472,0.85936,102.184,8244.623,high_load,2,0,0.94194,low
543,4,2853.4,8.14138,17.1617,48.247,46.511,1.8369,53.354,19.083,0.88027,100.273,2432.678,nominal,1,0,1.0,low
544,3,2641.4,6.01456,17.7485,296.769,53.725,5.8575,65.181,14.228,0.80405,98.971,1663.645,vibration_alarm,4,1,0.87034,low
545,3,3054.8,9.3198,23.8547,46.86,44.852,1.6517,53.385,16.935,0.84563,98.252,2981.348,nominal,1,0,1.0,low
546,3,2876.1,6.08557,15.1297,301.453,59.492,5.8325,68.442,16.211,0.85957,99.179,1832.855,vibration_alarm,4,1,0.87171,low
547,3,4206.4,10.15069,25.8684,300.83,97.285,1.7901,52.15,5.898,0.83713,100.077,4471.3,cooling_degraded,3,1,0.9045,low
548,1,4621.4,14.93427,36.2964,47.695,82.343,3.0444,60.16,15.188,0.86085,103.68,7227.414,high_load,2,0,0.94384,low
549,5,2823.5,9.45425,14.7368,96.324,48.762,2.269,55.44,16.877,0.89699,100.919,2795.4,nominal,1,0,1.0,low
550,3,5101.2,12.92418,43.3864,300.026,81.269,2.6184,61.653,18.541,0.83354,99.268,6903.991,high_load,2,0,0.87669,low
551,4,4870.8,15.20414,39.5345,48.622,71.567,3.3239,58.506,18.81,0.82127,102.108,7755.182,high_load,2,0,0.94917,low
552,3,4100.2,9.70886,22.394,95.805,89.793,2.5655,59.439,5.789,0.82256,101.227,4168.701,cooling_degraded,3,1,0.93073,low
553,5,3543.5,7.65864,16.5474,96.868,42.597,0.7542,48.001,17.572,0.8875,96.696,2841.925,nominal,1,0,1.0,low
554,2,3457.5,7.19794,17.3323,95.077,51.565,2.1882,54.511,14.185,0.90499,100.613,2606.153,nominal,1,0,1.0,low
555,6,1129.7,3.0083,6.0984,45.995,37.117,0.7993,48.227,14.602,0.87471,99.17,355.885,idle,0,0,1.0,low
556,6,2469.7,6.07878,15.1059,299.145,39.296,1.7347,51.801,17.68,0.88909,100.771,1572.163,sensor_drift,5,1,1.0,low
557,3,1218.3,2.53351,5.667,48.083,26.078,0.9482,48.681,14.737,0.85924,103.567,323.226,idle,0,0,1.0,low
558,6,3168.8,9.1228,23.928,301.549,56.729,1.8967,57.352,15.769,0.88605,102.935,3027.281,nominal,1,0,1.0,low
559,3,3437.2,7.8167,17.4484,96.468,52.77,1.9526,55.554,15.405,0.87407,101.082,2813.545,nominal,1,0,1.0,low
560,4,4395.8,14.78911,40.1099,299.722,78.262,3.8404,57.895,15.616,0.8354,100.767,6807.891,high_load,2,0,0.90126,low
561,4,4506.2,12.81459,29.3357,300.98,74.228,2.768,58.688,15.644,0.89902,99.148,6047.004,high_load,2,0,0.9852,low
562,5,4120.4,15.68349,41.9373,97.214,74.238,2.6951,50.616,14.873,0.84875,100.974,6767.236,high_load,2,0,0.91579,low
563,3,2926.8,8.65139,12.6231,296.404,57.545,2.0688,55.248,17.915,0.84111,99.429,2651.634,nominal,1,0,1.0,low
564,4,4272.3,10.1203,20.8678,98.166,90.244,3.4611,59.995,7.224,0.82053,100.45,4527.743,cooling_degraded,3,1,0.92915,low
565,3,4455.5,11.70573,26.6072,48.002,90.176,2.3076,54.142,8.346,0.83572,102.658,5461.623,cooling_degraded,3,1,0.92939,low
566,1,1146.4,2.48037,6.8439,94.796,34.67,1.1661,54.946,13.063,0.90209,93.781,297.768,idle,0,0,1.0,low
567,6,3107.8,6.43369,14.8072,48.392,51.829,1.6127,54.234,16.308,0.90628,98.75,2093.835,nominal,1,0,1.0,low
568,6,5500.0,10.2048,28.631,47.687,76.084,3.6485,64.848,18.472,0.86702,98.502,5877.549,high_load,2,0,0.97054,low
569,1,1168.2,2.75716,6.2896,46.582,32.656,0.9593,53.125,16.68,0.94,99.167,337.293,idle,0,0,1.0,low
570,3,3911.9,11.60038,24.9186,48.076,92.622,2.6973,52.313,8.836,0.84231,97.835,4752.091,cooling_degraded,3,1,0.92082,low
571,5,3360.3,7.2841,19.9557,297.796,51.196,1.9102,55.726,13.299,0.91376,100.948,2563.202,nominal,1,0,1.0,low
572,5,2976.3,6.78082,20.5006,95.848,43.783,2.0571,54.339,16.183,0.91436,98.767,2113.424,nominal,1,0,1.0,low
573,4,1254.2,3.11087,6.2806,300.404,34.961,0.9991,48.993,15.353,0.94,99.112,408.59,idle,0,0,1.0,low
574,6,1254.4,2.40485,5.7409,94.901,30.371,1.5079,51.236,14.237,0.87243,97.362,315.896,idle,0,0,1.0,low
575,5,3304.0,7.75127,17.9697,96.521,39.535,2.1258,54.584,19.564,0.83454,98.639,2681.887,nominal,1,0,1.0,low
576,5,5177.9,14.15201,30.765,299.723,75.309,1.9626,56.51,19.151,0.82918,97.5,7673.598,high_load,2,0,0.98142,low
577,4,1135.4,2.53322,5.9092,298.719,38.063,1.1877,51.482,15.834,0.86736,98.803,301.202,idle,0,0,1.0,low
578,1,3907.8,10.9487,22.9736,46.006,99.206,3.3069,57.092,8.422,0.84453,101.207,4480.471,cooling_degraded,3,1,0.89778,low
579,1,5129.4,15.75507,37.5699,300.391,81.456,3.0946,58.477,16.292,0.84176,97.198,8462.833,high_load,2,0,0.93421,low
580,3,3309.4,8.32517,19.9451,95.366,46.283,2.1024,54.813,17.124,0.8786,99.155,2885.162,nominal,1,0,1.0,low
581,5,1249.7,3.47439,4.4314,47.414,40.694,0.8039,50.244,15.455,0.9005,98.086,454.683,idle,0,0,1.0,low
582,4,1151.3,2.53188,5.2536,301.386,29.848,1.1083,51.473,16.132,0.89495,104.148,305.255,idle,0,0,1.0,low
583,6,3674.9,11.14788,23.7162,49.685,95.483,2.5513,52.869,7.514,0.80502,98.409,4290.037,cooling_degraded,3,1,0.91081,low
584,5,3271.1,7.2778,17.9166,301.947,48.534,1.8338,56.925,16.294,0.87664,101.117,2492.979,nominal,1,0,1.0,low
585,2,3057.0,8.02611,16.9528,48.73,51.274,1.7492,51.733,17.045,0.84975,98.605,2569.406,nominal,1,0,1.0,low
586,6,2402.4,4.97167,14.0373,48.421,49.148,2.4976,58.993,18.142,0.83492,97.566,1250.759,sensor_drift,5,1,1.0,low
587,4,3901.2,9.99582,27.6359,299.291,87.5,2.529,53.933,8.593,0.83569,98.269,4083.667,cooling_degraded,3,1,0.93875,low
588,4,4315.4,13.78058,46.4864,297.169,74.044,1.9319,53.877,15.835,0.8308,100.316,6227.563,high_load,2,0,0.87098,low
589,3,2341.3,4.75679,16.5931,301.214,49.051,2.4358,56.137,18.245,0.86105,99.442,1166.257,sensor_drift,5,1,1.0,low
590,1,3137.3,8.41244,20.3485,300.022,51.685,1.5787,56.017,17.301,0.89933,97.104,2763.826,nominal,1,0,1.0,low
591,3,4431.3,10.79074,29.5636,97.785,92.732,2.3917,56.203,6.971,0.82812,103.948,5007.429,cooling_degraded,3,1,0.92044,low
592,5,3099.5,8.64736,18.7953,96.04,44.015,1.3045,52.173,16.291,0.84657,101.965,2806.763,nominal,1,0,1.0,low
593,1,993.5,2.69194,4.7361,47.579,33.577,1.1366,53.215,17.662,0.92394,98.802,280.056,idle,0,0,1.0,low
594,2,3300.9,9.24239,21.2321,303.188,44.438,2.5712,55.037,17.988,0.88835,98.707,3194.809,nominal,1,0,1.0,low
595,4,2743.1,7.89754,16.0744,50.41,55.941,6.3234,66.021,15.022,0.86729,99.379,2268.651,vibration_alarm,4,1,0.84471,low
596,1,3143.6,7.29025,19.4613,95.777,62.182,7.0496,72.344,17.978,0.87973,97.871,2399.917,vibration_alarm,4,1,0.80477,low
597,2,4401.2,17.26687,32.4091,96.466,80.041,3.649,64.851,13.949,0.81664,98.543,7958.18,high_load,2,0,0.95666,low
598,6,2403.5,7.91252,22.7098,301.84,41.753,1.7582,56.309,19.447,0.93344,103.276,1991.575,nominal,1,0,1.0,low
599,6,3969.0,8.37936,33.4535,47.432,93.493,1.9532,53.17,6.367,0.81393,100.084,3482.762,cooling_degraded,3,1,0.91778,low
600,1,3043.7,8.5169,20.2355,94.994,95.197,2.4322,60.931,6.231,0.83584,100.012,2714.665,cooling_degraded,3,1,0.91181,low
