sample_id,profile_id,time_s,altitude_m,air_density_kg_m3,ambient_temp_c,cooling_air_speed_mps,speed_rpm,torque_nm,voltage_v,current_a,winding_temp_c
1,1,0.0,1932.0,0.97594,1.067,52.81,3561.4,8.49026,352.578,10.1634,37.131
2,1,5.0,1944.5,0.97451,2.319,50.039,3467.6,11.33015,272.858,16.9944,37.276
3,1,10.0,2044.9,0.96306,1.74,49.764,3655.1,10.25674,269.38,16.6121,36.985
4,1,15.0,2074.9,0.95968,3.118,49.592,3774.2,10.43901,539.839,8.7801,38.584
5,1,20.0,2246.7,0.94047,1.841,51.97,3985.7,11.11826,348.354,14.9435,40.445
6,1,25.0,2105.6,0.95621,1.947,51.784,3818.5,11.16192,345.177,14.3653,42.065
7,1,30.0,2219.5,0.94349,-0.639,49.294,4118.8,11.04205,538.973,10.0321,39.907
8,1,35.0,2171.5,0.94883,-0.083,50.841,4294.4,12.22581,350.961,17.9224,42.103
9,1,40.0,2174.9,0.94844,2.382,49.741,4362.7,10.54616,267.252,20.2868,42.474
10,1,45.0,2324.9,0.93186,0.758,48.632,4048.8,11.94113,271.239,21.1006,43.225
11,1,50.0,2312.0,0.93327,2.447,50.238,3861.1,11.42883,539.925,9.8473,43.521
12,1,55.0,2347.4,0.92939,-1.173,51.127,4275.7,11.94961,274.266,21.3861,42.371
13,1,60.0,2335.3,0.93072,0.988,48.799,4072.3,11.35558,537.837,9.9979,42.575
14,1,65.0,2193.2,0.9464,3.332,50.12,3860.7,11.57064,351.081,15.0759,43.668
15,1,70.0,2390.9,0.92464,-1.474,49.95,3942.1,11.65229,540.665,10.217,43.169
16,1,75.0,2307.0,0.93382,0.014,50.608,3859.4,12.12087,346.405,15.7565,42.338
17,1,80.0,2320.1,0.93239,-0.829,50.854,4331.0,12.60035,351.126,17.8288,43.581
18,1,85.0,2250.5,0.94005,-1.519,49.657,4122.3,11.97471,272.34,21.0848,45.24
19,1,90.0,2387.9,0.92498,-2.967,51.534,4113.4,11.13374,349.906,15.6408,44.589
20,1,95.0,2209.8,0.94456,-1.721,51.345,4011.1,11.99421,349.965,16.2392,45.861
21,1,100.0,2320.5,0.93234,0.118,50.462,3904.8,10.62234,274.992,17.7441,43.512
22,1,105.0,2246.7,0.94047,1.32,50.124,4085.1,12.03404,267.569,21.311,44.699
23,1,110.0,2572.3,0.90513,-0.46,49.393,3760.5,10.11415,538.821,7.9924,46.839
24,1,115.0,2557.2,0.90674,-1.172,48.169,4377.8,11.89722,271.616,22.1012,45.888
25,1,120.0,2311.5,0.93333,0.571,46.893,4041.3,10.77283,269.035,18.8757,46.534
26,1,125.0,2545.0,0.90804,-1.283,47.807,3726.6,10.17343,351.3,12.9141,46.152
27,1,130.0,2269.6,0.93794,-0.515,46.631,3707.6,9.76363,349.553,11.9357,45.35
28,1,135.0,2472.1,0.91585,-1.193,50.54,3841.0,12.25207,351.01,15.8355,46.531
29,1,140.0,2464.1,0.91672,-0.148,47.646,4236.9,10.66662,540.59,9.7199,46.809
30,1,145.0,2435.7,0.91978,-1.87,49.504,2964.8,8.64259,348.049,8.667,46.672
31,1,150.0,2493.7,0.91353,-0.505,46.632,3715.2,9.58145,267.989,15.7565,45.864
32,1,155.0,2417.6,0.92175,-1.154,49.754,3530.6,9.00759,543.017,6.8446,44.441
33,1,160.0,2527.7,0.90989,-1.374,46.773,3725.6,9.59957,269.716,15.8559,45.542
34,1,165.0,2401.4,0.92351,-0.891,49.029,3668.4,9.13528,350.036,11.4407,45.653
35,1,170.0,2399.5,0.92371,-1.258,49.853,3591.0,8.60473,270.066,13.7251,45.013
36,1,175.0,2369.2,0.92702,-0.809,50.538,3300.1,8.85503,352.163,10.1596,44.882
37,1,180.0,2510.3,0.91175,-1.906,49.873,3407.8,9.20197,268.629,14.0039,46.503
38,1,185.0,2342.8,0.92989,-1.6,51.448,3152.5,8.52864,542.962,6.1789,44.97
39,1,190.0,2465.4,0.91658,-0.706,49.675,3568.2,8.79909,538.137,7.0084,45.831
40,1,195.0,2380.4,0.92579,0.408,48.331,3217.3,8.96058,351.592,9.6499,46.635
41,1,200.0,2415.1,0.92202,-0.043,50.766,3522.4,8.23139,346.978,10.3552,46.799
42,1,205.0,2413.5,0.92219,-0.796,50.397,3084.0,9.01618,538.141,6.2071,45.706
43,1,210.0,2274.2,0.93744,-0.099,49.722,3354.6,8.08418,538.657,5.9485,47.798
44,1,215.0,2530.9,0.90955,-0.677,47.896,3038.2,8.14332,347.148,8.8503,44.047
45,1,220.0,2187.5,0.94704,1.357,51.425,2961.2,7.57762,351.768,7.3936,45.531
46,1,225.0,2484.2,0.91455,-2.218,46.521,3192.8,7.68614,350.164,8.4201,45.964
47,1,230.0,2370.5,0.92687,-1.196,49.212,3156.8,7.70753,541.951,5.4646,44.346
48,1,235.0,2093.7,0.95756,0.308,52.328,2975.8,8.13164,356.07,8.0826,45.666
49,1,240.0,2231.4,0.94216,1.574,49.562,3433.0,9.8767,269.845,15.0261,46.23
50,1,245.0,2018.3,0.96609,1.587,51.044,3493.4,9.2603,539.813,6.9849,45.3
51,1,250.0,2138.4,0.95252,1.91,51.262,3271.2,8.67756,538.808,6.2199,45.279
52,1,255.0,2243.2,0.94085,1.287,50.045,3512.7,8.70193,268.55,13.68,46.573
53,1,260.0,2129.8,0.9535,-0.021,52.466,3377.9,9.00073,350.99,10.2375,46.69
54,1,265.0,2170.4,0.94895,0.739,48.255,3250.4,8.56381,349.701,9.4135,46.334
55,1,270.0,2137.4,0.95264,1.564,51.426,3403.3,9.78435,351.756,11.3444,45.06
56,1,275.0,2139.4,0.95241,-0.7,50.173,3379.1,8.39974,351.0,9.727,45.211
57,1,280.0,2056.5,0.96175,3.386,52.391,3531.9,8.55791,268.956,13.2885,45.014
58,1,285.0,2036.7,0.96399,0.976,50.442,3459.8,9.44552,274.719,14.0241,46.923
59,1,290.0,2124.0,0.95415,1.526,52.106,3311.2,8.88965,346.859,9.8974,46.358
60,1,295.0,2166.7,0.94936,2.591,51.118,3621.9,9.68916,539.927,7.4669,45.916
61,1,300.0,1922.0,0.97709,1.125,52.828,3600.5,9.88625,349.541,12.2027,45.403
62,1,305.0,2075.9,0.95956,0.14,50.052,3677.2,8.78513,275.521,13.9633,46.808
63,1,310.0,2070.2,0.9602,3.322,48.419,3654.4,9.85195,349.534,12.4232,49.813
64,1,315.0,1975.0,0.97102,1.917,51.66,3766.2,11.35491,538.119,9.2075,48.914
65,1,320.0,1895.2,0.98017,4.661,51.141,3425.5,9.60619,271.004,14.4495,47.227
66,1,325.0,1805.8,0.99054,3.466,52.17,3709.1,10.5047,271.513,17.0708,48.369
67,1,330.0,1683.7,1.00487,6.18,50.973,3974.9,11.21515,539.564,9.2667,47.068
68,1,335.0,1898.5,0.97979,1.959,52.245,3826.0,11.45448,348.4,14.7833,47.008
69,1,340.0,1847.1,0.98574,2.998,52.682,3958.4,10.6168,543.201,8.9154,48.808
70,1,345.0,1931.7,0.97598,0.944,49.995,4021.8,11.06149,268.184,19.5804,49.215
71,1,350.0,1637.4,1.01036,3.781,52.022,4089.3,12.44761,269.1,21.9548,47.546
72,1,355.0,1760.6,0.99582,3.896,49.867,3891.7,11.05661,347.508,14.1773,47.853
73,1,360.0,1847.2,0.98572,3.418,53.223,3778.0,10.62955,268.867,17.5342,48.798
74,1,365.0,1702.4,1.00266,3.319,52.21,3928.4,11.35064,272.975,18.7936,47.71
75,1,370.0,1743.8,0.99779,5.231,52.194,4241.7,11.49922,349.875,16.2747,49.06
76,1,375.0,1885.5,0.98129,4.515,51.905,4171.8,11.75674,269.339,21.0823,48.237
77,1,380.0,1691.5,1.00395,2.611,51.547,3674.9,10.52921,354.997,12.8084,48.395
78,1,385.0,1741.3,0.99809,3.178,50.953,4272.7,11.77751,271.103,21.9008,47.914
79,1,390.0,1580.3,1.01716,4.993,54.223,4134.9,12.75594,535.894,11.5639,47.309
80,1,395.0,1575.7,1.01771,7.057,51.821,4021.5,11.96535,538.265,10.3679,49.475
81,1,400.0,1554.5,1.02026,3.504,52.06,4241.3,12.21311,270.587,22.5872,50.338
82,1,405.0,1594.8,1.01543,5.561,54.726,3454.3,8.78987,541.092,6.7308,51.739
83,1,410.0,1651.4,1.00869,4.274,52.855,4368.2,12.27252,272.62,23.2919,51.281
84,1,415.0,1533.9,1.02274,1.923,54.801,4111.4,11.55133,350.558,16.0494,50.114
85,1,420.0,1546.0,1.02128,6.63,53.077,3829.2,10.96434,270.432,18.1471,52.285
86,1,425.0,1583.4,1.0168,4.632,54.563,3905.9,9.17663,350.944,11.9748,50.699
87,1,430.0,1570.5,1.01834,5.654,50.874,3674.7,10.8232,267.064,17.5479,50.787
88,1,435.0,1524.9,1.02382,3.491,52.55,3568.3,9.57923,350.713,11.6139,50.065
89,1,440.0,1516.8,1.0248,6.553,53.26,3459.7,9.95179,350.653,11.4951,51.291
90,1,445.0,1696.2,1.00339,3.307,50.896,3629.9,9.25178,351.129,10.9771,52.305
91,1,450.0,1647.2,1.00919,4.977,52.203,3638.8,9.58464,538.801,7.8332,52.351
92,1,455.0,1479.1,1.02935,4.256,54.01,3356.1,7.74135,349.668,8.9833,50.138
93,1,460.0,1580.1,1.01719,6.457,52.417,4198.9,11.03346,354.691,15.4364,51.835
94,1,465.0,1616.5,1.01284,2.439,52.935,3594.2,10.24858,540.263,8.4806,51.046
95,1,470.0,1552.7,1.02048,4.227,52.158,3226.7,9.27979,539.041,6.8794,52.427
96,1,475.0,1485.5,1.02858,4.838,54.22,3594.6,9.63664,539.988,7.3829,51.639
97,1,480.0,1632.6,1.01093,5.096,50.644,3397.7,8.70925,539.519,6.5122,52.948
98,1,485.0,1587.7,1.01629,3.928,52.884,3117.4,8.72007,350.826,9.4594,52.797
99,1,490.0,1446.5,1.03331,5.405,52.238,3449.1,8.41529,348.032,9.5874,50.97
100,1,495.0,1745.8,0.99755,3.596,51.816,2984.6,8.1844,350.789,8.0709,50.953
101,1,500.0,1493.1,1.02765,2.816,53.905,3168.5,7.58876,349.173,8.3206,48.875
102,1,505.0,1528.6,1.02338,4.479,52.35,3553.2,8.85055,541.312,6.5169,49.951
103,1,510.0,1551.3,1.02065,6.0,52.044,2980.8,8.39191,542.15,5.2557,51.161
104,1,515.0,1514.5,1.02508,7.025,52.223,3195.3,7.87905,270.279,10.9887,51.325
105,1,520.0,1760.3,0.99585,0.97,53.144,3493.3,8.95084,346.649,10.7876,50.442
106,1,525.0,1656.5,1.00809,1.904,55.38,3536.3,7.97042,269.854,12.5017,49.545
107,1,530.0,1673.8,1.00604,5.382,51.193,2908.2,7.29713,349.048,7.0461,50.586
108,1,535.0,1706.3,1.0022,5.183,51.578,3371.1,9.04728,351.533,10.4309,50.196
109,1,540.0,1564.7,1.01903,5.104,51.55,3360.6,8.55898,352.387,9.4908,48.414
110,1,545.0,1797.8,0.99147,4.628,52.479,3709.9,8.33414,539.433,6.6881,52.0
111,1,550.0,1686.3,1.00456,3.2,51.482,3124.5,7.45637,268.586,10.2865,51.312
112,1,555.0,1802.6,0.99092,4.983,51.148,3306.2,9.15177,351.848,10.1006,50.997
113,1,560.0,1905.8,0.97896,2.988,50.88,3598.8,9.48334,346.991,11.6771,50.051
114,1,565.0,1872.5,0.9828,2.045,52.427,3483.4,9.26454,272.485,14.0326,48.058
115,1,570.0,1786.5,0.99279,1.867,47.638,3434.8,8.90262,540.07,6.6964,51.24
116,1,575.0,1885.9,0.98124,3.59,50.771,3152.6,8.79879,270.785,12.1085,48.374
117,1,580.0,1941.2,0.97488,2.066,53.432,3445.5,8.4617,269.999,12.3608,50.479
118,1,585.0,2013.2,0.96666,-0.131,52.292,3649.4,9.53484,348.577,11.5786,49.262
119,1,590.0,2015.6,0.96639,3.421,51.903,3745.6,10.88173,347.801,14.0187,51.428
120,1,595.0,1972.6,0.97129,1.164,51.127,3516.9,10.10686,352.14,12.2983,49.638
121,2,0.0,5457.2,0.64463,-20.843,39.293,4281.5,14.39005,351.605,19.9538,29.757
122,2,5.0,5397.8,0.64915,-21.068,39.146,4829.2,14.32622,352.393,22.9337,27.468
123,2,10.0,5246.1,0.66084,-20.515,40.931,4594.8,13.93087,349.78,21.3034,29.093
124,2,15.0,5532.8,0.63892,-20.456,40.465,4713.7,14.71098,538.684,14.7251,31.343
125,2,20.0,5594.5,0.6343,-19.956,40.145,4727.6,14.21033,350.527,22.1237,30.802
126,2,25.0,5465.9,0.64397,-19.568,40.492,4454.6,14.17052,271.373,26.871,31.692
127,2,30.0,5579.8,0.6354,-21.924,41.485,4509.4,14.08746,270.104,26.8118,33.061
128,2,35.0,5764.4,0.62175,-20.759,41.387,4980.2,14.77875,537.738,15.5148,32.523
129,2,40.0,5523.1,0.63965,-20.757,38.995,4642.6,13.52503,349.885,20.4633,30.927
130,2,45.0,5631.0,0.63158,-22.786,38.999,4672.4,13.31517,267.086,27.0754,31.365
131,2,50.0,5629.7,0.63168,-22.288,40.541,4586.2,14.20899,539.984,13.9926,32.04
132,2,55.0,5653.3,0.62992,-22.489,41.314,4814.2,14.36299,348.917,22.7773,31.545
133,2,60.0,5770.0,0.62134,-20.717,37.481,4521.2,12.57479,271.784,24.2584,32.147
134,2,65.0,5617.2,0.63261,-19.349,40.477,4448.7,13.81897,269.988,26.3968,30.529
135,2,70.0,5728.6,0.62437,-22.759,39.704,4263.4,13.53616,268.765,24.5198,34.378
136,2,75.0,5672.9,0.62848,-20.774,37.311,4397.3,13.25948,266.215,25.6398,34.353
137,2,80.0,5605.8,0.63346,-22.391,38.183,4146.7,12.6219,350.375,17.051,34.691
138,2,85.0,5780.1,0.6206,-22.955,38.32,4568.2,12.98318,539.427,12.6946,32.754
139,2,90.0,5825.3,0.61731,-23.107,42.268,4616.2,13.03292,351.501,20.1542,33.614
140,2,95.0,5926.5,0.61,-25.342,37.744,4404.2,14.17071,350.713,20.44,34.155
141,2,100.0,5712.7,0.62554,-20.832,37.094,4396.1,13.39522,351.177,19.6281,34.617
142,2,105.0,5657.4,0.62962,-21.122,39.004,4309.4,12.43481,540.648,11.6048,34.761
143,2,110.0,5699.1,0.62654,-23.347,39.545,4576.4,14.01265,349.775,21.1371,35.117
144,2,115.0,5899.3,0.61195,-23.503,40.487,4264.2,12.56001,268.197,23.188,35.597
145,2,120.0,5868.5,0.61418,-21.727,37.997,4010.5,11.74423,352.196,15.7606,37.003
146,2,125.0,5784.2,0.6203,-21.895,39.212,3956.4,11.61869,348.466,15.1553,33.907
147,2,130.0,5770.1,0.62133,-22.896,38.185,3778.7,10.62826,269.023,17.4686,34.916
148,2,135.0,5804.5,0.61882,-21.277,39.589,4235.2,11.60243,539.204,10.8412,35.855
149,2,140.0,5928.4,0.60987,-22.918,37.461,4138.1,11.92171,540.156,10.5931,35.151
150,2,145.0,5799.6,0.61917,-22.335,39.704,4318.7,12.41249,541.253,11.3295,33.544
151,2,150.0,5872.8,0.61387,-23.048,36.441,3902.4,11.05819,349.456,14.4764,34.701
152,2,155.0,5726.4,0.62453,-22.013,40.866,3824.4,11.66451,272.651,19.3208,35.443
153,2,160.0,5844.5,0.61591,-23.921,40.371,4008.9,11.04553,542.199,9.3611,35.748
154,2,165.0,5738.5,0.62364,-22.199,38.178,3602.4,10.22985,351.205,12.4395,36.215
155,2,170.0,5756.7,0.62231,-22.828,41.09,3938.9,11.07912,351.755,14.4938,35.117
156,2,175.0,5836.4,0.6165,-22.822,41.217,3576.9,10.32626,349.234,12.3177,33.441
157,2,180.0,5759.7,0.62209,-23.391,39.395,3745.2,10.71262,538.859,8.63,33.105
158,2,185.0,6056.1,0.60077,-25.724,39.13,3804.8,10.47661,540.629,8.7108,34.071
159,2,190.0,5798.2,0.61928,-23.529,38.287,3941.8,10.23339,268.879,18.1594,35.196
160,2,195.0,5753.2,0.62257,-23.515,39.024,3604.7,9.68048,351.367,11.9558,36.855
161,2,200.0,5858.8,0.61488,-22.239,37.555,4071.2,10.64227,350.779,14.6575,37.291
162,2,205.0,5558.2,0.63701,-21.308,41.724,3721.5,11.10085,348.646,14.0596,34.814
163,2,210.0,5797.2,0.61935,-23.673,38.498,4236.7,12.5528,270.349,23.2576,36.101
164,2,215.0,5676.4,0.62822,-22.197,40.086,4256.8,12.36263,271.063,22.7068,34.96
165,2,220.0,5612.8,0.63293,-20.16,38.037,3965.2,11.58741,350.321,15.9205,34.498
166,2,225.0,5668.1,0.62883,-21.665,40.62,4249.4,12.25973,346.961,17.5942,35.056
167,2,230.0,5705.4,0.62608,-22.391,39.664,4152.2,11.24521,538.095,10.3989,36.369
168,2,235.0,5453.8,0.64489,-19.358,42.432,4436.8,12.6199,271.747,24.1972,37.48
169,2,240.0,5886.4,0.61288,-22.719,36.877,4310.2,12.32956,272.308,22.816,38.286
170,2,245.0,5662.8,0.62922,-21.479,38.928,4561.3,13.79623,535.734,13.586,36.745
171,2,250.0,5535.0,0.63875,-21.41,38.809,4461.2,12.84572,539.663,11.995,38.102
172,2,255.0,5644.2,0.6306,-25.313,39.071,3963.0,12.45159,351.347,16.232,35.669
173,2,260.0,5483.8,0.64261,-21.102,37.821,4219.3,12.97268,268.314,23.7354,36.439
174,2,265.0,5713.8,0.62546,-22.18,39.655,4212.5,12.34838,540.168,11.2845,37.142
175,2,270.0,5424.1,0.64715,-20.841,40.764,4232.3,13.40468,348.394,18.3821,40.288
176,2,275.0,5533.8,0.63884,-18.625,41.334,4504.7,13.79565,268.701,26.5825,38.461
177,2,280.0,5507.9,0.64079,-20.921,40.42,4780.7,13.95055,349.637,22.265,37.723
178,2,285.0,5475.4,0.64325,-21.632,39.19,4411.3,12.4413,269.983,23.374,36.643
179,2,290.0,5423.4,0.64719,-22.125,39.942,4457.1,12.40766,270.412,23.5706,36.384
180,2,295.0,5425.5,0.64704,-19.702,39.326,4350.6,12.50847,538.321,11.6813,38.111
181,2,300.0,5312.8,0.65568,-21.596,43.301,4763.2,14.53815,349.438,22.4626,39.446
182,2,305.0,5371.6,0.65115,-20.671,42.193,4248.6,13.64759,349.914,19.3685,40.484
183,2,310.0,5159.3,0.66762,-17.759,41.048,4283.4,14.57372,539.154,13.0402,36.273
184,2,315.0,5440.2,0.64592,-21.781,41.345,4592.4,13.4619,266.735,27.2598,39.682
185,2,320.0,5231.1,0.662,-17.816,37.127,4726.3,13.54281,349.635,21.2375,38.903
186,2,325.0,5274.2,0.65866,-20.018,40.489,4446.8,14.05552,350.588,20.6167,38.906
187,2,330.0,5321.0,0.65504,-20.204,37.45,4671.8,14.87607,350.094,22.7816,39.127
188,2,335.0,5267.6,0.65917,-18.853,41.707,4748.5,14.7087,350.937,22.8276,39.876
189,2,340.0,5163.5,0.66729,-21.992,40.465,4713.0,14.7593,345.538,22.9432,40.552
190,2,345.0,5202.3,0.66425,-19.406,40.023,4628.7,13.71118,538.25,13.4071,42.235
191,2,350.0,5239.7,0.66133,-19.891,39.926,4414.1,13.73015,540.092,12.5665,38.571
192,2,355.0,5119.9,0.67072,-17.053,40.627,4858.7,14.39153,351.168,22.6425,40.55
193,2,360.0,5175.7,0.66634,-19.677,40.622,4987.6,14.62456,270.188,30.8536,38.292
194,2,365.0,5204.0,0.66412,-19.765,39.349,4994.0,13.8288,351.184,22.8209,40.09
195,2,370.0,5090.9,0.67301,-15.507,41.333,4302.1,12.27491,538.176,11.4216,42.409
196,2,375.0,5221.2,0.66277,-20.62,40.204,4144.9,11.78962,345.955,16.7957,41.557
197,2,380.0,4950.9,0.68419,-16.234,42.866,4677.9,13.60126,350.726,20.7533,42.527
198,2,385.0,5154.0,0.66804,-17.615,43.241,4457.3,13.56924,270.68,25.2823,39.958
199,2,390.0,4962.0,0.6833,-17.273,41.639,4179.1,12.30945,543.268,10.9737,40.896
200,2,395.0,5012.0,0.67929,-18.628,37.677,4174.5,11.64581,350.161,16.7787,41.314
201,2,400.0,5117.3,0.67093,-18.709,42.618,4515.9,12.83472,274.024,24.7258,40.843
202,2,405.0,5019.7,0.67867,-19.337,40.521,4377.8,13.1664,352.77,18.8652,41.439
203,2,410.0,4864.7,0.69117,-17.283,42.195,3844.3,12.4895,349.71,16.0603,40.76
204,2,415.0,4868.9,0.69083,-15.561,39.759,4362.1,11.75594,348.905,17.1138,40.242
205,2,420.0,4835.4,0.69355,-16.319,39.562,4111.9,11.67758,348.329,16.2043,39.885
206,2,425.0,4891.2,0.68901,-16.141,42.4,3765.4,10.2693,354.519,12.8619,43.648
207,2,430.0,4945.8,0.68461,-16.705,41.604,4293.4,13.13488,538.175,11.9947,41.622
208,2,435.0,4928.2,0.68602,-16.888,39.759,4069.3,10.65786,273.48,18.578,41.559
209,2,440.0,4899.6,0.68833,-15.426,41.373,4069.1,11.00049,539.382,9.655,42.739
210,2,445.0,4926.3,0.68617,-16.904,39.794,4257.7,10.77112,350.158,15.3622,42.123
211,2,450.0,4871.8,0.69059,-16.232,40.45,3822.4,11.24494,541.245,9.5293,43.359
212,2,455.0,4936.6,0.68534,-16.202,40.491,3851.1,10.57526,267.279,18.045,41.369
213,2,460.0,4895.9,0.68863,-16.475,41.817,3844.0,10.817,540.852,8.9165,44.345
214,2,465.0,5082.7,0.67366,-20.408,39.42,3975.8,10.41839,350.872,14.1724,41.403
215,2,470.0,4914.5,0.68712,-15.169,42.429,4024.1,12.21091,349.435,16.3096,41.76
216,2,475.0,5006.1,0.67976,-16.859,40.558,4028.1,11.16485,541.438,10.0891,42.884
217,2,480.0,5055.8,0.6758,-17.255,41.176,3899.2,11.62825,268.389,19.6521,42.135
218,2,485.0,4952.7,0.68404,-16.813,39.597,3884.7,9.52682,349.698,12.5084,42.193
219,2,490.0,4974.8,0.68227,-18.563,41.527,3845.5,12.41427,351.884,16.1785,43.15
220,2,495.0,4946.3,0.68456,-16.614,38.81,3923.3,10.19554,350.87,13.7159,42.479
221,2,500.0,4937.1,0.6853,-16.817,41.915,4097.4,10.20361,541.712,9.085,41.811
222,2,505.0,5080.3,0.67385,-15.906,39.6,3913.7,11.35807,269.257,19.5662,42.159
223,2,510.0,5224.8,0.66249,-19.61,40.067,3977.4,11.24181,271.61,19.7505,44.466
224,2,515.0,5019.6,0.67868,-18.88,40.092,3824.4,11.24954,352.868,14.5055,43.385
225,2,520.0,5037.9,0.67722,-17.714,41.727,4280.1,11.68534,347.765,16.9536,44.247
226,2,525.0,5024.5,0.6783,-17.43,41.563,4042.7,11.4272,349.776,15.2863,44.696
227,2,530.0,5079.3,0.67394,-15.964,39.436,3930.3,11.20829,538.638,9.8569,42.511
228,2,535.0,5221.8,0.66273,-19.371,41.135,3961.6,12.19641,275.423,20.4438,42.891
229,2,540.0,5191.4,0.6651,-18.657,43.734,3959.1,11.20259,349.401,14.719,42.803
230,2,545.0,5176.4,0.66628,-17.678,39.678,4403.6,12.21129,540.577,11.4007,43.528
231,2,550.0,5348.7,0.65291,-20.018,40.018,4679.1,13.2567,267.482,26.7524,45.397
232,2,555.0,5348.5,0.65293,-19.398,38.883,4636.5,13.07562,539.785,12.9836,41.994
233,2,560.0,5281.5,0.65809,-20.094,40.532,4424.7,12.84037,351.009,18.6577,43.675
234,2,565.0,5231.7,0.66196,-16.806,40.516,4078.4,11.53923,268.836,20.2632,42.885
235,2,570.0,5404.1,0.64867,-20.695,40.448,4016.7,12.58089,543.527,10.6635,44.141
236,2,575.0,5439.4,0.64598,-20.16,38.522,4398.7,12.66076,267.616,24.2778,43.8
237,2,580.0,5139.7,0.66916,-18.034,41.821,4557.3,13.2229,349.091,20.0031,42.932
238,2,585.0,5209.7,0.66368,-18.842,40.97,4547.2,13.50444,268.402,26.0324,44.751
239,2,590.0,5232.8,0.66187,-17.59,40.687,4504.1,12.26932,349.001,18.1142,43.585
240,2,595.0,5406.9,0.64845,-20.138,38.78,4419.7,14.11059,350.344,20.7149,44.208
241,3,0.0,8717.0,0.43929,-41.757,30.96,5460.0,17.45017,539.235,20.8694,37.173
242,3,5.0,8602.6,0.44525,-39.926,33.57,5573.4,16.4111,273.726,38.5499,38.038
243,3,10.0,8679.5,0.44123,-40.501,33.639,5195.4,15.71576,270.525,34.8241,37.154
244,3,15.0,8957.3,0.42705,-40.32,35.124,4855.9,15.83461,268.521,32.8912,37.162
245,3,20.0,8951.0,0.42737,-44.541,32.475,5169.6,16.83476,538.698,18.6902,39.896
246,3,25.0,8838.1,0.43308,-42.559,33.251,5349.1,17.18501,349.08,30.1424,38.118
247,3,30.0,8888.4,0.43052,-43.54,31.616,5289.5,15.54805,352.573,26.9408,39.426
248,3,35.0,9034.0,0.42321,-44.631,31.607,5058.4,16.42655,349.903,27.6593,40.366
249,3,40.0,8861.7,0.43188,-41.79,33.074,5253.8,17.46556,353.2,30.2083,40.016
250,3,45.0,9003.1,0.42475,-42.517,31.059,5101.2,16.67889,348.302,27.7688,42.312
251,3,50.0,8978.2,0.426,-43.508,31.283,4951.4,15.76939,352.164,24.9789,39.7
252,3,55.0,8984.6,0.42568,-40.967,30.697,5317.4,16.39586,538.952,18.5519,40.164
253,3,60.0,8973.2,0.42625,-44.879,32.984,4838.2,15.62266,348.508,25.0323,39.278
254,3,65.0,9015.8,0.42412,-45.1,32.191,4914.4,13.72847,540.491,14.8994,39.971
255,3,70.0,9004.3,0.42469,-42.288,31.554,4683.4,13.68476,350.7,20.7323,41.378
256,3,75.0,8996.2,0.4251,-41.392,32.327,4889.3,16.36635,541.969,17.329,41.1
257,3,80.0,9095.5,0.42016,-44.271,32.293,5183.7,15.57243,542.901,17.3788,38.924
258,3,85.0,9089.7,0.42045,-43.135,30.473,4939.4,15.60299,346.908,25.8267,41.791
259,3,90.0,9087.7,0.42055,-43.52,32.174,4378.5,12.73645,268.817,24.2057,39.03
260,3,95.0,9056.1,0.42211,-44.058,32.803,4427.6,13.48214,537.876,12.9298,41.845
261,3,100.0,9213.2,0.41439,-43.558,34.952,4492.0,14.26762,347.953,21.0077,40.667
262,3,105.0,9311.8,0.4096,-44.013,34.345,4636.3,13.44594,543.197,13.7043,42.233
263,3,110.0,9194.0,0.41532,-41.827,33.422,4382.1,12.63081,347.901,18.3867,41.224
264,3,115.0,9461.0,0.40248,-46.004,30.197,4623.2,12.71962,543.245,12.8112,40.492
265,3,120.0,9130.1,0.41846,-42.75,31.648,4532.7,13.69997,271.798,26.5331,41.093
266,3,125.0,9226.6,0.41373,-44.943,31.519,4806.3,14.20948,350.53,22.518,40.313
267,3,130.0,9143.7,0.41779,-44.495,32.557,4666.4,13.65275,351.278,20.7464,40.335
268,3,135.0,9237.4,0.4132,-43.093,29.529,4515.4,14.00134,272.061,26.5854,41.64
269,3,140.0,9350.7,0.40774,-45.24,32.52,4581.0,13.14846,350.353,19.9606,42.633
270,3,145.0,9281.2,0.41108,-46.179,29.012,4564.6,13.5204,349.867,20.3137,40.46
271,3,150.0,9204.5,0.41481,-44.872,33.218,4658.1,14.64417,266.324,29.6631,40.873
272,3,155.0,9220.4,0.41403,-44.918,33.631,4339.0,13.65151,268.712,25.0338,40.615
273,3,160.0,9152.4,0.41736,-45.423,28.911,5160.9,15.59248,348.375,26.4852,39.784
274,3,165.0,9194.5,0.4153,-43.972,31.255,4685.5,14.94953,273.601,29.4557,41.777
275,3,170.0,9085.5,0.42066,-43.62,31.079,4544.6,13.70433,538.844,13.6889,39.681
276,3,175.0,9251.1,0.41254,-46.333,33.545,4789.0,14.90077,349.257,23.6987,39.845
277,3,180.0,9297.5,0.41029,-45.039,29.244,5018.4,15.14656,348.174,24.9426,40.132
278,3,185.0,9030.3,0.4234,-42.996,33.183,5131.7,15.432,348.872,26.0605,40.446
279,3,190.0,9202.8,0.41489,-44.372,31.637,4711.6,13.60678,349.35,20.9864,38.291
280,3,195.0,9205.9,0.41474,-46.153,29.306,4849.3,15.45375,539.532,15.6198,39.505
281,3,200.0,9220.6,0.41402,-43.198,33.505,4997.1,16.69677,350.571,27.6584,40.798
282,3,205.0,9231.3,0.4135,-48.051,34.945,4934.0,15.86774,351.682,25.6264,41.32
283,3,210.0,9262.9,0.41197,-44.071,31.676,5400.2,16.64503,272.712,37.8036,39.752
284,3,215.0,9210.0,0.41454,-45.197,32.524,4910.1,16.68028,348.565,26.2599,41.362
285,3,220.0,9094.6,0.42021,-45.049,33.505,4944.9,16.35499,269.895,34.0671,41.103
286,3,225.0,9226.7,0.41373,-45.186,32.683,5229.3,16.77289,347.967,28.9272,42.886
287,3,230.0,8939.9,0.42792,-43.458,32.286,5132.5,17.27826,270.573,37.3865,41.411
288,3,235.0,9177.2,0.41614,-44.138,29.552,5168.4,16.74614,538.728,18.5446,42.457
289,3,240.0,9119.9,0.41896,-45.615,31.057,5020.7,15.74207,539.911,16.7403,43.059
290,3,245.0,9059.5,0.42194,-42.583,30.522,5515.0,18.01316,349.263,33.3723,41.952
291,3,250.0,8928.6,0.42849,-42.623,33.463,5315.3,16.81627,349.491,29.0293,43.187
292,3,255.0,9029.1,0.42346,-44.977,33.911,5545.4,18.44715,274.599,43.2982,40.219
293,3,260.0,8912.1,0.42932,-44.046,32.539,5448.4,17.86434,541.102,20.6933,41.401
294,3,265.0,9027.0,0.42356,-42.34,33.319,5402.3,17.50451,350.249,31.2675,42.874
295,3,270.0,8807.8,0.43462,-43.559,31.726,5047.2,15.11917,544.834,15.6946,43.372
296,3,275.0,8957.8,0.42702,-43.073,31.446,5207.7,15.17276,266.466,34.022,44.448
297,3,280.0,8871.3,0.43139,-43.375,30.928,5767.3,18.22417,536.326,22.6917,44.992
298,3,285.0,8889.6,0.43046,-42.55,32.545,5436.5,17.28121,353.91,30.6888,43.436
299,3,290.0,8897.2,0.43008,-41.865,31.14,5460.2,18.15267,270.957,42.4676,42.048
300,3,295.0,8889.8,0.43045,-43.918,33.711,5346.1,16.90984,542.949,19.139,43.921
301,3,300.0,8687.7,0.44081,-40.964,31.197,5232.6,15.71584,351.855,27.1676,45.747
302,3,305.0,8590.9,0.44586,-42.29,32.351,5353.4,16.67347,537.454,18.7459,47.123
303,3,310.0,8708.7,0.43972,-41.858,33.777,5274.4,16.81876,349.112,29.6411,44.483
304,3,315.0,8771.6,0.43648,-40.843,30.728,4791.6,14.91794,345.729,23.8824,45.413
305,3,320.0,8669.2,0.44177,-42.905,31.85,5311.4,17.14898,542.515,18.891,43.39
306,3,325.0,8636.0,0.4435,-40.617,33.154,5055.0,14.93874,268.44,32.0869,46.446
307,3,330.0,8561.1,0.44742,-41.175,32.014,4706.1,15.20935,350.025,23.861,45.441
308,3,335.0,8504.4,0.45042,-42.29,31.716,5349.4,15.94505,539.887,18.0876,46.851
309,3,340.0,8580.5,0.4464,-40.984,31.949,5053.9,16.16143,346.792,26.9216,43.864
310,3,345.0,8635.3,0.44353,-42.712,36.827,5018.5,15.87084,349.432,26.3183,45.042
311,3,350.0,8571.6,0.44687,-40.611,34.274,5051.8,15.85515,273.068,33.7058,45.328
312,3,355.0,8606.5,0.44504,-41.322,32.919,5051.4,16.48319,350.859,27.2039,45.497
313,3,360.0,8442.2,0.45373,-39.061,32.953,5013.5,16.04375,541.254,17.2885,46.502
314,3,365.0,8661.7,0.44216,-40.982,32.342,4918.9,14.26066,272.226,29.8076,45.749
315,3,370.0,8355.3,0.45839,-39.925,33.081,4786.9,14.65117,348.958,22.7689,46.236
316,3,375.0,8524.5,0.44936,-38.735,32.638,5066.6,15.40051,348.186,25.5332,47.269
317,3,380.0,8537.7,0.44866,-39.798,35.779,4804.5,13.93267,350.433,22.0449,46.52
318,3,385.0,8338.0,0.45932,-38.012,33.879,4723.7,14.80578,542.298,14.7002,45.343
319,3,390.0,8337.3,0.45936,-38.247,34.593,4743.2,15.12194,350.405,23.6537,46.006
320,3,395.0,8443.1,0.45368,-40.41,31.88,4659.2,14.54121,542.222,14.8167,43.337
321,3,400.0,8466.0,0.45246,-40.669,32.938,4748.0,14.48237,540.165,14.3007,45.242
322,3,405.0,8456.1,0.45299,-40.747,33.934,4328.8,13.5182,536.308,12.5388,46.589
323,3,410.0,8392.9,0.45637,-38.471,33.548,4783.5,13.15109,270.876,26.6292,43.762
324,3,415.0,8494.0,0.45097,-39.928,32.104,4732.1,12.9167,351.582,20.0395,45.919
325,3,420.0,8414.5,0.45521,-39.525,34.138,4726.6,13.69413,267.476,28.244,44.953
326,3,425.0,8380.5,0.45703,-36.775,35.372,4719.8,14.52901,270.492,29.2531,46.203
327,3,430.0,8487.2,0.45133,-38.841,34.122,4193.4,14.50763,348.917,20.0272,44.79
328,3,435.0,8371.8,0.4575,-39.588,33.063,4354.7,14.6442,346.651,21.1189,45.752
329,3,440.0,8320.1,0.46029,-41.176,33.764,4728.9,14.31555,538.093,14.8616,45.323
330,3,445.0,8231.9,0.46509,-39.501,33.972,4468.3,13.27049,269.351,25.2025,44.881
331,3,450.0,8397.3,0.45613,-39.176,35.647,4448.6,14.65892,535.622,14.1693,43.824
332,3,455.0,8362.4,0.45801,-39.19,34.968,4735.2,13.9272,350.504,21.8153,46.077
333,3,460.0,8073.8,0.47383,-35.382,32.824,4896.4,15.54945,346.442,25.0781,47.237
334,3,465.0,8402.8,0.45584,-42.075,35.294,4754.1,14.28445,537.183,14.5249,43.803
335,3,470.0,8473.4,0.45207,-39.149,36.251,4985.3,15.88973,350.423,26.1688,45.632
336,3,475.0,8387.5,0.45665,-37.895,33.621,5151.2,15.87087,540.367,17.725,44.978
337,3,480.0,8237.9,0.46476,-38.966,35.309,4919.4,15.28434,272.3,31.5979,46.751
338,3,485.0,8205.2,0.46656,-38.624,32.299,4732.6,14.7582,350.56,23.2291,44.481
339,3,490.0,8519.3,0.44963,-40.106,32.878,4771.8,14.20728,353.926,22.8129,45.509
340,3,495.0,8402.9,0.45583,-40.273,31.372,4981.0,15.86986,270.784,33.5754,45.776
341,3,500.0,8463.8,0.45258,-40.746,31.548,5114.3,15.89199,348.143,26.3291,47.466
342,3,505.0,8329.7,0.45977,-38.147,35.173,5242.3,15.33231,352.149,26.1428,46.751
343,3,510.0,8411.1,0.45539,-39.64,32.445,5235.1,16.53009,351.501,28.3084,47.98
344,3,515.0,8350.6,0.45865,-39.108,32.608,5267.1,16.51921,541.118,18.6605,46.992
345,3,520.0,8616.0,0.44455,-40.092,32.987,5293.8,15.7296,267.568,35.7973,45.801
346,3,525.0,8426.2,0.45458,-39.335,32.919,4717.2,14.59245,268.217,29.461,46.47
347,3,530.0,8436.9,0.45401,-38.491,34.667,5188.6,16.98563,272.281,37.1961,45.239
348,3,535.0,8640.6,0.44326,-40.326,30.966,4895.0,15.32099,350.244,24.6464,48.334
349,3,540.0,8616.4,0.44452,-41.297,33.564,5088.0,16.87857,352.785,27.9639,46.37
350,3,545.0,8497.6,0.45078,-41.475,30.655,5280.1,16.96343,268.914,38.2819,46.935
351,3,550.0,8689.8,0.4407,-42.543,33.603,5328.1,17.35163,537.46,19.9136,48.858
352,3,555.0,8710.5,0.43963,-43.381,30.519,4887.3,17.64909,540.262,18.5902,48.496
353,3,560.0,8677.0,0.44137,-40.291,33.45,5180.4,15.47832,350.369,26.9067,47.363
354,3,565.0,8600.8,0.44534,-40.481,32.943,5457.5,18.14777,268.347,42.8195,45.215
355,3,570.0,8730.2,0.43861,-42.848,32.934,5140.3,17.04864,542.183,18.5614,49.036
356,3,575.0,8771.2,0.4365,-41.954,32.31,5279.7,16.91505,349.509,28.8951,49.278
357,3,580.0,8608.5,0.44494,-41.564,30.201,5338.0,16.80143,351.103,29.5759,47.352
358,3,585.0,8736.4,0.43829,-40.647,33.646,5250.4,17.34115,352.045,29.898,47.665
359,3,590.0,8835.5,0.43321,-42.205,32.259,5302.0,16.72608,269.789,37.8325,48.643
360,3,595.0,8657.7,0.44237,-42.052,31.434,5526.7,16.36959,351.422,29.7087,48.665
361,4,0.0,12062.8,0.29635,-58.0,27.713,5683.8,17.45824,272.979,42.1209,30.734
362,4,5.0,12239.0,0.29027,-58.0,29.804,5703.3,18.29608,273.293,44.4594,32.657
363,4,10.0,12386.2,0.28529,-58.0,30.546,5718.1,18.48354,539.671,22.5127,34.857
364,4,15.0,12299.6,0.28821,-58.0,30.178,5865.0,18.23059,272.095,46.0542,32.818
365,4,20.0,12298.7,0.28824,-58.0,27.049,5146.2,18.22851,271.304,40.0464,32.131
366,4,25.0,12266.1,0.28935,-58.0,26.542,5327.9,16.25857,348.314,28.7094,32.607
367,4,30.0,12192.1,0.29188,-58.0,27.52,5123.7,16.43343,348.576,27.5245,31.21
368,4,35.0,12356.6,0.28628,-58.0,27.833,5807.3,18.4344,269.524,46.6499,34.328
369,4,40.0,12374.5,0.28568,-58.0,28.789,5158.8,15.84345,267.43,34.9984,34.429
370,4,45.0,12383.6,0.28537,-58.0,27.098,5208.6,16.84263,351.707,29.1433,32.404
371,4,50.0,12338.7,0.28689,-58.0,28.836,4985.5,15.38407,347.294,25.4161,33.596
372,4,55.0,12344.4,0.28669,-58.0,28.997,5048.7,15.86225,349.358,26.0397,32.939
373,4,60.0,12299.8,0.2882,-58.0,28.121,5067.1,16.00898,349.616,26.2101,35.918
374,4,65.0,12698.9,0.27498,-58.0,26.271,5319.8,15.93289,347.652,28.0954,34.004
375,4,70.0,12556.3,0.27964,-58.0,26.167,5352.0,15.79015,350.288,28.1012,31.852
376,4,75.0,12531.7,0.28045,-58.0,26.999,5223.4,16.79609,351.671,28.664,32.716
377,4,80.0,12679.3,0.27562,-58.0,31.331,5002.9,16.64755,352.577,27.0199,33.779
378,4,85.0,12550.4,0.27983,-58.0,30.595,5016.2,14.90475,268.62,31.8806,32.381
379,4,90.0,12512.2,0.28109,-58.0,29.087,4830.0,15.25802,353.125,24.3986,33.633
380,4,95.0,12584.7,0.2787,-58.0,27.506,5050.8,15.90019,541.308,17.2533,33.397
381,4,100.0,12500.1,0.28149,-58.0,28.624,5270.8,16.1216,352.572,27.9865,35.582
382,4,105.0,12691.8,0.27521,-58.0,26.059,5196.6,16.61862,269.252,36.7913,35.556
383,4,110.0,12640.2,0.27689,-58.0,26.878,5471.3,16.91017,540.119,20.0009,32.768
384,4,115.0,12574.2,0.27905,-58.0,28.539,5592.5,16.79357,349.854,31.2182,37.23
385,4,120.0,12674.4,0.27578,-58.0,24.42,5368.6,17.33498,347.766,30.7277,35.759
386,4,125.0,12695.6,0.27509,-58.0,25.365,5078.5,15.7313,349.999,26.1728,32.772
387,4,130.0,12609.7,0.27788,-58.0,25.327,5041.3,16.29417,269.006,35.3463,36.41
388,4,135.0,12722.0,0.27424,-58.0,27.46,5300.6,17.1287,349.554,30.0009,38.416
389,4,140.0,12549.5,0.27986,-58.0,27.458,5500.0,16.89093,536.02,19.8399,35.064
390,4,145.0,12803.1,0.27163,-58.0,27.34,5694.8,17.65393,349.251,33.7239,37.916
391,4,150.0,12601.5,0.27815,-58.0,25.689,5365.0,18.01214,349.455,32.751,35.701
392,4,155.0,12663.8,0.27612,-58.0,27.001,5550.4,17.5245,540.25,20.5202,38.341
393,4,160.0,12721.4,0.27426,-58.0,26.763,5636.7,17.50996,267.796,43.0657,36.598
394,4,165.0,12669.3,0.27594,-58.0,26.251,5869.0,18.13204,349.335,35.4422,38.826
395,4,170.0,12693.5,0.27516,-58.0,28.327,5739.3,18.41218,266.474,46.8736,38.586
396,4,175.0,12689.4,0.27529,-58.0,29.052,5639.9,18.43919,536.694,22.5678,38.276
397,4,180.0,12616.9,0.27765,-58.0,27.852,6113.8,19.74085,349.795,40.945,37.812
398,4,185.0,12616.4,0.27766,-58.0,29.87,6031.4,18.84077,541.696,24.3294,40.331
399,4,190.0,12606.8,0.27798,-58.0,26.281,6129.8,19.18578,270.012,51.781,39.574
400,4,195.0,12552.6,0.27976,-58.0,27.942,5694.1,19.20356,349.984,36.9221,40.442
401,4,200.0,12617.2,0.27764,-58.0,27.921,5673.3,18.77608,538.836,23.4661,40.745
402,4,205.0,12505.6,0.28131,-58.0,28.347,5858.0,19.86913,538.642,25.857,41.026
403,4,210.0,12640.1,0.27689,-58.0,27.265,6050.6,20.23357,543.757,26.3085,40.316
404,4,215.0,12460.9,0.28279,-58.0,27.058,6131.1,20.01988,349.53,41.9527,43.108
405,4,220.0,12592.9,0.27843,-58.0,27.048,6148.5,21.16236,268.779,57.5871,43.599
406,4,225.0,12534.1,0.28037,-58.0,27.295,5752.7,21.04893,350.28,41.0273,45.197
407,4,230.0,12541.0,0.28014,-58.0,27.364,5968.7,19.44931,539.5,25.4056,44.167
408,4,235.0,12503.9,0.28136,-58.0,29.538,5666.0,19.47023,349.556,37.0692,45.223
409,4,240.0,12515.9,0.28097,-58.0,28.958,5981.4,19.28363,349.637,39.3642,45.847
410,4,245.0,12395.2,0.28499,-58.0,27.512,6015.0,19.59486,270.368,52.1825,45.922
411,4,250.0,12325.9,0.28732,-58.0,28.497,5602.1,18.46594,349.753,34.7654,45.331
412,4,255.0,12466.8,0.28259,-58.0,26.748,5984.0,19.73589,539.601,26.2674,47.085
413,4,260.0,12239.9,0.29024,-58.0,28.562,6094.4,19.92811,540.436,26.7207,48.877
414,4,265.0,12469.9,0.28249,-58.0,29.123,6065.4,19.55984,353.727,39.7678,49.344
415,4,270.0,12288.2,0.28859,-58.0,26.498,5896.8,19.94897,542.352,25.6908,47.975
416,4,275.0,12303.3,0.28808,-58.0,28.672,5298.7,17.3305,270.535,39.966,50.678
417,4,280.0,12482.3,0.28208,-58.0,28.588,5895.1,19.76902,265.292,52.1934,50.319
418,4,285.0,12132.6,0.29393,-58.0,27.98,5836.0,18.4344,351.868,36.2461,50.06
419,4,290.0,12233.7,0.29045,-58.0,25.783,5521.8,17.77531,537.478,21.2894,50.597
420,4,295.0,12223.1,0.29081,-58.0,28.269,5950.5,19.4953,266.448,51.0958,52.164
421,4,300.0,12175.9,0.29243,-58.0,30.397,5587.0,17.41048,347.547,32.5165,49.425
422,4,305.0,12134.6,0.29386,-58.0,29.816,5779.9,19.22646,351.628,37.4665,53.302
423,4,310.0,12117.7,0.29444,-58.0,27.761,5396.1,16.28098,265.331,38.1079,51.69
424,4,315.0,12239.1,0.29027,-58.0,26.084,5432.0,18.78606,543.841,22.1245,50.607
425,4,320.0,12036.9,0.29725,-58.0,28.154,5518.8,16.65893,348.857,30.5245,50.789
426,4,325.0,12172.3,0.29256,-58.0,27.073,5497.1,17.05512,539.06,20.1466,50.965
427,4,330.0,12043.1,0.29704,-58.0,31.444,5408.7,17.59415,270.151,41.2171,53.97
428,4,335.0,12073.9,0.29596,-58.0,27.823,5658.3,17.86132,353.052,33.3664,53.504
429,4,340.0,12206.1,0.2914,-58.0,28.2,5679.1,17.65856,351.489,33.427,51.379
430,4,345.0,11938.5,0.30072,-58.0,27.64,5350.8,17.25432,538.563,19.8858,54.354
431,4,350.0,12074.6,0.29594,-58.0,27.39,4880.9,15.69897,347.993,25.3428,51.718
432,4,355.0,11967.5,0.29969,-58.0,27.379,5028.3,16.48521,349.748,27.137,53.389
433,4,360.0,11932.1,0.30094,-58.0,26.861,5558.8,17.50401,350.971,31.8667,54.667
434,4,365.0,11933.7,0.30089,-58.0,30.23,4855.3,15.31206,542.097,15.6468,54.526
435,4,370.0,11891.3,0.30239,-58.0,28.877,5127.9,16.31213,352.978,27.7464,53.333
436,4,375.0,11917.8,0.30145,-58.0,27.925,5140.3,16.45904,348.933,27.9598,51.183
437,4,380.0,11940.5,0.30065,-58.0,27.361,5308.6,16.78623,268.485,37.9358,52.768
438,4,385.0,11847.6,0.30395,-58.0,28.957,4799.3,15.69353,350.702,24.8875,52.605
439,4,390.0,11901.4,0.30203,-58.0,29.716,4910.6,15.15354,273.291,30.7943,52.561
440,4,395.0,11584.6,0.3135,-58.0,28.523,5558.4,16.7497,271.358,39.745,53.523
441,4,400.0,11861.2,0.30346,-58.0,29.113,5084.8,16.66499,270.375,36.1828,52.209
442,4,405.0,11723.4,0.30842,-58.0,28.184,5402.8,17.11426,350.0,30.9446,53.386
443,4,410.0,11746.7,0.30758,-58.0,27.336,5288.0,16.3033,270.724,36.4305,53.059
444,4,415.0,11648.2,0.31116,-58.0,28.812,5229.9,16.57898,347.407,28.5694,52.135
445,4,420.0,11757.1,0.3072,-58.0,26.996,5179.8,15.83871,350.446,26.9387,56.367
446,4,425.0,11732.6,0.30809,-58.0,27.549,5203.9,16.1725,349.007,27.9382,51.726
447,4,430.0,11594.2,0.31315,-58.0,30.155,4998.9,16.03947,536.706,17.4963,53.009
448,4,435.0,11693.8,0.3095,-58.0,29.228,5574.1,18.00165,266.222,44.3853,53.088
449,4,440.0,11711.7,0.30885,-58.0,30.338,5595.6,17.56554,269.989,42.2286,52.451
450,4,445.0,11756.3,0.30723,-58.0,28.114,5078.3,16.85859,267.478,37.4271,52.214
451,4,450.0,11747.5,0.30755,-58.0,30.051,5443.2,17.43481,272.356,40.4158,54.759
452,4,455.0,11772.2,0.30666,-58.0,25.33,5074.9,17.09071,349.583,28.9953,55.424
453,4,460.0,11744.5,0.30766,-58.0,27.498,5673.2,17.94763,270.761,44.3303,55.447
454,4,465.0,11802.4,0.30557,-58.0,28.643,5798.1,18.04108,537.45,22.8246,54.501
455,4,470.0,11849.0,0.3039,-58.0,28.56,5458.7,17.51207,347.855,32.1363,54.71
456,4,475.0,11688.8,0.30968,-58.0,28.22,5863.5,18.78328,538.796,23.7574,55.274
457,4,480.0,11759.3,0.30712,-58.0,24.536,5669.3,17.31449,540.23,21.263,55.663
458,4,485.0,11783.6,0.30625,-58.0,28.73,5800.5,19.23611,541.389,24.3217,56.131
459,4,490.0,11911.7,0.30166,-58.0,29.941,6012.5,19.7756,351.581,40.2523,55.691
460,4,495.0,11692.5,0.30955,-58.0,28.853,5690.9,19.23187,542.502,23.8382,56.943
461,4,500.0,11875.7,0.30294,-58.0,27.425,5790.0,19.24661,271.632,48.1928,57.724
462,4,505.0,11792.3,0.30593,-58.0,29.229,5833.4,19.90242,272.241,50.735,59.492
463,4,510.0,12009.3,0.29822,-58.0,27.707,5708.0,20.26553,272.357,51.0411,57.378
464,4,515.0,11910.6,0.3017,-58.0,26.382,6066.2,19.39043,346.712,40.4218,59.524
465,4,520.0,11851.7,0.3038,-58.0,26.866,5841.2,19.86603,538.647,25.3945,59.91
466,4,525.0,12007.2,0.2983,-58.0,28.319,5742.2,19.43428,272.067,49.3218,60.329
467,4,530.0,11910.4,0.30171,-58.0,28.07,5905.9,19.57315,352.023,39.2885,62.423
468,4,535.0,11890.3,0.30243,-58.0,29.446,5925.3,19.72845,269.982,51.1127,60.516
469,4,540.0,12037.5,0.29723,-58.0,27.727,6103.5,19.94066,268.697,54.5787,62.625
470,4,545.0,12072.0,0.29603,-58.0,27.356,5989.4,19.94966,348.585,40.5799,62.964
471,4,550.0,12071.0,0.29606,-58.0,28.886,6092.9,20.49288,541.107,27.0591,61.845
472,4,555.0,12137.4,0.29376,-58.0,28.625,6080.0,18.46147,269.529,49.2806,63.346
473,4,560.0,11812.5,0.30521,-58.0,27.517,5953.0,19.4122,538.197,25.4846,62.469
474,4,565.0,12196.1,0.29174,-58.0,28.035,5791.0,18.89115,541.204,24.0644,62.936
475,4,570.0,12199.8,0.29161,-58.0,28.741,5659.1,18.59137,352.058,34.9632,65.04
476,4,575.0,12096.3,0.29518,-58.0,26.578,6033.5,19.54669,351.197,40.5775,64.518
477,4,580.0,11954.2,0.30016,-58.0,27.485,5396.1,16.69793,543.744,19.3976,66.36
478,4,585.0,12227.3,0.29067,-58.0,26.694,5786.0,19.3245,350.164,37.7621,66.784
479,4,590.0,12204.8,0.29144,-58.0,27.734,5613.9,18.72072,538.145,23.2327,66.266
480,4,595.0,12237.3,0.29033,-58.0,30.022,5839.5,18.81237,538.085,24.0734,66.057
481,5,0.0,15591.8,0.19566,-58.0,22.677,4522.8,12.49243,539.378,12.4465,37.117
482,5,5.0,15513.0,0.19748,-58.0,23.937,4227.1,13.83151,538.048,12.508,37.235
483,5,10.0,15700.2,0.19318,-58.0,25.814,4182.3,13.27755,272.486,23.7383,37.598
484,5,15.0,15677.9,0.19369,-58.0,24.703,3959.6,12.29195,350.494,16.3805,38.897
485,5,20.0,15615.4,0.19512,-58.0,25.19,3773.0,11.03375,272.404,17.9385,37.889
486,5,25.0,15734.8,0.19239,-58.0,26.496,4361.0,13.49767,270.378,25.3211,36.53
487,5,30.0,15697.6,0.19324,-58.0,22.788,4590.9,13.37415,545.717,12.9643,35.02
488,5,35.0,15849.1,0.18982,-58.0,25.723,4318.2,12.53655,347.566,18.3424,36.284
489,5,40.0,15851.5,0.18977,-58.0,22.587,4342.3,12.69642,353.172,18.4538,38.597
490,5,45.0,16028.6,0.18586,-58.0,21.961,3698.4,11.21422,539.644,9.0738,35.46
491,5,50.0,15964.5,0.18726,-58.0,28.55,4321.9,12.45967,348.492,17.9009,36.544
492,5,55.0,15793.3,0.19107,-58.0,22.239,4114.0,10.88495,271.149,19.7316,36.045
493,5,60.0,15741.7,0.19224,-58.0,24.132,4258.1,12.36312,268.147,23.756,38.661
494,5,65.0,15857.6,0.18963,-58.0,20.631,4205.4,11.95822,537.528,11.0761,37.725
495,5,70.0,15972.8,0.18708,-58.0,23.047,4654.3,14.7497,349.4,22.9009,37.551
496,5,75.0,15891.5,0.18888,-58.0,22.073,4220.9,12.03763,540.759,11.1114,34.927
497,5,80.0,16022.0,0.186,-58.0,23.554,4780.7,13.77389,270.167,28.5286,38.136
498,5,85.0,16058.5,0.1852,-58.0,22.878,4552.7,13.6979,272.092,26.6393,37.03
499,5,90.0,16110.9,0.18407,-58.0,23.194,4533.5,13.58585,349.836,20.097,35.162
500,5,95.0,15939.1,0.18782,-58.0,22.924,4214.4,12.93845,272.875,23.472,38.02
501,5,100.0,15996.0,0.18657,-58.0,22.503,4667.6,13.30325,268.319,27.2378,37.877
502,5,105.0,15850.5,0.18979,-58.0,25.434,4337.9,14.04331,542.501,12.8761,38.118
503,5,110.0,15930.2,0.18802,-58.0,27.279,4567.2,12.97569,351.033,19.7178,34.873
504,5,115.0,15885.3,0.18902,-58.0,25.631,4488.8,14.95776,353.325,21.9421,35.569
505,5,120.0,16058.3,0.18521,-58.0,21.853,4744.4,15.22669,349.725,23.7872,37.672
506,5,125.0,16101.5,0.18427,-58.0,24.373,4798.1,14.30392,538.422,15.2026,35.977
507,5,130.0,16023.3,0.18597,-58.0,22.756,4934.8,15.44949,538.108,16.3886,36.33
508,5,135.0,16009.7,0.18627,-58.0,25.905,5241.0,15.63216,267.219,35.3899,38.55
509,5,140.0,16098.6,0.18433,-58.0,22.909,5167.5,16.13286,349.196,27.1604,36.84
510,5,145.0,16047.6,0.18544,-58.0,24.336,5051.5,14.61904,274.473,30.6882,38.166
511,5,150.0,16069.5,0.18496,-58.0,23.559,4890.9,14.34533,351.797,22.6031,34.57
512,5,155.0,16033.8,0.18574,-58.0,24.821,4614.8,14.99472,270.071,29.1939,35.859
513,5,160.0,15982.3,0.18687,-58.0,23.561,5185.4,15.50016,269.526,34.5168,36.017
514,5,165.0,16056.9,0.18524,-58.0,23.812,4958.4,14.57055,540.285,15.106,36.683
515,5,170.0,16088.7,0.18455,-58.0,24.663,5276.8,16.79462,535.499,19.0406,37.843
516,5,175.0,16079.3,0.18475,-58.0,23.154,5085.3,16.10946,270.212,34.858,37.078
517,5,180.0,16088.9,0.18454,-58.0,21.18,4783.1,15.39412,542.294,15.8318,37.65
518,5,185.0,16168.2,0.18283,-58.0,25.818,5163.6,16.45404,536.599,18.2009,37.031
519,5,190.0,15985.9,0.18679,-58.0,25.018,5088.2,15.93714,270.5,34.8636,37.529
520,5,195.0,16137.9,0.18348,-58.0,24.104,5150.6,15.51335,356.17,26.0902,36.638
521,5,200.0,15919.0,0.18827,-58.0,26.058,5332.7,17.53778,348.637,30.4587,39.61
522,5,205.0,16074.0,0.18487,-58.0,22.867,4954.4,15.9066,351.647,25.8688,38.894
523,5,210.0,16154.5,0.18312,-58.0,22.492,4887.6,14.61001,352.918,23.3972,36.923
524,5,215.0,15822.8,0.19041,-58.0,22.867,4972.2,16.66424,268.968,36.2193,37.963
525,5,220.0,15852.7,0.18974,-58.0,22.301,5049.8,14.72052,270.82,31.7086,37.899
526,5,225.0,15937.5,0.18786,-58.0,23.52,5135.3,15.79639,538.965,17.4984,36.094
527,5,230.0,15858.1,0.18962,-58.0,23.071,4544.4,12.86549,350.276,19.2817,37.307
528,5,235.0,15794.8,0.19104,-58.0,24.301,4306.8,15.37514,269.304,28.5423,38.45
529,5,240.0,15898.2,0.18873,-58.0,24.904,4605.2,14.84533,349.071,22.5382,38.569
530,5,245.0,15889.2,0.18893,-58.0,25.88,4249.2,14.2722,352.526,20.0334,37.762
531,5,250.0,15869.1,0.18938,-58.0,24.331,5058.8,15.57647,272.427,32.9802,36.95
532,5,255.0,15809.0,0.19072,-58.0,24.874,4491.8,14.58358,350.629,21.7458,38.477
533,5,260.0,15783.0,0.19131,-58.0,22.324,4780.1,14.60278,348.604,23.3002,38.911
534,5,265.0,15708.6,0.19299,-58.0,23.433,4962.3,14.21979,267.444,30.0153,39.236
535,5,270.0,15781.2,0.19135,-58.0,27.694,4443.7,12.58021,351.085,18.9502,37.651
536,5,275.0,15726.1,0.19259,-58.0,25.051,4663.1,13.17675,269.475,26.1969,39.17
537,5,280.0,15855.0,0.18969,-58.0,21.459,4499.1,13.40465,542.684,12.8612,37.808
538,5,285.0,15662.2,0.19404,-58.0,24.54,4205.5,12.95341,349.361,18.1485,38.661
539,5,290.0,15614.8,0.19513,-58.0,24.293,4271.3,13.88611,269.074,25.5545,37.922
540,5,295.0,15712.4,0.1929,-58.0,22.23,4597.9,13.34335,268.797,26.371,39.59
541,5,300.0,15524.5,0.19721,-58.0,23.731,4444.5,12.95157,540.362,12.1974,37.865
542,5,305.0,15691.3,0.19338,-58.0,25.279,4695.1,15.23148,350.033,24.037,36.622
543,5,310.0,15576.1,0.19602,-58.0,23.963,4524.5,12.16765,350.061,18.4973,38.745
544,5,315.0,15688.2,0.19345,-58.0,24.85,4367.2,12.86921,346.989,19.1759,38.797
545,5,320.0,15459.2,0.19873,-58.0,23.706,3998.5,11.48086,347.78,15.5798,39.437
546,5,325.0,15560.4,0.19638,-58.0,26.364,4502.6,11.88813,270.745,23.3231,37.705
547,5,330.0,15440.4,0.19917,-58.0,23.938,4237.5,11.8584,544.423,10.9053,37.246
548,5,335.0,15469.7,0.19849,-58.0,23.338,4101.2,12.32929,350.174,16.9938,38.178
549,5,340.0,15285.2,0.20284,-58.0,25.252,4236.8,13.00177,351.126,18.5097,36.25
550,5,345.0,15436.3,0.19927,-58.0,25.948,3925.3,13.45239,345.804,18.1792,36.603
551,5,350.0,15316.8,0.20209,-58.0,25.032,4193.0,11.9195,541.285,11.2533,38.327
552,5,355.0,15278.2,0.20301,-58.0,22.685,4514.9,13.62509,266.055,27.0542,38.608
553,5,360.0,15295.3,0.2026,-58.0,26.287,4383.9,13.75126,272.232,25.7147,37.496
554,5,365.0,15282.3,0.20291,-58.0,26.455,4429.4,14.26026,541.675,13.405,38.6
555,5,370.0,15384.0,0.2005,-58.0,27.178,4317.1,12.81947,538.09,12.1535,38.196
556,5,375.0,15142.3,0.20628,-58.0,28.594,4432.0,13.44685,539.434,12.8184,36.672
557,5,380.0,15281.7,0.20293,-58.0,27.101,4402.3,13.48956,539.86,12.9384,37.413
558,5,385.0,15420.8,0.19963,-58.0,26.175,4787.1,14.1893,266.441,29.6601,34.873
559,5,390.0,15184.7,0.20526,-58.0,25.339,4475.1,14.76431,541.161,14.1107,37.012
560,5,395.0,15181.0,0.20535,-58.0,25.039,4600.8,14.1528,269.896,28.6075,38.226
561,5,400.0,15359.8,0.20107,-58.0,23.993,4651.5,14.20456,270.541,28.1685,40.346
562,5,405.0,15181.3,0.20534,-58.0,25.132,4730.7,13.83826,268.335,27.9367,37.831
563,5,410.0,15138.3,0.20638,-58.0,24.213,4844.9,14.49657,542.733,14.8026,36.892
564,5,415.0,15104.6,0.2072,-58.0,26.072,4849.2,15.30737,272.155,31.7495,37.702
565,5,420.0,15209.4,0.20466,-58.0,23.62,4509.7,14.27715,270.437,27.8399,36.501
566,5,425.0,15203.1,0.20481,-58.0,27.625,4939.7,14.65529,267.759,30.7885,37.703
567,5,430.0,15135.7,0.20644,-58.0,25.229,4566.1,14.88388,539.031,14.5559,37.423
568,5,435.0,15192.9,0.20506,-58.0,26.349,4672.4,13.9056,349.212,21.3449,39.385
569,5,440.0,15201.9,0.20484,-58.0,24.818,4966.8,14.94868,540.901,15.502,36.976
570,5,445.0,15157.8,0.20591,-58.0,27.009,4999.7,15.96744,352.127,25.9022,37.743
571,5,450.0,15253.1,0.20361,-58.0,26.094,4864.2,15.57373,538.87,15.6725,37.695
572,5,455.0,15101.5,0.20727,-58.0,22.611,5073.7,14.98109,343.182,25.3146,38.002
573,5,460.0,15221.4,0.20437,-58.0,24.641,4677.4,14.6826,348.824,22.9732,37.195
574,5,465.0,15155.5,0.20596,-58.0,24.212,4908.9,15.72206,271.387,32.7122,38.687
575,5,470.0,15106.0,0.20717,-58.0,26.643,5179.7,16.34033,270.805,36.0079,37.955
576,5,475.0,15289.4,0.20274,-58.0,22.163,4949.0,15.63247,348.89,25.7323,37.181
577,5,480.0,15154.0,0.206,-58.0,27.728,4930.3,15.20503,347.461,24.7638,36.928
578,5,485.0,15119.3,0.20684,-58.0,25.921,5028.4,15.64789,270.373,33.5842,36.478
579,5,490.0,15085.5,0.20766,-58.0,24.675,5151.1,17.04857,268.052,37.9547,40.243
580,5,495.0,15081.8,0.20776,-58.0,25.244,4531.3,14.94645,351.319,22.4831,37.083
581,5,500.0,15201.9,0.20484,-58.0,24.742,4834.6,14.63644,348.971,23.3308,38.374
582,5,505.0,14977.3,0.21033,-58.0,24.335,5043.7,14.77451,272.986,31.5712,39.927
583,5,510.0,15238.2,0.20397,-58.0,24.779,4950.6,15.20556,267.53,32.8118,39.998
584,5,515.0,15262.6,0.20338,-58.0,24.67,5103.5,16.36473,349.832,27.6894,37.546
585,5,520.0,15340.6,0.20153,-58.0,24.536,4712.9,15.23361,349.603,23.6881,38.174
586,5,525.0,15285.0,0.20285,-58.0,25.08,5205.3,15.28194,543.399,16.9088,39.296
587,5,530.0,15452.5,0.19889,-58.0,23.999,5071.1,14.98254,269.575,32.8631,37.705
588,5,535.0,15376.2,0.20068,-58.0,25.416,4611.7,14.50602,347.33,21.8736,38.141
589,5,540.0,15370.9,0.20081,-58.0,23.201,4655.2,13.92804,273.206,27.4276,37.108
590,5,545.0,15403.6,0.20004,-58.0,25.965,4878.1,14.96726,267.962,31.8352,38.423
591,5,550.0,15287.5,0.20279,-58.0,24.467,4865.5,15.28517,350.007,24.8142,38.091
592,5,555.0,15341.2,0.20151,-58.0,27.202,4715.2,14.69334,537.911,14.5468,38.104
593,5,560.0,15403.0,0.20005,-58.0,24.78,4611.9,12.96401,345.325,20.2858,36.775
594,5,565.0,15553.2,0.19655,-58.0,24.916,4290.7,14.0034,273.849,25.3481,36.323
595,5,570.0,15583.8,0.19584,-58.0,26.422,4924.5,14.76651,270.072,30.7317,38.063
596,5,575.0,15556.7,0.19647,-58.0,26.721,4367.0,13.4671,270.372,25.1864,39.382
597,5,580.0,15487.8,0.19807,-58.0,23.822,4436.8,14.65252,538.377,14.1687,37.872
598,5,585.0,15680.6,0.19362,-58.0,23.997,4487.1,13.51103,541.918,13.085,35.136
599,5,590.0,15664.0,0.194,-58.0,24.957,4780.0,13.97383,537.788,14.2995,36.818
600,5,595.0,15615.5,0.19511,-58.0,23.661,4302.3,13.67084,535.205,12.8377,38.752
601,6,0.0,18980.4,0.13133,-58.0,23.858,3528.3,9.25618,345.276,11.7498,31.293
602,6,5.0,19009.0,0.13089,-58.0,20.362,3845.1,10.23186,539.839,8.6955,32.045
603,6,10.0,18993.8,0.13112,-58.0,26.309,3819.1,9.99533,348.972,12.4692,33.277
604,6,15.0,19155.0,0.12866,-58.0,19.831,3758.9,10.61519,541.111,9.0563,32.781
605,6,20.0,19009.1,0.13089,-58.0,23.09,3919.9,10.87205,273.466,18.5682,29.874
606,6,25.0,19114.9,0.12927,-58.0,21.111,3740.4,9.81585,273.123,15.9299,31.607
607,6,30.0,19184.7,0.12821,-58.0,23.577,3847.3,10.58933,268.244,18.0046,30.819
608,6,35.0,19204.0,0.12792,-58.0,23.14,3515.0,10.30266,347.989,12.5774,32.546
609,6,40.0,19102.9,0.12945,-58.0,22.76,3862.3,11.11949,347.01,14.9508,31.081
610,6,45.0,19336.6,0.12594,-58.0,22.126,4231.4,10.42647,351.233,15.0545,30.446
611,6,50.0,19182.0,0.12825,-58.0,23.319,4054.5,12.07444,269.049,21.1035,32.779
612,6,55.0,19418.5,0.12473,-58.0,20.773,4108.1,11.83747,348.118,16.469,28.831
613,6,60.0,19239.6,0.12738,-58.0,23.037,3924.6,11.19612,269.37,19.4911,31.273
614,6,65.0,19179.3,0.12829,-58.0,22.065,4188.2,12.78937,540.535,11.9229,31.961
615,6,70.0,19257.0,0.12713,-58.0,21.787,4050.7,10.87739,544.446,9.38,32.528
616,6,75.0,19302.6,0.12644,-58.0,22.221,4505.0,12.22821,538.124,12.2582,32.139
617,6,80.0,19392.0,0.12512,-58.0,23.471,4341.3,13.01881,348.376,19.0749,31.095
618,6,85.0,19473.3,0.12393,-58.0,23.141,4188.6,12.90549,271.562,23.2688,30.945
619,6,90.0,19320.7,0.12618,-58.0,23.09,4259.0,13.20797,350.882,18.4339,30.77
620,6,95.0,19335.6,0.12595,-58.0,22.459,4547.1,12.53677,539.458,12.4911,28.634
621,6,100.0,19302.7,0.12644,-58.0,24.314,4186.0,12.45225,349.995,17.6864,32.019
622,6,105.0,19435.3,0.12449,-58.0,19.897,4462.3,13.08865,349.109,19.5945,30.711
623,6,110.0,19371.5,0.12542,-58.0,22.335,4509.3,13.87678,270.486,26.9558,32.078
624,6,115.0,19559.0,0.12269,-58.0,22.774,4613.9,13.79781,266.943,27.9606,29.787
625,6,120.0,19313.4,0.12628,-58.0,23.844,4682.9,13.34662,271.754,26.8037,31.751
626,6,125.0,19241.1,0.12736,-58.0,23.615,4360.5,13.24326,352.551,18.7427,31.988
627,6,130.0,19506.1,0.12345,-58.0,24.136,5003.0,14.90499,266.137,32.2829,31.581
628,6,135.0,19319.1,0.1262,-58.0,20.724,4256.3,12.36562,352.743,17.3489,32.954
629,6,140.0,19520.4,0.12325,-58.0,21.411,4354.6,12.5138,350.872,17.9329,30.809
630,6,145.0,19500.4,0.12354,-58.0,24.92,4157.9,12.5735,271.254,22.8103,31.514
631,6,150.0,19633.5,0.12162,-58.0,21.36,4389.7,13.29212,271.658,24.8892,32.214
632,6,155.0,19545.0,0.12289,-58.0,24.699,4407.9,12.63376,268.882,24.2668,29.698
633,6,160.0,19317.0,0.12623,-58.0,20.719,4190.9,12.89106,349.932,17.9661,29.543
634,6,165.0,19355.8,0.12566,-58.0,22.575,4142.3,13.11867,538.5,11.9869,31.263
635,6,170.0,19518.3,0.12328,-58.0,25.267,4299.4,12.76969,347.897,18.6699,32.195
636,6,175.0,19510.4,0.12339,-58.0,20.492,4066.3,12.27933,348.546,16.6794,32.165
637,6,180.0,19668.4,0.12112,-58.0,21.525,4125.6,11.97393,538.525,10.6444,33.122
638,6,185.0,19449.9,0.12427,-58.0,20.837,4281.1,12.60794,270.914,23.2844,31.425
639,6,190.0,19462.6,0.12409,-58.0,19.199,4212.0,12.28814,274.777,21.6751,29.478
640,6,195.0,19366.3,0.1255,-58.0,25.131,4018.3,12.03258,273.123,21.0296,31.561
641,6,200.0,19381.4,0.12528,-58.0,22.094,4165.7,12.18263,349.193,16.7992,31.729
642,6,205.0,19307.1,0.12638,-58.0,22.648,4107.1,11.05302,540.427,9.6345,30.799
643,6,210.0,19259.0,0.1271,-58.0,20.821,3954.7,11.18392,347.967,15.4341,31.577
644,6,215.0,19367.6,0.12548,-58.0,23.671,4017.4,11.3867,267.534,20.6312,29.902
645,6,220.0,19358.2,0.12562,-58.0,22.347,4162.5,12.43317,267.184,22.7529,30.189
646,6,225.0,19426.9,0.12461,-58.0,21.251,3840.4,10.56352,541.415,8.733,32.275
647,6,230.0,19115.6,0.12926,-58.0,21.946,3524.6,9.84535,266.768,15.3305,30.706
648,6,235.0,19445.5,0.12434,-58.0,20.402,3229.0,9.77286,544.704,7.2842,32.336
649,6,240.0,19194.1,0.12807,-58.0,21.723,4172.2,12.11741,346.865,17.2741,31.747
650,6,245.0,19243.5,0.12733,-58.0,23.179,3722.8,9.98803,355.862,12.2453,30.881
651,6,250.0,19102.7,0.12945,-58.0,24.788,3957.0,10.64627,350.522,14.5144,33.879
652,6,255.0,19223.2,0.12763,-58.0,21.508,4021.7,10.97584,267.096,19.9492,33.445
653,6,260.0,19295.0,0.12656,-58.0,20.582,3621.6,9.68935,350.439,12.0078,30.91
654,6,265.0,19098.3,0.12952,-58.0,23.717,3836.9,11.25987,540.394,9.2863,30.237
655,6,270.0,19144.1,0.12882,-58.0,24.176,3707.2,9.22147,271.356,14.7993,31.569
656,6,275.0,19207.8,0.12786,-58.0,21.26,3542.1,10.69693,350.608,12.9071,31.661
657,6,280.0,19052.9,0.13021,-58.0,20.906,3337.8,9.94674,269.837,14.795,31.368
658,6,285.0,19175.1,0.12835,-58.0,20.995,3242.0,10.77476,265.394,15.6961,30.747
659,6,290.0,18993.7,0.13112,-58.0,21.131,3381.0,11.21685,347.426,13.3166,30.249
660,6,295.0,18858.8,0.13322,-58.0,20.207,3621.5,10.57046,539.62,8.4372,29.394
661,6,300.0,19017.7,0.13075,-58.0,22.253,3862.0,10.80108,540.871,8.9804,30.871
662,6,305.0,18976.0,0.1314,-58.0,21.663,3694.6,10.76011,352.919,13.3619,28.338
663,6,310.0,19039.2,0.13042,-58.0,22.039,3542.1,10.44577,349.239,12.6835,30.43
664,6,315.0,18924.8,0.13219,-58.0,25.018,3905.9,10.53204,351.127,14.2314,30.918
665,6,320.0,18889.2,0.13275,-58.0,23.677,3295.9,9.47219,348.001,11.0873,28.803
666,6,325.0,18992.2,0.13115,-58.0,19.786,3420.7,10.71286,347.066,12.6347,29.507
667,6,330.0,18904.0,0.13251,-58.0,21.819,3829.6,11.3513,348.346,15.0403,30.861
668,6,335.0,18792.4,0.13427,-58.0,20.533,3858.9,9.12552,351.472,12.0783,30.544
669,6,340.0,18811.6,0.13396,-58.0,22.355,4069.3,9.77897,538.98,9.0015,27.342
670,6,345.0,18891.8,0.1327,-58.0,23.977,3629.8,11.34624,268.569,18.1401,31.661
671,6,350.0,18595.3,0.13742,-58.0,22.504,3834.4,11.70221,541.705,9.9365,28.868
672,6,355.0,18705.1,0.13565,-58.0,21.864,4137.9,12.46056,537.441,11.096,29.316
673,6,360.0,18731.9,0.13522,-58.0,22.004,4257.2,12.71328,347.361,18.6011,29.882
674,6,365.0,18786.5,0.13436,-58.0,20.591,4181.0,12.35314,270.148,22.3976,30.405
675,6,370.0,18665.0,0.13629,-58.0,22.435,4501.9,11.57811,273.469,22.4995,33.367
676,6,375.0,18677.2,0.1361,-58.0,22.064,4424.0,12.7601,269.276,24.481,30.699
677,6,380.0,18758.8,0.1348,-58.0,19.796,4177.0,12.54377,349.578,17.6277,32.727
678,6,385.0,18617.7,0.13705,-58.0,21.1,4318.4,12.6121,350.963,18.0185,29.943
679,6,390.0,18723.0,0.13537,-58.0,22.507,4370.1,12.52151,541.47,11.8613,29.684
680,6,395.0,18609.0,0.1372,-58.0,23.24,4208.7,12.61582,541.622,11.5866,29.52
681,6,400.0,18715.3,0.13549,-58.0,24.229,4350.0,11.33262,349.491,16.61,30.784
682,6,405.0,18611.5,0.13715,-58.0,22.658,4386.9,13.21102,538.91,12.6499,30.437
683,6,410.0,18699.3,0.13575,-58.0,23.834,4572.5,14.91315,273.887,28.9575,30.907
684,6,415.0,18575.6,0.13774,-58.0,21.52,4481.9,13.01696,540.989,12.7184,32.066
685,6,420.0,18596.1,0.1374,-58.0,20.884,4410.2,12.69392,269.049,24.2827,30.256
686,6,425.0,18586.7,0.13756,-58.0,20.016,4503.9,13.56373,350.842,20.3194,29.877
687,6,430.0,18457.4,0.13966,-58.0,20.036,3979.2,12.92991,350.3,17.027,30.156
688,6,435.0,18493.5,0.13907,-58.0,22.365,4459.8,12.4887,541.217,12.0579,30.603
689,6,440.0,18509.2,0.13881,-58.0,20.987,4682.7,13.03568,351.926,20.3569,30.93
690,6,445.0,18388.9,0.14079,-58.0,23.705,4482.8,13.25904,349.115,19.6159,29.854
691,6,450.0,18408.1,0.14048,-58.0,20.589,4697.3,13.14381,269.369,26.8808,29.821
692,6,455.0,18715.7,0.13548,-58.0,22.941,4414.3,13.16031,270.84,24.7059,32.042
693,6,460.0,18494.7,0.13905,-58.0,21.557,4478.7,13.62094,270.287,25.9062,31.156
694,6,465.0,18738.9,0.13511,-58.0,22.402,4124.6,12.4367,540.739,11.3581,31.532
695,6,470.0,18576.9,0.13771,-58.0,22.182,4627.5,12.34398,268.09,24.847,30.598
696,6,475.0,18677.8,0.13609,-58.0,22.284,3936.0,11.68684,269.113,19.9579,29.91
697,6,480.0,18575.7,0.13773,-58.0,22.256,4231.7,11.90138,352.308,16.6175,30.315
698,6,485.0,18622.8,0.13697,-58.0,23.567,4309.4,12.42659,539.878,11.7444,29.627
699,6,490.0,18585.9,0.13757,-58.0,18.882,4189.3,12.80035,348.229,18.1045,29.546
700,6,495.0,18680.1,0.13605,-58.0,22.632,4212.6,12.00034,270.043,22.2232,31.639
701,6,500.0,18688.5,0.13592,-58.0,21.719,4398.7,11.9626,271.519,22.6335,32.189
702,6,505.0,18600.5,0.13733,-58.0,21.852,3692.3,10.99987,271.347,18.0249,32.099
703,6,510.0,18593.7,0.13744,-58.0,25.087,4113.5,10.98014,540.983,10.0269,30.551
704,6,515.0,18662.8,0.13633,-58.0,22.292,3819.1,9.98825,352.751,12.7047,30.37
705,6,520.0,18815.1,0.13391,-58.0,23.164,3818.3,11.64239,540.915,9.8447,30.378
706,6,525.0,18706.3,0.13563,-58.0,21.417,4119.1,9.88306,352.4,13.9854,31.214
707,6,530.0,18611.2,0.13716,-58.0,24.314,3750.6,10.30421,537.051,8.5247,30.204
708,6,535.0,18952.6,0.13176,-58.0,20.645,3689.1,10.37293,353.023,12.8574,31.632
709,6,540.0,18822.1,0.1338,-58.0,20.448,4021.6,12.57164,350.049,16.5596,29.409
710,6,545.0,18644.0,0.13663,-58.0,23.661,3899.7,9.6608,350.111,13.1028,31.674
711,6,550.0,18762.5,0.13474,-58.0,20.722,3796.8,9.90691,270.697,16.486,29.245
712,6,555.0,18729.2,0.13527,-58.0,21.713,3703.9,10.04373,535.213,7.9252,29.078
713,6,560.0,18834.7,0.1336,-58.0,24.503,3602.3,10.00167,349.377,12.3748,30.305
714,6,565.0,18883.8,0.13283,-58.0,22.912,3790.4,10.37068,541.135,8.9441,30.315
715,6,570.0,18962.2,0.13161,-58.0,24.101,3429.2,8.83104,269.912,13.3722,29.801
716,6,575.0,19110.1,0.12934,-58.0,22.252,3398.6,9.92376,540.541,7.1996,29.823
717,6,580.0,18899.3,0.13259,-58.0,24.253,3956.3,11.88767,268.264,21.0535,29.748
718,6,585.0,18824.6,0.13376,-58.0,23.841,3601.3,9.06995,272.182,14.3359,30.851
719,6,590.0,18758.3,0.13481,-58.0,24.107,3694.8,9.44876,348.598,12.2956,30.641
720,6,595.0,19081.0,0.12978,-58.0,21.562,3562.6,10.30273,270.508,15.9369,30.022
