sample_id,winding_resistance_ohm,output_power_w,loss_power_w,efficiency,torque_limit_nm,overcurrent,overheating,overspeed,low_efficiency,torque_violation,violation_count,current_margin_a,temperature_margin_c,speed_margin_rpm,mode_label
1,0.19726,147.887,39.806,0.78792,0.09564,0,0,0,0,0,0,3.1736,30.124,40403.4,allowed
2,0.199304,43.583,19.611,0.68967,0.1117,0,0,0,0,0,0,9.7136,26.737,55000.0,allowed
3,0.198334,134.565,47.587,0.73875,0.0567,0,0,0,0,0,0,7.2548,29.9,5000.0,allowed
4,0.205271,54.933,15.717,0.77754,0.11053,0,0,0,0,0,0,7.99,17.147,53937.8,allowed
5,0.19573,47.318,15.977,0.74758,0.1117,0,0,0,0,0,0,9.9517,33.745,55000.0,allowed
6,0.200048,228.009,103.591,0.6876,0.0713,0,0,0,0,0,0,4.0811,25.738,18274.9,allowed
7,0.192555,151.257,56.593,0.72772,0.06304,0,0,0,0,0,0,2.0251,33.437,10761.0,allowed
8,0.202929,176.546,62.784,0.73767,0.0567,0,0,0,0,0,0,4.3159,20.208,5000.0,allowed
9,0.200476,152.57,74.176,0.67287,0.05861,0,0,0,0,0,0,1.5,25.65,6735.6,allowed
10,0.203706,52.613,19.191,0.73273,0.1117,0,0,0,0,0,0,9.8027,18.916,55000.0,allowed
11,0.19315,109.31,30.738,0.78052,0.09532,0,0,0,0,0,0,8.0786,36.422,40109.5,allowed
12,0.200178,198.623,101.974,0.66076,0.05717,0,0,0,0,0,0,4.832,25.481,5426.0,allowed
13,0.194922,186.178,72.544,0.71961,0.07767,0,0,0,0,0,0,5.6121,32.428,24060.1,allowed
14,0.208152,136.507,35.887,0.79183,0.05797,0,0,0,0,0,0,7.4126,12.076,6154.8,allowed
15,0.198098,59.128,20.688,0.74081,0.10881,0,0,0,0,0,0,9.3396,30.03,52368.2,allowed
16,0.203853,56.455,17.626,0.76207,0.1117,0,0,0,0,0,0,9.7711,17.244,55000.0,allowed
17,0.203579,135.394,47.234,0.74136,0.08132,0,0,0,0,0,0,3.5385,21.057,27382.3,allowed
18,0.201449,164.891,96.43,0.63099,0.07201,0,0,0,0,0,0,5.5095,23.225,18917.6,allowed
19,0.200384,88.793,33.51,0.72601,0.10532,0,0,0,0,0,0,7.6228,25.705,49200.0,allowed
20,0.204546,54.845,30.571,0.64209,0.11145,0,0,0,0,0,0,8.6503,18.601,54775.9,allowed
21,0.210402,72.544,22.497,0.76329,0.10703,0,0,0,0,0,0,8.3272,11.492,50750.5,allowed
22,0.19409,118.155,51.471,0.69656,0.09144,0,0,0,0,0,0,6.3111,34.309,36578.0,allowed
23,0.203024,156.994,74.253,0.6789,0.0567,0,0,0,0,0,0,6.1988,19.491,5000.0,allowed
24,0.20342,39.961,17.946,0.6901,0.1117,0,0,0,0,0,0,9.811,20.096,55000.0,allowed
25,0.20448,142.494,36.894,0.79434,0.0935,0,0,0,0,0,0,7.2483,18.03,38458.4,allowed
26,0.198638,107.698,50.048,0.68273,0.1038,0,0,0,0,0,0,7.7144,26.684,47817.5,allowed
27,0.19993,146.998,78.323,0.65239,0.063,0,0,0,0,0,0,1.5,26.556,10723.0,allowed
28,0.193361,173.491,101.329,0.63129,0.06811,0,0,0,0,0,0,6.4456,33.697,15371.9,allowed
29,0.204334,103.213,25.988,0.79885,0.1062,0,0,0,0,0,0,8.3113,20.14,50002.8,allowed
30,0.19516,231.981,88.516,0.72382,0.06572,0,0,0,0,0,0,5.5576,33.395,13203.5,allowed
31,0.193581,155.05,66.167,0.7009,0.06017,0,0,0,0,0,0,4.8175,35.913,8155.7,allowed
32,0.191195,149.883,89.359,0.62649,0.06128,0,0,0,0,0,0,6.0318,37.398,9162.2,allowed
33,0.198705,116.533,41.087,0.73933,0.09645,0,0,0,0,0,0,7.7126,27.257,41132.7,allowed
34,0.204462,108.06,29.812,0.78377,0.10251,0,0,0,0,0,0,7.2302,16.317,46641.3,allowed
35,0.194453,218.465,81.605,0.72805,0.07046,0,0,0,0,0,0,2.7082,31.367,17512.4,allowed
36,0.195728,96.957,45.238,0.68186,0.09492,0,0,0,0,0,0,8.0821,32.818,39744.9,allowed
37,0.191623,56.965,16.928,0.77091,0.10505,0,0,0,0,0,0,9.472,34.739,48952.9,allowed
38,0.192281,211.003,64.694,0.76534,0.0567,0,0,0,0,0,0,3.2983,34.909,5000.0,allowed
39,0.205546,96.257,55.082,0.63603,0.08907,0,0,0,0,0,0,6.8204,18.544,34426.8,allowed
40,0.196121,151.623,44.484,0.77316,0.061,0,0,0,0,0,0,6.9432,32.804,8905.9,allowed
41,0.195152,198.507,69.371,0.74103,0.08666,0,0,0,0,0,0,6.5241,32.896,32232.7,allowed
42,0.198733,142.68,51.138,0.73615,0.08219,0,0,0,0,0,0,2.7398,26.787,28169.1,allowed
43,0.191393,235.519,82.438,0.74073,0.0567,0,0,0,0,0,0,2.1941,37.225,5000.0,allowed
44,0.208446,177.566,77.546,0.69603,0.09175,0,0,0,0,0,0,6.7301,13.895,36866.3,allowed
45,0.194276,111.505,47.573,0.70095,0.08669,0,0,0,0,0,0,6.5204,34.745,32268.0,allowed
46,0.205347,173.629,106.246,0.62038,0.0891,0,0,0,0,0,0,6.3529,17.23,34457.4,allowed
47,0.199126,149.992,86.526,0.63417,0.0567,0,0,0,0,0,0,5.9837,26.842,5000.0,allowed
48,0.201726,149.359,72.969,0.67179,0.08628,0,0,0,0,0,0,1.5,25.157,31888.3,allowed
49,0.207308,204.571,70.011,0.74503,0.0567,0,0,0,0,0,0,5.2378,13.589,5000.0,allowed
50,0.202417,102.676,36.553,0.73746,0.10428,0,0,0,0,0,0,8.66,21.276,48258.4,allowed
51,0.193512,173.568,77.644,0.69092,0.06145,0,0,0,0,0,0,3.9688,36.029,9315.7,allowed
52,0.198629,74.217,27.453,0.72998,0.11024,0,0,0,0,0,0,8.8762,26.604,53671.6,allowed
53,0.20248,133.427,59.399,0.69195,0.0567,0,0,0,0,0,0,5.663,23.575,5000.0,allowed
54,0.201222,247.208,125.867,0.66262,0.0622,0,0,0,0,0,0,3.2089,24.115,10004.4,allowed
55,0.208235,72.107,26.989,0.72765,0.11099,0,0,0,0,0,0,8.247,14.016,54351.8,allowed
56,0.198968,220.869,75.838,0.7444,0.0567,0,0,0,0,0,0,2.6599,30.517,5000.0,allowed
57,0.205268,146.042,83.514,0.63619,0.07316,0,0,0,0,0,0,4.7522,18.682,19961.5,allowed
58,0.20507,51.908,28.16,0.6483,0.1117,0,0,0,0,0,0,7.6232,16.513,55000.0,allowed
59,0.2016,120.349,34.285,0.77829,0.09417,0,0,0,0,0,0,7.7817,24.803,39066.3,allowed
60,0.201156,37.574,16.509,0.69475,0.1117,0,0,0,0,0,0,9.4534,23.372,55000.0,allowed
61,0.193428,155.586,68.595,0.69402,0.07372,0,0,0,0,0,0,7.2572,36.808,20470.4,allowed
62,0.196236,170.684,53.393,0.76172,0.07603,0,0,0,0,0,0,1.5,28.502,22572.1,allowed
63,0.202541,214.037,99.925,0.68173,0.05881,0,0,0,0,0,0,2.088,20.964,6914.9,allowed
64,0.19282,178.393,95.4,0.65156,0.07311,0,0,0,0,0,0,3.3872,37.635,19921.6,allowed
65,0.197914,171.497,47.7,0.78239,0.08612,0,0,0,0,0,0,4.9198,24.361,31744.6,allowed
66,0.205792,90.758,53.82,0.62775,0.10804,0,0,0,0,0,0,6.985,18.282,51670.6,allowed
67,0.199657,140.323,47.396,0.74752,0.08239,0,0,0,0,0,0,5.6613,26.015,28350.4,allowed
68,0.201611,148.408,72.03,0.67324,0.0973,0,0,0,0,0,0,7.3588,24.215,41913.3,allowed
69,0.199858,220.85,69.056,0.7618,0.07437,0,0,0,0,0,0,3.0367,23.791,21067.5,allowed
70,0.191091,178.958,108.347,0.62288,0.08797,0,0,0,0,0,0,2.926,36.93,33428.5,allowed
71,0.194172,53.066,16.16,0.76656,0.11048,0,0,0,0,0,0,9.0679,32.175,53889.2,allowed
72,0.207082,124.902,76.436,0.62036,0.0567,0,0,0,0,0,0,6.7796,16.118,5000.0,allowed
73,0.204893,125.967,55.588,0.69382,0.10037,0,0,0,0,0,0,5.9709,20.997,44701.0,allowed
74,0.198377,124.005,56.05,0.68871,0.10069,0,0,0,0,0,0,3.5074,29.354,44990.4,allowed
75,0.204837,82.959,39.634,0.6767,0.09696,0,0,0,0,0,0,8.439,21.601,41596.5,allowed
76,0.20057,185.52,104.871,0.63886,0.06281,0,0,0,0,0,0,5.034,27.48,10551.8,allowed
77,0.200464,215.124,56.416,0.79224,0.07073,0,0,0,0,0,0,5.2785,22.834,17752.0,allowed
78,0.194223,51.465,15.723,0.76599,0.11168,0,0,0,0,0,0,8.1843,33.287,54986.1,allowed
79,0.200635,127.472,46.849,0.73125,0.07139,0,0,0,0,0,0,3.9129,21.287,18358.6,allowed
80,0.211866,176.83,51.274,0.77522,0.05824,0,0,0,0,0,0,1.5,9.313,6396.1,allowed
81,0.207492,89.806,28.53,0.7589,0.10625,0,0,0,0,0,0,7.7256,12.709,50044.1,allowed
82,0.190324,188.101,66.107,0.73995,0.06951,0,0,0,0,0,0,4.0811,37.915,16648.9,allowed
83,0.202899,208.133,52.842,0.79752,0.06586,0,0,0,0,0,0,5.535,21.804,13324.1,allowed
84,0.209829,125.16,55.697,0.69204,0.07267,0,0,0,0,0,0,5.9692,9.848,19514.1,allowed
85,0.20242,234.384,107.856,0.68485,0.07459,0,0,0,0,0,0,3.8454,21.656,21265.5,allowed
86,0.203676,85.614,48.551,0.63812,0.102,0,0,0,0,0,0,8.7694,21.224,46181.0,allowed
87,0.202328,94.992,40.31,0.70207,0.10469,0,0,0,0,0,0,8.1967,25.037,48626.3,allowed
88,0.190853,140.352,66.679,0.67793,0.0567,0,0,0,0,0,0,5.3579,39.69,5000.0,allowed
89,0.194637,57.925,15.458,0.78935,0.1117,0,0,0,0,0,0,9.4717,34.212,55000.0,allowed
90,0.197013,189.832,57.444,0.76769,0.06233,0,0,0,0,0,0,5.8482,30.645,10120.0,allowed
91,0.201412,151.527,44.842,0.77164,0.0567,0,0,0,0,0,0,6.8898,23.695,5000.0,allowed
92,0.198219,212.197,90.977,0.69992,0.0567,0,0,0,0,0,0,2.7712,26.518,5000.0,allowed
93,0.195848,193.194,59.861,0.76345,0.0576,0,0,0,0,0,0,4.0734,31.358,5814.3,allowed
94,0.204318,163.321,93.148,0.63681,0.08896,0,0,0,0,0,0,3.9995,21.391,34329.3,allowed
95,0.197587,54.166,29.64,0.64632,0.11,0,0,0,0,0,0,8.6394,29.188,53456.1,allowed
96,0.206762,198.191,74.711,0.72623,0.0567,0,0,0,0,0,0,3.3331,15.957,5000.0,allowed
97,0.20633,173.786,60.739,0.74101,0.0567,0,0,0,0,0,0,7.1207,16.468,5000.0,allowed
98,0.199955,200.61,106.583,0.65304,0.06319,0,0,0,0,0,0,4.5472,27.283,10896.1,allowed
99,0.199419,192.658,56.386,0.77359,0.0567,0,0,0,0,0,0,5.711,27.719,5000.0,allowed
100,0.200845,70.659,33.875,0.67594,0.10804,0,0,0,0,0,0,6.6852,20.258,51676.8,allowed
101,0.200457,136.53,60.389,0.69333,0.09935,0,0,0,0,0,0,6.8555,22.272,43772.7,allowed
102,0.205866,150.279,45.295,0.7684,0.06039,0,0,0,0,0,0,6.9048,13.891,8356.5,allowed
103,0.20051,138.824,65.103,0.68075,0.09279,0,0,0,0,0,0,6.7857,22.855,37807.1,allowed
104,0.195117,36.744,13.644,0.72922,0.1112,0,0,0,0,0,0,10.1635,31.288,54549.6,allowed
105,0.193445,191.781,90.397,0.67964,0.08675,0,0,0,0,0,0,5.1165,34.091,32319.4,allowed
106,0.198395,126.528,61.081,0.67442,0.08875,0,0,0,0,0,0,5.8439,26.052,34135.4,allowed
107,0.193822,94.872,50.056,0.65461,0.10013,0,0,0,0,0,0,8.5997,34.022,44484.5,allowed
108,0.189582,178.866,57.334,0.75726,0.0567,0,0,0,0,0,0,4.6361,40.228,5000.0,allowed
109,0.201979,161.935,52.938,0.75363,0.07059,0,0,0,0,0,0,6.5673,21.746,17630.8,allowed
110,0.194751,170.283,81.67,0.67585,0.05904,0,0,0,0,0,0,5.7634,30.551,7128.9,allowed
111,0.196068,126.556,62.409,0.66973,0.10155,0,0,0,0,0,0,7.0911,31.094,45776.8,allowed
112,0.201252,47.575,12.678,0.78959,0.10885,0,0,0,0,0,0,8.5147,20.941,52411.6,allowed
113,0.203457,119.321,31.634,0.79044,0.08749,0,0,0,0,0,0,6.8786,22.15,32989.8,allowed
114,0.198154,143.999,76.42,0.6533,0.07095,0,0,0,0,0,0,1.5,27.229,17956.3,allowed
115,0.200955,127.963,70.226,0.64566,0.06107,0,0,0,0,0,0,5.6021,19.418,8975.2,allowed
116,0.196296,172.373,44.05,0.79646,0.0567,0,0,0,0,0,0,6.5133,31.768,5000.0,allowed
117,0.199617,124.801,36.889,0.77185,0.10275,0,0,0,0,0,0,7.581,29.008,46860.4,allowed
118,0.197791,158.37,84.312,0.65258,0.09382,0,0,0,0,0,0,4.1062,27.695,38744.7,allowed
119,0.193876,193.996,55.53,0.77746,0.0567,0,0,0,0,0,0,4.2791,35.626,5000.0,allowed
120,0.200349,66.675,20.757,0.76259,0.11155,0,0,0,0,0,0,9.1841,22.691,54861.3,allowed
121,0.202553,216.338,125.921,0.63209,0.06976,0,0,0,0,0,0,5.3782,21.421,16871.3,allowed
122,0.199187,149.519,59.332,0.71591,0.07575,0,0,0,0,0,0,6.6455,27.557,22322.4,allowed
123,0.204156,162.11,94.716,0.63121,0.0567,0,0,0,0,0,0,3.7538,16.933,5000.0,allowed
124,0.201533,136.941,39.259,0.77719,0.09862,0,0,0,0,0,0,7.342,25.922,43110.8,allowed
125,0.195697,128.139,42.582,0.75057,0.07179,0,0,0,0,0,0,7.4844,30.059,18722.7,allowed
126,0.193119,182.082,106.248,0.63151,0.0567,0,0,0,0,0,0,3.1378,35.166,5000.0,allowed
127,0.209546,195.835,54.275,0.78299,0.07096,0,0,0,0,0,0,5.7335,13.391,17960.8,allowed
128,0.196373,103.454,33.39,0.756,0.10522,0,0,0,0,0,0,7.2545,31.065,49107.6,allowed
129,0.199809,127.006,67.741,0.65216,0.09686,0,0,0,0,0,0,5.5317,26.847,41509.5,allowed
130,0.202467,156.276,82.87,0.65347,0.06397,0,0,0,0,0,0,6.0162,23.813,11613.1,allowed
131,0.195263,101.603,28.926,0.77839,0.09834,0,0,0,0,0,0,5.5254,31.784,42858.1,allowed
132,0.198223,163.182,71.193,0.69624,0.06742,0,0,0,0,0,0,1.5,26.252,14743.7,allowed
133,0.195007,102.882,29.871,0.77499,0.10009,0,0,0,0,0,0,8.1892,32.598,44447.4,allowed
134,0.19773,189.0,82.154,0.69702,0.05739,0,0,0,0,0,0,5.3714,27.665,5626.1,allowed
135,0.204299,134.042,55.784,0.70613,0.08872,0,0,0,0,0,0,5.7623,20.461,34111.0,allowed
136,0.195752,136.564,83.551,0.62042,0.08381,0,0,0,0,0,0,1.5,27.528,29649.3,allowed
137,0.198694,104.717,39.399,0.72661,0.10525,0,0,0,0,0,0,6.958,25.885,49135.8,allowed
138,0.192262,70.289,34.376,0.67156,0.10782,0,0,0,0,0,0,6.5931,36.617,51476.1,allowed
139,0.205375,63.804,16.737,0.79219,0.10488,0,0,0,0,0,0,7.6451,19.475,48799.8,allowed
140,0.198031,124.264,42.201,0.74649,0.0585,0,0,0,0,0,0,7.5754,30.169,6636.8,allowed
141,0.202503,39.841,18.444,0.68356,0.1117,0,0,0,0,0,0,9.7867,19.53,55000.0,allowed
142,0.190888,137.816,50.182,0.73307,0.08994,0,0,0,0,0,0,5.8298,38.375,35216.7,allowed
143,0.194787,206.287,78.209,0.7251,0.07377,0,0,0,0,0,0,6.2859,34.452,20522.0,allowed
144,0.207664,132.914,75.16,0.63878,0.05814,0,0,0,0,0,0,6.7009,16.015,6310.1,allowed
145,0.194128,219.142,120.046,0.64608,0.0567,0,0,0,0,0,0,1.5,33.898,5000.0,allowed
146,0.20167,154.694,44.77,0.77555,0.06601,0,0,0,0,0,0,6.788,24.141,13460.3,allowed
147,0.19874,77.706,43.227,0.64255,0.10613,0,0,0,0,0,0,5.9498,28.013,49938.5,allowed
148,0.188576,104.275,45.74,0.6951,0.09247,0,0,0,0,0,0,8.5026,41.427,37514.3,allowed
149,0.205409,163.31,45.106,0.78358,0.09495,0,0,0,0,0,0,5.1574,18.675,39774.7,allowed
150,0.200087,172.804,50.047,0.77542,0.0567,0,0,0,0,0,0,1.5,24.606,5000.0,allowed
151,0.206274,224.973,93.867,0.7056,0.0567,0,0,0,0,0,0,5.7951,19.801,5000.0,allowed
152,0.202075,142.382,42.462,0.77028,0.08525,0,0,0,0,0,0,7.1702,21.595,30951.3,allowed
153,0.194474,234.318,114.557,0.67164,0.05824,0,0,0,0,0,0,3.6631,33.602,6401.4,allowed
154,0.194612,195.495,49.536,0.79784,0.07605,0,0,0,0,0,0,4.1983,33.417,22586.5,allowed
155,0.192742,179.81,54.177,0.76846,0.0567,0,0,0,0,0,0,4.3732,34.36,5000.0,allowed
156,0.202972,124.781,54.05,0.69776,0.09183,0,0,0,0,0,0,3.6364,19.755,36935.5,allowed
157,0.193617,224.318,64.931,0.77552,0.07147,0,0,0,0,0,0,2.9791,33.598,18430.9,allowed
158,0.211665,147.773,41.366,0.7813,0.07103,0,0,0,0,0,0,5.6937,10.136,18023.2,allowed
159,0.190427,171.801,48.802,0.77878,0.0907,0,0,0,0,0,0,4.8437,39.816,35913.6,allowed
160,0.197282,104.448,35.117,0.74838,0.08932,0,0,0,0,0,0,5.266,30.62,34654.4,allowed
161,0.203603,146.312,81.653,0.64182,0.09325,0,0,0,0,0,0,4.6015,22.442,38231.7,allowed
162,0.197015,46.817,26.195,0.64122,0.10851,0,0,0,0,0,0,9.4791,30.43,52100.3,allowed
163,0.192019,174.511,50.945,0.77404,0.09055,0,0,0,0,0,0,1.5469,35.256,35769.8,allowed
164,0.211389,55.313,23.281,0.70378,0.1117,0,0,0,0,0,0,7.6963,10.483,55000.0,allowed
165,0.203216,71.697,23.595,0.75239,0.10679,0,0,0,0,0,0,8.3635,21.93,50539.2,allowed
166,0.19317,121.568,39.242,0.75597,0.05703,0,0,0,0,0,0,6.5346,37.163,5297.1,allowed
167,0.195486,61.538,16.834,0.7852,0.1117,0,0,0,0,0,0,9.6903,31.04,55000.0,allowed
168,0.202102,79.772,24.107,0.76793,0.10085,0,0,0,0,0,0,8.8341,22.388,45133.4,allowed
169,0.20179,221.125,84.548,0.7234,0.0567,0,0,0,0,0,0,4.7063,25.279,5000.0,allowed
170,0.208461,217.252,95.034,0.69568,0.07792,0,0,0,0,0,0,4.469,10.662,24293.9,allowed
171,0.206961,226.22,103.04,0.68706,0.0567,0,0,0,0,0,0,5.4723,14.543,5000.0,allowed
172,0.207736,58.257,34.273,0.6296,0.10542,0,0,0,0,0,0,7.1422,14.542,49290.0,allowed
173,0.198117,178.417,55.806,0.76174,0.05751,0,0,0,0,0,0,1.0563,29.316,5739.3,allowed
174,0.193313,103.188,34.574,0.74903,0.10258,0,0,0,0,0,0,8.7008,34.943,46706.3,allowed
175,0.196948,177.106,69.413,0.71843,0.0567,0,0,0,0,0,0,6.8803,33.048,5000.0,allowed
176,0.202664,93.44,45.601,0.67203,0.09244,0,0,0,0,0,0,7.1233,20.471,37495.3,allowed
177,0.200107,158.942,59.763,0.72674,0.0567,0,0,0,0,0,0,4.9212,26.825,5000.0,allowed
178,0.190428,167.185,93.045,0.64245,0.05767,0,0,0,0,0,0,4.0123,33.148,5878.9,allowed
179,0.202145,207.336,86.308,0.70608,0.06236,0,0,0,0,0,0,2.9077,22.375,10143.8,allowed
180,0.207742,81.039,36.998,0.68655,0.10938,0,0,0,0,0,0,7.6827,14.582,52886.5,allowed
181,0.195433,183.328,93.004,0.66343,0.0567,0,0,0,0,0,0,3.4284,31.878,5000.0,allowed
182,0.190124,47.331,18.308,0.72108,0.1117,0,0,0,0,0,0,9.6221,37.284,55000.0,allowed
183,0.195336,56.844,17.297,0.7667,0.11044,0,0,0,0,0,0,9.4743,33.878,53857.6,allowed
184,0.206168,78.4,43.276,0.64433,0.10382,0,0,0,0,0,0,8.9963,14.952,47840.3,allowed
185,0.195,164.66,92.517,0.64026,0.0567,0,0,0,0,0,0,5.5551,30.498,5000.0,allowed
186,0.194161,159.434,59.491,0.72826,0.08446,0,0,0,0,0,0,6.3747,35.072,30240.1,allowed
187,0.193233,167.011,72.443,0.69747,0.06502,0,0,0,0,0,0,4.3268,35.304,12566.2,allowed
188,0.208208,215.971,76.832,0.7376,0.0741,0,0,0,0,0,0,4.9157,13.379,20815.3,allowed
189,0.200391,123.979,35.607,0.77688,0.06753,0,0,0,0,0,0,6.5952,23.38,14842.7,allowed
190,0.198138,240.817,97.727,0.71133,0.0567,0,0,0,0,0,0,3.9255,28.254,5000.0,allowed
191,0.203376,66.935,21.098,0.76034,0.10929,0,0,0,0,0,0,9.524,21.165,52812.4,allowed
192,0.191971,144.225,37.151,0.79517,0.08233,0,0,0,0,0,0,7.1821,35.836,28301.7,allowed
193,0.195828,63.312,29.08,0.68525,0.1117,0,0,0,0,0,0,9.4661,31.639,55000.0,allowed
194,0.21031,164.443,42.893,0.79312,0.09117,0,0,0,0,0,0,6.7037,11.935,36335.6,allowed
195,0.203063,116.513,40.861,0.74036,0.10343,0,0,0,0,0,0,4.6569,18.111,47477.3,allowed
196,0.202216,156.305,92.066,0.62932,0.0567,0,0,0,0,0,0,6.8927,22.353,5000.0,allowed
197,0.209753,187.797,54.21,0.776,0.06976,0,0,0,0,0,0,6.9847,9.714,16874.0,allowed
198,0.19592,158.847,62.358,0.7181,0.09195,0,0,0,0,0,0,4.8824,32.317,37047.7,allowed
199,0.199417,132.018,36.704,0.78246,0.05957,0,0,0,0,0,0,7.4468,22.939,7612.2,allowed
200,0.193569,117.59,51.078,0.69717,0.09178,0,0,0,0,0,0,7.5563,34.826,36888.1,allowed
201,0.207734,138.406,84.074,0.6221,0.06654,0,0,0,0,0,0,1.5,14.755,13947.9,allowed
202,0.207074,202.174,56.411,0.78185,0.0567,0,0,0,0,0,0,5.5699,15.715,5000.0,allowed
203,0.20313,112.006,31.588,0.78002,0.08427,0,0,0,0,0,0,6.9553,18.893,30062.2,allowed
204,0.203777,227.583,83.036,0.73268,0.07331,0,0,0,0,0,0,4.6239,23.321,20095.9,allowed
205,0.204263,143.924,54.919,0.72381,0.06641,0,0,0,0,0,0,6.8795,19.683,13829.5,allowed
206,0.199687,55.994,23.427,0.70503,0.1117,0,0,0,0,0,0,9.6735,27.094,55000.0,allowed
207,0.188791,73.046,39.83,0.64713,0.10854,0,0,0,0,0,0,9.1166,40.989,52123.3,allowed
208,0.19756,152.464,87.058,0.63653,0.06763,0,0,0,0,0,0,6.0571,26.8,14939.4,allowed
209,0.207037,183.853,52.896,0.77657,0.0567,0,0,0,0,0,0,4.2788,17.878,5000.0,allowed
210,0.201869,183.307,49.821,0.78629,0.0734,0,0,0,0,0,0,7.1474,24.925,20184.6,allowed
211,0.196094,127.353,59.643,0.68105,0.06769,0,0,0,0,0,0,2.9974,31.609,14992.0,allowed
212,0.213777,135.173,69.552,0.66027,0.08301,0,0,0,0,0,0,6.7468,8.376,28919.4,allowed
213,0.202919,80.899,25.503,0.76031,0.10497,0,0,0,0,0,0,7.9749,23.018,48879.5,allowed
214,0.188835,174.721,88.362,0.66413,0.06747,0,0,0,0,0,0,5.5848,41.189,14789.0,allowed
215,0.210466,237.449,89.117,0.72711,0.06372,0,0,0,0,0,0,2.0237,11.641,11382.2,allowed
216,0.201976,55.745,17.158,0.76465,0.10485,0,0,0,0,0,0,9.491,22.261,48768.8,allowed
217,0.187937,146.34,80.945,0.64386,0.07316,0,0,0,0,0,0,6.2859,40.541,19967.3,allowed
218,0.213681,58.509,34.868,0.62659,0.1117,0,0,0,0,0,0,7.0925,7.559,55000.0,allowed
219,0.194329,173.49,50.092,0.77596,0.06586,0,0,0,0,0,0,1.5,33.672,13324.0,allowed
220,0.195487,215.719,65.321,0.76757,0.0567,0,0,0,0,0,0,5.1451,32.647,5000.0,allowed
221,0.203535,97.185,47.022,0.67393,0.10542,0,0,0,0,0,0,7.9786,20.05,49294.4,allowed
222,0.198859,82.084,29.63,0.73477,0.10906,0,0,0,0,0,0,8.6532,26.176,52604.2,allowed
223,0.204588,43.439,15.37,0.73864,0.1117,0,0,0,0,0,0,9.7713,22.052,55000.0,allowed
224,0.202417,77.42,46.685,0.62383,0.10015,0,0,0,0,0,0,8.9578,19.575,44495.6,allowed
225,0.192545,158.687,62.986,0.71586,0.07216,0,0,0,0,0,0,1.5,37.376,19056.2,allowed
226,0.195366,90.091,44.488,0.66943,0.10317,0,0,0,0,0,0,7.2933,32.888,47243.8,allowed
227,0.204055,85.352,30.526,0.73657,0.09656,0,0,0,0,0,0,6.103,20.617,41238.9,allowed
228,0.195779,191.234,79.352,0.70674,0.0567,0,0,0,0,0,0,3.4699,32.676,5000.0,allowed
229,0.203783,187.037,80.894,0.69808,0.06211,0,0,0,0,0,0,3.4755,19.61,9920.9,allowed
230,0.196435,127.76,57.294,0.69039,0.05885,0,0,0,0,0,0,7.1503,32.012,6952.8,allowed
231,0.20049,114.645,67.133,0.63069,0.09339,0,0,0,0,0,0,5.9092,26.722,38355.5,allowed
232,0.200935,137.942,56.232,0.7104,0.06271,0,0,0,0,0,0,5.6799,25.537,10464.5,allowed
233,0.198639,155.916,48.561,0.76251,0.0871,0,0,0,0,0,0,5.2884,24.215,32637.4,allowed
234,0.195115,218.683,129.92,0.62731,0.0567,0,0,0,0,0,0,1.21,30.167,5000.0,allowed
235,0.199339,151.64,53.412,0.73952,0.06242,0,0,0,0,0,0,2.318,25.406,10197.6,allowed
236,0.191012,139.404,43.854,0.7607,0.08728,0,0,0,0,0,0,7.2416,37.399,32798.2,allowed
237,0.198841,151.068,75.146,0.66781,0.05928,0,0,0,0,0,0,1.5,28.751,7349.6,allowed
238,0.187101,106.264,42.841,0.71268,0.09333,0,0,0,0,0,0,7.84,42.992,38301.8,allowed
239,0.191845,239.128,97.149,0.7111,0.06352,0,0,0,0,0,0,1.6005,38.949,11201.8,allowed
240,0.208814,193.094,74.205,0.72239,0.07508,0,0,0,0,0,0,3.5002,12.936,21709.1,allowed
241,0.192876,96.009,26.563,0.78329,0.10051,0,0,0,0,0,0,8.9741,35.867,44829.7,allowed
242,0.199105,219.787,55.505,0.79838,0.07924,0,0,0,0,0,0,6.4263,27.297,25490.3,allowed
243,0.196941,136.558,60.639,0.69249,0.0852,0,0,0,0,0,0,7.7303,28.244,30905.2,allowed
244,0.204533,241.792,91.75,0.72492,0.0567,0,0,0,0,0,0,1.7721,17.487,5000.0,allowed
245,0.196074,154.675,53.474,0.7431,0.08246,0,0,0,0,0,0,5.2328,32.145,28420.1,allowed
246,0.205014,146.2,62.989,0.69889,0.09794,0,0,0,0,0,0,5.1624,16.626,42487.3,allowed
247,0.199244,143.362,40.69,0.77892,0.07423,0,0,0,0,0,0,5.8725,23.624,20935.6,allowed
248,0.196435,167.657,48.19,0.77674,0.08057,0,0,0,0,0,0,7.4193,30.248,26700.5,allowed
249,0.194551,131.62,64.394,0.67148,0.05781,0,0,0,0,0,0,7.7154,35.922,6006.0,allowed
250,0.205564,185.751,50.233,0.78713,0.08829,0,0,0,0,0,0,4.4793,18.805,33722.2,allowed
251,0.201565,202.415,106.571,0.65509,0.06609,0,0,0,0,0,0,5.825,23.729,13538.8,allowed
252,0.207128,223.27,73.612,0.75205,0.07427,0,0,0,0,0,0,6.0374,14.291,20971.4,allowed
253,0.195313,218.315,121.462,0.64252,0.0567,0,0,0,0,0,0,1.5,32.149,5000.0,allowed
254,0.195761,125.818,49.555,0.71743,0.06074,0,0,0,0,0,0,6.1611,30.095,8675.4,allowed
255,0.200935,105.204,55.098,0.65629,0.08295,0,0,0,0,0,0,6.6076,25.488,28867.5,allowed
256,0.204466,167.384,42.652,0.79693,0.06853,0,0,0,0,0,0,2.4222,20.366,15750.4,allowed
257,0.205923,247.321,69.758,0.78,0.05977,0,0,0,0,0,0,2.4683,14.333,7791.8,allowed
258,0.201581,202.547,55.831,0.78392,0.0567,0,0,0,0,0,0,6.6937,21.639,5000.0,allowed
259,0.197434,141.383,83.221,0.62948,0.0977,0,0,0,0,0,0,4.8195,27.621,42272.7,allowed
260,0.206072,88.316,28.129,0.75844,0.10627,0,0,0,0,0,0,6.1358,14.006,50066.6,allowed
261,0.19988,133.213,54.465,0.7098,0.08221,0,0,0,0,0,0,7.8632,24.683,28190.5,allowed
262,0.204938,105.905,27.703,0.79266,0.09631,0,0,0,0,0,0,8.7972,19.372,41005.7,allowed
263,0.210895,70.491,32.062,0.68736,0.10275,0,0,0,0,0,0,8.8825,10.346,46865.5,allowed
264,0.193946,120.578,60.143,0.66721,0.10121,0,0,0,0,0,0,5.9042,35.125,45466.3,allowed
265,0.201407,108.782,44.351,0.71038,0.08132,0,0,0,0,0,0,8.4413,22.416,27384.1,allowed
266,0.198716,62.209,28.437,0.68629,0.1117,0,0,0,0,0,0,9.103,31.15,55000.0,allowed
267,0.202763,146.731,67.002,0.68652,0.0782,0,0,0,0,0,0,6.5779,23.524,24543.4,allowed
268,0.195482,177.241,72.106,0.71082,0.0567,0,0,0,0,0,0,6.8187,31.37,5000.0,allowed
269,0.192622,137.018,65.509,0.67654,0.05703,0,0,0,0,0,0,5.5131,36.148,5298.2,allowed
270,0.197531,66.036,40.001,0.62276,0.1117,0,0,0,0,0,0,6.6408,29.933,55000.0,allowed
271,0.196523,113.566,52.287,0.68474,0.10091,0,0,0,0,0,0,6.4352,28.561,45193.5,allowed
272,0.202233,81.834,32.111,0.71819,0.09704,0,0,0,0,0,0,8.6199,22.648,41676.7,allowed
273,0.199252,149.244,39.15,0.79219,0.09648,0,0,0,0,0,0,7.8445,25.658,41162.6,allowed
274,0.204117,68.791,27.836,0.71192,0.10541,0,0,0,0,0,0,8.3107,21.068,49280.1,allowed
275,0.206268,48.418,21.291,0.69457,0.1117,0,0,0,0,0,0,9.5558,17.85,55000.0,allowed
276,0.206123,182.187,72.256,0.71602,0.06136,0,0,0,0,0,0,3.8233,15.11,9236.7,allowed
277,0.193301,73.059,44.14,0.62338,0.10633,0,0,0,0,0,0,6.0846,35.172,50116.0,allowed
278,0.213041,115.344,63.064,0.64652,0.0765,0,0,0,0,0,0,7.2689,9.24,22999.9,allowed
279,0.20166,146.384,83.177,0.63767,0.05951,0,0,0,0,0,0,6.1823,24.544,7553.2,allowed
280,0.199996,112.287,64.534,0.63503,0.09525,0,0,0,0,0,0,7.3425,22.698,40048.2,allowed
281,0.200134,143.755,78.441,0.64697,0.0567,0,0,0,0,0,0,1.5,25.346,5000.0,allowed
282,0.206416,224.318,107.854,0.67531,0.0669,0,0,0,0,0,0,1.7496,14.841,14276.0,allowed
283,0.209786,208.554,82.856,0.71567,0.0567,0,0,0,0,0,0,3.0306,11.608,5000.0,allowed
284,0.194738,160.79,67.837,0.70328,0.07053,0,0,0,0,0,0,1.5,32.862,17572.1,allowed
285,0.204294,195.904,64.809,0.75142,0.06069,0,0,0,0,0,0,3.7382,21.789,8630.1,allowed
286,0.195935,52.051,14.171,0.78601,0.1117,0,0,0,0,0,0,9.8933,33.217,55000.0,allowed
287,0.200445,164.171,47.572,0.77533,0.08467,0,0,0,0,0,0,5.0678,28.03,30430.5,allowed
288,0.201044,236.647,117.7,0.66784,0.0567,0,0,0,0,0,0,1.0843,23.805,5000.0,allowed
289,0.202845,222.894,133.528,0.62537,0.0567,0,0,0,0,0,0,1.0629,21.308,5000.0,allowed
290,0.196473,153.526,60.342,0.71785,0.08812,0,0,0,0,0,0,5.17,31.453,33567.6,allowed
291,0.196658,170.661,51.972,0.76656,0.0567,0,0,0,0,0,0,1.5,29.765,5000.0,allowed
292,0.196589,207.446,57.967,0.7816,0.0567,0,0,0,0,0,0,6.5833,27.528,5000.0,allowed
293,0.204648,217.495,62.531,0.7767,0.07139,0,0,0,0,0,0,3.0483,20.127,18350.8,allowed
294,0.205841,146.635,63.163,0.69893,0.09335,0,0,0,0,0,0,2.1601,16.866,38315.5,allowed
295,0.191747,161.222,55.714,0.74318,0.0567,0,0,0,0,0,0,4.9046,35.786,5000.0,allowed
296,0.20739,316.433,300.137,0.51322,0.06439,1,0,0,0,0,1,-0.3981,16.451,11991.7,current_limit
297,0.200174,316.682,298.309,0.51494,0.06403,1,0,0,0,0,1,-0.5149,25.696,11665.0,current_limit
298,0.206814,317.138,325.875,0.49321,0.06327,1,0,0,0,0,1,-0.5163,18.274,10969.7,current_limit
299,0.199065,316.789,293.5,0.51908,0.06387,1,0,0,0,0,1,-0.3889,25.547,11514.9,current_limit
300,0.204638,315.958,313.813,0.5017,0.065,1,0,0,0,0,1,-0.4313,18.807,12546.5,current_limit
301,0.199049,317.511,289.726,0.52288,0.06245,1,0,0,0,0,1,-0.3208,25.717,10226.6,current_limit
302,0.200773,315.757,311.965,0.50302,0.06524,1,0,0,0,0,1,-0.3353,25.15,12760.3,current_limit
303,0.206217,317.591,323.694,0.49524,0.06223,1,0,0,0,0,1,-0.4663,15.473,10028.5,current_limit
304,0.206311,316.014,315.67,0.50027,0.06493,1,0,0,0,0,1,-0.4769,14.837,12484.4,current_limit
305,0.205139,315.9,296.815,0.51557,0.06507,1,0,0,0,0,1,-0.3977,19.499,12608.8,current_limit
306,0.203541,317.579,291.752,0.52119,0.06227,1,0,0,0,0,1,-0.4617,23.255,10059.5,current_limit
307,0.206076,316.754,296.153,0.51681,0.06392,1,0,0,0,0,1,-0.2553,17.028,11564.6,current_limit
308,0.198647,317.555,319.78,0.49825,0.06233,1,0,0,0,0,1,-0.4122,27.029,10120.4,current_limit
309,0.202143,317.382,288.852,0.52353,0.06276,1,0,0,0,0,1,-0.3105,24.083,10510.3,current_limit
310,0.198697,315.998,318.561,0.49798,0.06495,1,0,0,0,0,1,-0.4997,28.611,12502.1,current_limit
311,0.193999,317.158,300.942,0.51312,0.06323,1,0,0,0,0,1,-0.5268,32.925,10933.6,current_limit
312,0.209076,316.958,284.665,0.52684,0.06359,1,0,0,0,0,1,-0.3256,10.099,11262.4,current_limit
313,0.200854,315.77,311.135,0.5037,0.06522,1,0,0,0,0,1,-0.3815,25.402,12746.8,current_limit
314,0.204506,316.983,283.968,0.52747,0.06355,1,0,0,0,0,1,-0.2583,18.214,11224.1,current_limit
315,0.197927,316.755,312.841,0.50311,0.06392,1,0,0,0,0,1,-0.4844,25.587,11564.0,current_limit
316,0.197237,317.104,281.43,0.5298,0.06333,1,0,0,0,0,1,-0.2884,29.562,11027.0,current_limit
317,0.205809,317.205,309.845,0.50587,0.06314,1,0,0,0,0,1,-0.4074,19.07,10850.9,current_limit
318,0.202532,315.835,310.672,0.50412,0.06515,1,0,0,0,0,1,-0.4405,19.937,12678.0,current_limit
319,0.200025,317.432,315.363,0.50163,0.06265,1,0,0,0,0,1,-0.5007,24.63,10406.2,current_limit
320,0.193007,315.988,300.708,0.51239,0.06496,1,0,0,0,0,1,-0.4563,31.397,12513.3,current_limit
321,0.222168,164.451,75.782,0.68455,0.0567,0,1,0,0,0,1,1.2755,-5.001,5000.0,thermal_limit
322,0.223693,108.759,36.428,0.7491,0.10004,0,1,0,0,0,1,7.9343,-7.618,44404.3,thermal_limit
323,0.220234,119.123,54.612,0.68566,0.09673,0,1,0,0,0,1,6.2076,-7.796,41392.2,thermal_limit
324,0.220361,72.419,25.44,0.74004,0.09981,0,1,0,0,0,1,8.2447,-5.49,44190.7,thermal_limit
325,0.224506,61.284,29.777,0.673,0.11119,0,1,0,0,0,1,9.4828,-7.937,54533.4,thermal_limit
326,0.222225,180.325,46.545,0.79484,0.0567,0,1,0,0,0,1,1.5,-4.815,5000.0,thermal_limit
327,0.220234,174.177,46.565,0.78905,0.07282,0,1,0,0,0,1,1.5,-4.981,19656.7,thermal_limit
328,0.219892,205.407,118.187,0.63477,0.07506,0,1,0,0,0,1,5.5895,-6.07,21694.2,thermal_limit
329,0.219066,223.873,96.691,0.69837,0.07874,0,1,0,0,0,1,4.4266,-4.315,25037.0,thermal_limit
330,0.224818,197.534,60.809,0.76462,0.07345,0,1,0,0,0,1,3.9635,-7.8,20229.5,thermal_limit
331,0.223261,141.132,79.923,0.63845,0.07604,0,1,0,0,0,1,1.5,-7.301,22582.9,thermal_limit
332,0.221406,192.704,89.563,0.6827,0.0567,0,1,0,0,0,1,5.1648,-3.716,5000.0,thermal_limit
333,0.2202,125.318,62.397,0.6676,0.08999,0,1,0,0,0,1,3.1808,-3.296,35268.1,thermal_limit
334,0.220831,111.173,50.475,0.68775,0.09949,0,1,0,0,0,1,7.6248,-3.92,43902.8,thermal_limit
335,0.223321,141.237,80.407,0.63722,0.07179,0,1,0,0,0,1,1.5,-5.469,18721.1,thermal_limit
336,0.220623,241.795,104.331,0.69858,0.0624,0,1,0,0,0,1,1.2,-5.996,10182.0,thermal_limit
337,0.221838,181.342,103.924,0.63569,0.07373,0,1,0,0,0,1,5.0919,-6.409,20481.9,thermal_limit
338,0.224969,156.846,68.585,0.69576,0.07367,0,1,0,0,0,1,4.787,-7.489,20426.2,thermal_limit
339,0.219236,149.142,64.713,0.6974,0.08709,0,1,0,0,0,1,2.0412,-4.957,32625.9,thermal_limit
340,0.221042,184.615,62.723,0.74641,0.0567,0,1,0,0,0,1,6.8624,-3.804,5000.0,thermal_limit
341,0.223992,198.334,117.273,0.62842,0.0567,0,1,0,0,0,1,4.4362,-6.733,5000.0,thermal_limit
342,0.221412,212.972,72.437,0.7462,0.07056,0,1,0,0,0,1,5.0853,-7.787,17596.7,thermal_limit
343,0.222537,106.911,31.45,0.77269,0.08564,0,1,0,0,0,1,8.1197,-5.876,31308.2,thermal_limit
344,0.220824,40.239,14.402,0.73643,0.1117,0,1,0,0,0,1,9.858,-4.683,55000.0,thermal_limit
345,0.221013,197.64,105.778,0.65138,0.05836,0,1,0,0,0,1,2.5914,-3.707,6508.4,thermal_limit
346,0.207814,163.597,79.888,0.6719,0.04985,0,0,1,0,0,1,7.2311,15.917,-1230.1,speed_limit
347,0.196532,134.212,72.073,0.65062,0.05035,0,0,1,0,0,1,7.749,29.7,-776.2,speed_limit
348,0.19512,129.994,64.209,0.66937,0.04913,0,0,1,0,0,1,7.6907,32.883,-1878.7,speed_limit
349,0.200968,152.542,59.087,0.7208,0.04943,0,0,1,0,0,1,7.7161,23.407,-1609.9,speed_limit
350,0.196265,133.738,55.898,0.70523,0.05019,0,0,1,0,0,1,7.8678,32.339,-919.7,speed_limit
351,0.200247,133.695,53.078,0.71582,0.05001,0,0,1,0,0,1,7.9757,26.655,-1084.4,speed_limit
352,0.206407,147.096,53.698,0.73257,0.04983,0,0,1,0,0,1,7.9061,17.55,-1244.4,speed_limit
353,0.191462,144.376,72.708,0.66507,0.04946,0,0,1,0,0,1,7.2743,36.221,-1578.5,speed_limit
354,0.193765,154.771,52.106,0.74813,0.04928,0,0,1,0,0,1,7.7788,37.097,-1740.9,speed_limit
355,0.205043,139.057,44.911,0.75588,0.04958,0,0,1,0,0,1,8.0222,21.712,-1470.3,speed_limit
356,0.202639,125.113,39.726,0.759,0.04902,0,0,1,0,0,1,8.4435,26.291,-1982.7,speed_limit
357,0.204287,158.106,79.184,0.6663,0.04981,0,0,1,0,0,1,7.1572,22.462,-1264.3,speed_limit
358,0.202206,144.861,66.983,0.68381,0.04919,0,0,1,0,0,1,7.4765,22.344,-1830.5,speed_limit
359,0.196507,143.666,70.71,0.67016,0.04989,0,0,1,0,0,1,7.5405,28.411,-1187.7,speed_limit
360,0.200068,160.267,54.492,0.74627,0.0495,0,0,1,0,0,1,7.3067,24.947,-1549.6,speed_limit
361,0.197688,154.944,61.907,0.71452,0.04911,0,0,1,0,0,1,7.2693,29.615,-1903.4,speed_limit
362,0.19069,157.953,72.637,0.685,0.05016,0,0,1,0,0,1,7.3031,35.685,-941.6,speed_limit
363,0.203461,148.305,52.377,0.739,0.04942,0,0,1,0,0,1,7.6226,20.572,-1620.7,speed_limit
364,0.204138,138.374,48.469,0.74059,0.04973,0,0,1,0,0,1,7.8584,20.325,-1333.4,speed_limit
365,0.200979,125.652,42.045,0.74928,0.05027,0,0,1,0,0,1,8.1863,22.766,-845.4,speed_limit
366,0.200164,130.234,53.868,0.7074,0.04949,0,0,1,0,0,1,8.1123,27.946,-1551.5,speed_limit
367,0.189094,135.558,64.733,0.67681,0.04947,0,0,1,0,0,1,7.6838,38.186,-1570.6,speed_limit
368,0.198182,167.071,55.281,0.75138,0.04993,0,0,1,0,0,1,7.4851,26.066,-1154.6,speed_limit
369,0.204061,156.832,86.873,0.64353,0.05029,0,0,1,0,0,1,6.9325,19.831,-827.9,speed_limit
370,0.203238,131.055,58.623,0.69093,0.04922,0,0,1,0,0,1,7.8151,23.45,-1800.0,speed_limit
371,0.199759,87.906,163.38,0.34983,0.09563,0,0,0,1,0,1,5.7401,27.328,40390.4,low_efficiency
372,0.198497,135.991,216.888,0.38537,0.07854,0,0,0,1,0,1,3.7355,29.947,24851.6,low_efficiency
373,0.198915,68.663,114.408,0.37506,0.09338,0,0,0,1,0,1,3.5057,24.676,38348.2,low_efficiency
374,0.198318,78.056,163.622,0.32297,0.09162,0,0,0,1,0,1,5.9726,22.667,36742.1,low_efficiency
375,0.200137,84.961,149.186,0.36285,0.09468,0,0,0,1,0,1,6.1242,23.922,39529.8,low_efficiency
376,0.203408,75.455,110.988,0.40471,0.09169,0,0,0,1,0,1,7.0831,21.404,36812.6,low_efficiency
377,0.202455,99.444,155.111,0.39066,0.08498,0,0,0,1,0,1,6.7072,19.626,30711.0,low_efficiency
378,0.200841,99.734,196.058,0.33718,0.08237,0,0,0,1,0,1,2.8133,25.612,28338.8,low_efficiency
379,0.193705,74.8,157.534,0.32195,0.08964,0,0,0,1,0,1,7.1233,34.95,34948.1,low_efficiency
380,0.202239,79.765,120.49,0.39832,0.09108,0,0,0,1,0,1,2.7986,20.49,36258.0,low_efficiency
381,0.199297,86.121,125.793,0.4064,0.08939,0,0,0,1,0,1,6.6137,27.841,34722.0,low_efficiency
382,0.195999,107.025,161.62,0.39839,0.07936,0,0,0,1,0,1,6.5682,32.085,25604.2,low_efficiency
383,0.200558,103.387,148.03,0.41122,0.0756,0,0,0,1,0,1,4.096,24.353,22179.8,low_efficiency
384,0.193512,74.825,139.755,0.3487,0.08546,0,0,0,1,0,1,2.09,33.56,31145.2,low_efficiency
385,0.199336,137.217,228.145,0.37556,0.078,0,0,0,1,0,1,3.3496,25.575,24361.9,low_efficiency
386,0.203457,74.554,122.823,0.37772,0.09183,0,0,0,1,0,1,5.5679,20.904,36938.8,low_efficiency
387,0.20257,123.313,200.788,0.38048,0.08202,0,0,0,1,0,1,5.6206,18.144,28016.3,low_efficiency
388,0.19452,89.64,179.105,0.33355,0.07922,0,0,0,1,0,1,6.5196,30.716,25469.7,low_efficiency
389,0.19207,114.315,180.485,0.38777,0.07793,0,0,0,1,0,1,2.8933,38.088,24301.7,low_efficiency
390,0.197662,108.777,210.157,0.34106,0.08375,0,0,0,1,0,1,2.09,26.461,29588.6,low_efficiency
391,0.195993,120.455,233.5,0.34031,0.0907,0,0,0,1,0,1,5.1277,30.826,35908.6,low_efficiency
392,0.199468,67.94,144.055,0.32048,0.08819,0,0,0,1,0,1,2.09,27.229,33629.3,low_efficiency
393,0.198533,103.574,214.477,0.32565,0.07892,0,0,0,1,0,1,2.09,29.085,25204.1,low_efficiency
394,0.197895,77.471,111.841,0.40922,0.09219,0,0,0,1,0,1,7.8515,27.197,37268.0,low_efficiency
395,0.196589,117.957,195.298,0.37655,0.07482,0,0,0,1,0,1,2.2738,32.298,21471.4,low_efficiency
396,0.203784,247.425,118.206,0.67671,0.09558,0,0,0,0,1,1,5.3418,20.323,40344.7,torque_limit
397,0.201895,212.107,92.235,0.69694,0.10035,0,0,0,0,1,1,6.0665,22.966,44686.3,torque_limit
398,0.205425,294.021,179.182,0.62134,0.08758,0,0,0,0,1,1,2.9138,12.231,33076.1,torque_limit
399,0.19935,219.485,124.306,0.63843,0.09852,0,0,0,0,1,1,5.701,25.288,43015.3,torque_limit
400,0.200527,310.065,189.037,0.62125,0.08608,0,0,0,0,1,1,2.9413,23.815,31708.2,torque_limit
401,0.203753,245.362,126.604,0.65964,0.09525,0,0,0,0,1,1,4.6519,20.509,40048.2,torque_limit
402,0.197725,293.789,158.613,0.6494,0.08709,0,0,0,0,1,1,4.012,28.517,32625.3,torque_limit
403,0.204046,255.822,156.365,0.62065,0.09508,0,0,0,0,1,1,4.2573,18.839,39893.5,torque_limit
404,0.20878,273.175,134.191,0.67059,0.09247,0,0,0,0,1,1,4.2696,13.524,37514.2,torque_limit
405,0.205847,246.581,148.013,0.6249,0.09571,0,0,0,0,1,1,4.7969,16.295,40460.6,torque_limit
406,0.204569,226.116,112.222,0.66831,0.09891,0,0,0,0,1,1,5.5791,17.282,43374.4,torque_limit
407,0.199475,248.898,93.4,0.72714,0.09487,0,0,0,0,1,1,5.6094,25.277,39702.3,torque_limit
408,0.203566,274.202,135.904,0.66861,0.09089,0,0,0,0,1,1,4.0271,17.705,36077.4,torque_limit
409,0.204744,266.909,105.109,0.71746,0.09321,0,0,0,0,1,1,5.1826,19.884,38188.3,torque_limit
410,0.202453,253.405,143.43,0.63857,0.09482,0,0,0,0,1,1,4.5159,22.856,39650.0,torque_limit
411,0.205869,311.216,184.032,0.6284,0.08687,0,0,0,0,1,1,2.9475,17.609,32428.2,torque_limit
412,0.199229,301.931,162.994,0.64942,0.08721,0,0,0,0,1,1,3.514,28.349,32737.8,torque_limit
413,0.198413,222.082,118.936,0.65123,0.09852,0,0,0,0,1,1,5.2247,23.587,43020.7,torque_limit
414,0.201051,291.7,177.669,0.62147,0.08905,0,0,0,0,1,1,3.3455,27.005,34406.5,torque_limit
415,0.199906,235.949,129.34,0.64593,0.09607,0,0,0,0,1,1,5.1153,24.177,40787.3,torque_limit
416,0.205182,209.927,98.677,0.68025,0.10002,0,0,0,0,1,1,6.2111,18.841,44379.3,torque_limit
417,0.193786,233.706,92.882,0.7156,0.0963,0,0,0,0,1,1,5.6378,33.507,41001.8,torque_limit
418,0.203592,307.074,131.668,0.6999,0.08735,0,0,0,0,1,1,4.318,19.982,32859.2,torque_limit
419,0.197652,224.264,112.926,0.6651,0.09877,0,0,0,0,1,1,5.5028,29.835,43244.0,torque_limit
420,0.196813,263.629,157.215,0.62643,0.09348,0,0,0,0,1,1,4.0193,33.106,38438.6,torque_limit
